scenario_1,run_1,6.852111495078056,3.2703101366762146,0.5917088251893647,0.6751555785068484,0.0,1.6248926657341578,0.0.1,0.468179657086471,0.0.2,0.0.3,0.1982396537584932,0.0.4,0.7179662391232905,0.2389834452249872,0.9372742680559708,0.3195916958991914,0.3676028783412213,0.0.5,0.8331202663074485,0.7418803847078099,0.6931170276888463,0.9612629670964185,0.0.6,0.0.7,0.944822214544794,0.3760583353064096,0.0.8,0.0.9,0.0.10,0.1701096265920131,0.2219246466141325,0.2656664500103521,0.4438819707916387,0.0.11,0.0.12,0.634060965010512,0.2754934282198541,1.1478691221072204,1.101342147170328,0.2681971551668792,0.7392697535717815,0.5477154917822037,0.0.13,0.2705745288721138,0.0.14,0.4116925884635923,0.1850083591770611,0.4917654376325625,0.7935286429844713,0.1792059907556116
scenario_1,run_2,7.094576504159629,6.346365401661821,6.160767607492547,1.6736800256402886,0.1775784188681289,0.8962462568568865,0.9928713655192428,0.4940609328838582,0.4903211206974517,0.3564779985707275,0.0,0.1584739565697501,0.1859014301687736,0.8819822813242191,0.186360144438706,0.8645481641839542,0.1451911630117369,0.6594968852149433,0.344104761870368,0.4237368430022911,0.4401758732498667,0.3547900205210755,0.2964357737178759,0.3534194261151029,0.0,0.7238567610850513,0.1498142645961204,0.1808926279778622,0.896472886609309,1.0367985578996448,0.5427672472581313,1.1768464811761017,0.0,0.3401123926088631,0.1702051730491503,0.1231800336969743,0.207722005522026,0.3576770528328825,1.666597505408514,0.8688536254876487,0.0,0.7893405561139415,0.4135933816303797,1.0493876737267342,0.6541788095483793,0.1900182023773744,0.3340592776917552,0.1401424382226407,0.3534265796873787,0.8377694423916393
scenario_1,run_3,6.727037392643723,4.40580535383975,1.59722924779467,2.7797869559191253,1.720523970722638,2.5454453630466705,1.753412490063165,0.5204407613671012,1.0617661277876735,1.5688800991771,1.9278736781131909,1.1321877496991832,1.361621982324444,1.311671645323765,2.081027457938116,0.979841758821498,1.6000885479331466,1.3848628300772838,2.3347136418203744,1.8212622159856715,1.7011285063226125,1.1314583142852772,0.5582278606109279,1.41585191488975,1.4899497758210845,0.8025911515328193,1.631412570774102,1.952585327984844,1.2433273648513783,2.5185365945395497,1.2340809318089097,1.474305291008482,2.155171704330747,1.2281410968048434,1.570721455622356,1.2148088114682272,1.6300258105802683,2.3700826617766846,2.245044479020774,1.802306016405581,1.4803289634753172,1.2629956159827818,1.3916360055254835,2.085155146638402,1.8704913307111,0.568022370635932,1.459069160150852,2.462433917214607,1.6511462263332723,0.8710812024436706
scenario_1,run_4,7.402485773682192,6.186442583988744,5.301968609474071,4.308459608278552,2.327736253744196,1.900623147920656,1.7829221043193286,1.3217143067314168,1.1190357065459375,1.6117648272595289,1.413326961107487,0.4800627298263717,1.2630372093069768,1.2632537166396458,0.5173696696905437,1.9793580539531903,0.8166276445482434,1.6632726020352415,2.308742466944915,0.7903404632204614,1.0318259405144323,0.9984236963345352,1.48653451339691,1.001507813652586,1.7208443727880671,1.502747659791189,1.0689499136054397,0.8549375049937235,1.5777428191995924,1.0388927969513682,0.856922450892436,1.2088305556348449,0.9649287730605492,0.6397297446679195,1.5392338561427672,2.202503019916805,0.6966518782989997,2.317866489689313,1.9684590316655417,1.320224365882394,0.7636326511019724,2.154765998388896,1.0879862469605042,1.9266759326395808,1.2379847812421396,1.4657876133760568,1.7686792009655523,1.433499439979095,1.785274138174049,0.6233805193529596
scenario_1,run_5,6.522658344698074,6.257051788653995,3.0316749833593897,0.2107422703971778,0.774128259736397,1.1518525339483616,1.2707610953593904,0.2101595910854097,1.1823322123735287,0.5135277030833392,1.1596621367764637,0.2519209780036732,0.3778223802661634,0.5976883800857176,0.5155056430624152,1.077165908371587,0.7571644403586504,0.543609164182913,1.5596566864122257,0.6963636901302076,0.8576477705340044,0.7430585330528746,0.5129406712566885,1.115442198814354,0.917529558163576,1.016859327837841,0.5257895215905654,0.5275697981375431,0.729899459082689,0.8279724672773359,0.0,1.3208567437326184,0.3879974961033715,0.174255962156264,0.8598605519710161,0.5515291352942453,1.7308195015356265,0.3942643434770089,1.5124186249952702,0.7076263431589155,1.1749015006487815,0.0,0.1809812520752684,1.493591174686612,0.9726530933972478,0.2263432513630418,0.3914885169688826,1.257492599713645,0.762196748515164,0.3623555570537636
scenario_1,run_6,7.1943828848513816,5.125239855154319,1.0117286272272397,0.4434689675212903,0.5173371445105187,1.5949921327445302,0.3673731974041535,0.2869954284608186,2.7052108169669338,0.4580845646252315,0.0,0.5807098963995114,0.978117641852788,1.1283995511796383,0.5820042737946098,1.9265061905612584,1.1261052779947018,0.89307242935268,0.9171235379641705,0.0,1.0484909774410265,1.3055070845339096,1.1045127622700956,0.0,0.0,0.9203500691135243,0.8246192796868315,0.9394614041775212,0.5603502679496082,0.4159141277940607,0.8011208952417841,1.6157293060817133,0.7518755789505509,0.7563358637130714,0.9463992875830242,0.5833740328842782,0.3898681972811973,0.4149695694696904,0.5491941781297668,1.1744771388642916,0.97767697921794,1.1939941041383777,0.998603357227269,0.9596278512773786,1.2438563855120668,1.004177820797825,1.0055920862626626,0.1952555059120937,1.515657049310417,0.8068457473002402
scenario_1,run_7,7.13378167859199,6.021796497481134,4.118485595929869,2.596145766400077,1.661936842119513,2.943326032553003,1.54875007606495,1.8826663198873168,1.1442732556543258,1.8126726828613813,1.3731633844052853,0.8466182772838782,1.610701434159339,0.2455318608788864,1.808273310363654,1.4361323000905857,1.7960484460802344,1.5618820935179876,1.424465272219742,2.9433423488284687,1.9700218212102272,1.7556125936951532,1.051191762646375,1.576608085316982,0.0,2.0632473341697173,0.6459946749673924,1.3674769342450823,1.778583985706052,1.562404922483037,1.3484539340620436,1.4262780732617188,1.0496412715677397,1.72075946207318,1.924171011473968,1.1625310546534278,0.9599265042332816,0.2011823726209808,1.802794949984997,1.4459138615943286,1.5940728438885896,1.400257285835177,0.9553097870060586,1.1861143584968483,0.4773668673567958,0.8698217560840303,2.213427368501593,2.263675568982693,1.4966895195787355,0.9550112484437638
scenario_1,run_8,8.05491196549364,6.01344983992931,3.1497873970536547,1.1891160059312726,0.3560413079059169,0.0,0.8426245211476158,0.4517824258660831,0.1648363454582902,0.0,0.1822552038341988,0.6756612869266643,0.0,0.820022444900005,0.8704236719155365,1.328112979648766,0.60543112455346,0.3519880012569468,0.202156117026887,0.489552008264715,0.0,0.3383737089078798,0.1905285347695362,0.3511250727562175,0.0,0.0,0.1956708309673303,0.0,0.0,0.1956354800471701,0.244369882666102,0.3528399882708669,0.5137430583303078,0.0,0.1929761181484477,0.5489546716793517,1.4082939655910274,1.0126387793768046,0.5009538038919057,0.2763284369923006,0.1933138204719155,0.729495638782544,0.3379515077788978,0.2073047475880746,0.2597065220033901,0.3381843322381482,0.9016070543885708,0.0,0.8201012446842461,0.2693611422670571
scenario_1,run_9,7.360617500851748,2.666958529495381,0.0,0.0,0.2920652961636982,0.0,0.0,0.4359472076274542,0.6809059952368022,0.3197154458302312,0.5171202991138528,0.4762911045624093,0.2456568423463835,0.3797879841854319,0.1945188925884594,0.0,0.8621356486058802,0.0,0.604740543224907,0.0,0.4803804329062172,0.6094353481532947,0.3606009683526591,0.0,0.1689755306412457,0.0,0.3030934253498738,0.0,0.1785115554253991,0.0,0.4858820672452239,0.0,0.0,0.7641958458168491,0.0,0.3014924934417136,0.0,0.0,0.366874373712693,0.0,0.0,0.8906829638603229,0.243599244635089,0.0,0.0,0.3082293823445702,0.0,0.0,0.1832603055577172,0.0
scenario_1,run_10,6.768825007928372,5.792426217074159,3.031299213209828,1.6897409583206977,0.650430210165811,1.7009789973431009,0.7373344662585982,1.095157501639662,0.9034556766553984,1.0436974914378498,1.7235604963619024,1.1111452507547064,0.4332732691969204,0.6463302885148355,0.715628988919226,0.4631423192652367,0.9907667081744912,1.0826369851864188,0.932615124173293,0.6835367922853781,0.4583264944614313,0.2453613525963797,1.4184516167474055,1.2153515753532915,0.5784321831929639,0.2484694212118049,0.9226140137164563,1.1352771520511058,1.108996016853501,1.493672083450178,0.6985867051272691,1.489923032213062,0.7784680325521237,0.9653551880818322,0.8977658575929585,0.9973768373949444,2.1386333140271643,0.9972060539019204,0.5187350187589146,0.8839798134918635,0.612671893800427,1.6874736847445129,1.4136566130264143,1.528613082838015,1.4492325651932512,0.8308515130650722,0.8922091945137115,1.43694549635257,0.7161540864227456,0.8023838850427847
scenario_2,run_1,11.609614936485675,8.08699743221322,6.423356673902863,4.717047040487177,6.364942081158697,4.024896166268898,5.504174779288285,4.502916327170495,6.692510240502332,5.321986978130957,5.52072452124459,6.4953878415325,5.440617614290221,4.474091784630042,4.452998058536376,5.344665091953518,5.1751954712745,4.501009780292154,6.421150237365036,5.2348352864210295,4.469822196376324,3.1223645642533326,4.118835126227693,6.0488391241016375,5.378872169657686,2.3465738661962114,2.741630014114859,5.144860868039833,6.3393169748620855,3.9302150021193727,1.7912832633738802,1.393633153217238,1.5632429563635586,0.6445794884036118,2.124507707660839,1.3914668354417974,0.9736950259219576,1.87106200432378,2.476858810968308,1.8836551786095737,1.41467698760444,1.0769050462209433,1.5294228308618076,0.900822728453981,1.5106287058330463,0.4799338764326731,1.482239627296256,2.0751784575931467,2.176976386562363,1.1971848915319565
scenario_2,run_2,10.623111891737835,9.605974465587968,7.571078868160858,5.560777105865224,5.240686299896366,5.731048638002894,3.7061071397034433,3.973394786023232,5.728735581545829,3.534043993480078,4.305963100661986,2.795934097253374,5.460735783602243,5.976944399331837,3.687227286243811,2.6518689192611204,1.146519489700729,0.6004522099431979,3.3630350436306244,0.2411488342098572,4.835104497407206,3.469876644917155,3.817899828358763,0.7006572307480765,0.8007943728515642,5.210309556342418,0.8371186448857145,1.4484173528043185,4.500733241589044,2.249093234656109,3.7929152620638136,2.2378676810198046,4.246997739333798,3.2191105377588314,1.8758211662200373,1.9615257729935256,0.8456871641494814,3.2350979189337488,2.8763676694112523,1.2700299872812597,2.9130708857335645,1.750306460188457,3.7847915182924616,1.1669522526370613,2.85543257375891,0.2340320693775764,2.0274428084377907,1.8551789084427068,2.5956138392756705,0.777568243340869
scenario_2,run_3,10.84357201735492,7.872095250488864,7.980256892979218,4.214028561943343,4.68468821613452,5.136757343228806,6.293585231984838,5.958168050127963,2.6519748911573062,3.4519587789377004,2.9312627424467754,3.135230810461817,3.1380219378487606,2.524254076135355,3.9341521415034606,3.289709823908045,2.5429732888694567,1.7750204156880371,0.711202324108062,2.4982293929683625,2.903509470000233,0.6802062947948999,0.8423890748545008,0.3041760191066299,2.0608380417669285,3.1994581082973346,2.38581318468418,1.2855505765361284,3.198850936765008,1.0,2.002997646736315,0.98083262311194,5.313522279411774,3.0,3.0067474401008,1.6057043347704372,0.5552565596862422,0.1464942354425053,0.0,2.3744093221407736,1.7951246919572537,2.388451994887613,0.9508268944271858,2.783113843828511,3.528788639524707,2.0,2.533258045844192,1.0864786715055488,1.069223594580127,2.172326607950562
scenario_2,run_4,10.423650536443382,5.650841110316529,5.258135298315076,3.7341082257986975,5.489960442266896,6.907965513880965,3.549611045566068,3.4749158588423867,4.636775117155368,4.667001366655737,4.012630979954176,6.407502602577663,7.366364349841056,3.8265878197706913,4.935778220996186,5.4037709314223,2.6977886380013385,7.847132583986702,6.066774536248505,2.9287347743823102,5.324670063513089,4.791570184118297,4.983669451596184,4.493480291256491,3.44925501367006,5.1174101385773065,5.061340487975583,6.460956337114449,4.197177790535948,4.869451643947033,4.658013291225607,4.52457167194247,3.3395470247585366,5.580397623616399,2.453298983879119,2.4333533032918,2.891635419519485,3.643219736288192,2.417950304325858,1.3168110621757396,0.9075880550181236,2.3940326837239434,2.2383872626881782,1.9175086571706408,2.5535882032072457,1.7295347705786082,2.366450157210748,0.0,1.4828344507124114,0.1390912349272331
scenario_2,run_5,9.064378446207858,6.7952456887773565,4.02043734357595,7.11784906588407,6.355940573214116,3.9687064800717686,3.508543776691461,4.825262882439412,3.830586489066485,3.696183927775532,2.21774171382721,2.581842264800549,4.1454547717631485,3.8656316105575312,2.473852612250906,2.390253490533394,1.073978668458596,1.1425286079428696,1.9020878700873176,2.6837389016850395,3.248711065330602,5.128034399451981,0.1986336994152807,0.2000419298246411,1.7040951253759469,0.0,1.4886763090645876,0.8845582193815236,1.8884466600736944,2.935543433752196,2.464728388749457,1.3717413159030682,2.478731028001662,0.7386974692976547,1.5208843667996752,0.0,2.20000653187046,0.1987715743678587,2.845096158495022,3.1557379057282424,1.3156857122653631,0.0,1.4736793656399565,1.1983397143402328,1.1594760350399136,0.2731138755472551,0.870501328075324,1.2000007946163027,0.5640672751350492,0.3607050600706959
scenario_2,run_6,10.675397234915526,6.957556095574851,8.229704018817944,7.782930192138339,4.331294992482551,5.086297155874041,7.34223837993717,6.221282535849074,6.539854271620392,6.0211845190985285,10.45085293302137,4.434985583901553,3.372058337128654,3.0389704006698097,7.9347310680987375,5.7497988186154405,2.5380016402638947,4.987417389218033,4.33628567823853,4.782575969061417,3.22559701603646,3.4723537618083453,3.427542308996608,6.492898393521864,5.4285548763100815,6.374849345406959,3.985610520207727,5.058007128568247,6.4394605646820064,4.710577291893924,3.550188777793113,1.6034486877311362,5.060411534902441,4.050798185472097,4.272308352621676,3.144450036634814,1.8225739541628856,5.506568367437498,1.8608657564409885,1.821832853063461,2.2954983072465414,1.5816270538731536,4.459230615279088,2.560154541813352,2.788096443234087,5.291410236553129,2.851862793251355,3.933218713043476,4.244964368595164,3.033384605636273
scenario_2,run_7,8.775654212880019,5.933464021572798,4.553914806939988,7.356505594511608,5.701676162012133,4.588201370612032,5.057462248542555,5.4643324431698455,3.952711248297009,4.515374864103019,5.33719021096034,4.58913307173035,4.587593803710256,3.831228420783362,2.175028007105434,7.866194738390486,5.1524308847867895,4.206991495299436,2.541835322262467,2.511721883738097,3.5987782086921243,5.13148039344061,2.085090150010702,2.643198664175177,1.4037305241317002,2.6584781009080247,4.098300921117478,5.054773386696717,3.754846494548416,4.098308179602814,4.887672924573318,3.921865584865978,1.657849582986577,1.5736751170008998,3.34727355154894,2.755322385733673,1.2826481167688222,1.3785871347210628,0.458819349455983,0.3951125905356528,2.222597000485513,0.4929753572106371,0.0,1.1992770358187337,0.603985921287776,1.0819861007489306,3.164950196976035,2.474169359359437,3.3414707866866977,1.4664813426607888
scenario_2,run_8,10.9214802933117,8.876196988568921,8.015131718930732,5.45898355114751,4.568356405577819,4.915114853248866,4.8184071601132406,5.519736677781163,3.856924329757333,6.47762014397563,7.771962772643538,6.875090102653783,2.920739629668054,6.584599942506726,5.536851565671737,5.34996279114544,5.602222508969436,2.6324582170896496,5.945026858715002,5.075537031998747,4.554018685729146,4.994613927314631,2.6092653393166576,3.564003525722323,2.7644377085140306,4.328409144544985,2.504076444881692,4.279270946741156,3.4497916997674323,2.5732769289101136,3.5567845974422587,3.886351676575019,3.100284518152182,2.533941253090876,4.0650993903308645,2.869697807282628,2.19224801883338,2.186209976049446,3.1604256854936223,2.562241065982884,2.170836169707053,4.492557695661268,5.345250584617876,4.842299512295918,3.157434448921569,4.503964616285503,6.589275944435798,6.716094475716285,4.552014396428861,5.211681962215975
scenario_2,run_9,8.189495072468025,6.569087436838079,7.367037233003415,4.535200972044183,4.505971435819536,3.4236028710038475,5.013398305054737,4.403360753632347,4.534409850966231,6.493403565215852,4.8057353470605,3.565352864342445,7.040394903064029,4.434667316580805,2.632639681076029,2.07540401902932,2.522152538246524,4.570637560593892,2.92673100604311,3.347244871686718,4.390751226147226,4.5311885529339975,5.588260088036728,3.1920900724653523,3.901567935424368,2.0890196250320217,2.2361688654757,4.19999857099682,4.257553421081134,1.901688862907892,0.6308373426054259,1.942054378205943,1.6425451349922071,3.160188872959059,0.7748922805551199,2.157979365721018,0.9588570213375538,2.2000166585141385,0.2000022432764738,1.07014652624797,2.3999732555860023,0.6854872118199811,3.8786540079424094,2.853363229301479,2.3502741263776827,2.928644424505285,1.1496418236219503,2.0328483520004434,3.532586717406461,1.6033108081311014
scenario_2,run_10,10.93394901143058,9.322057847362748,6.654216114267652,6.725791078589566,4.650719502161618,4.741314536150283,3.0361961854790502,5.8897815656129655,3.914109866607222,4.789629900020329,2.368482767566102,5.184086504814557,2.96645903461756,0.3362264796764386,0.7830973927128844,2.9001592182468308,1.1333482791809797,4.879515590606227,1.1697752656789209,1.0715377962375914,1.884935477493115,0.8925327152166445,2.1577355910906326,1.505277331404039,0.2732243574366918,0.7323277137212877,1.868486813450128,2.2703400106917653,0.1996762596096251,2.3254824900143904,0.7846393263299265,1.1480830045428303,1.5217520565600502,3.003263341278072,0.7184530228032157,3.589127700640758,1.1746754981079222,0.4500718788075189,2.3005350189404083,1.221521234543204,1.1560600576986786,1.6748227508599365,0.4234228011783568,0.5276158266480553,1.0603923618705613,1.6398002691898117,2.2108685912975687,1.4739409756016406,0.0,0.4446636503868782
scenario_3,run_1,10.646410924790851,7.767588589349702,6.62302162053836,3.932401108804845,7.725012836269469,2.4932107779601216,2.129454475351002,1.0399698316881811,1.2544356289590546,1.2540873663007004,1.6010154659660103,2.8526009335434352,3.586311912837855,2.957392396807604,1.679509057856914,2.215208369545046,1.4687824915191343,1.290799934679916,2.164958626188489,2.3207935253150103,2.2665021724472347,2.133673369410025,0.7156608386172671,1.1980866220422492,2.687661309752093,2.1178027782074498,2.3664315418153232,3.576876229645291,4.4792543271630345,5.512964820725053,4.6421125169799895,3.223282087134469,2.878910674434098,5.080379024533365,3.958615650460808,5.285403487563962,3.292813616687272,3.1305755380017004,3.8474324077996953,2.239084669633878,4.518112215023184,3.139270586196376,3.335603829810055,2.967845790335827,5.219878695005318,2.331534493748136,3.3629401569141875,3.299528353850674,2.8064139909335326,3.979109378260224
scenario_3,run_2,8.047258657394952,7.910868697700225,7.282676736217151,5.825843816363171,4.429661576444344,5.164263344040239,4.249162604027807,4.154281045472224,4.5660096970959,4.425405018348494,4.454706293555515,4.31990789209029,6.037401072061497,3.31894800781358,4.206850250299405,4.132238757597799,5.039691924681714,4.954800981943926,4.095296151116209,3.2790580681028736,3.389486726245676,3.257644112443304,5.769100957856348,5.845951822970159,5.8413547953624,6.727911476157104,5.097192870980262,2.0894893255321763,3.915663500490572,2.9470688575580697,2.716024620990124,2.1445994603663268,4.972713893104381,3.879247234237788,1.798187443664604,5.217806975538656,2.308763150323057,1.6436289186348685,4.494775043304109,2.8100423966518475,2.472177905906647,1.7650635430868296,1.632356072908364,4.317877879330892,3.5038241187800123,1.963042782322952,2.550313342563077,1.1453541019031186,0.965153404234504,0.4229284458051408
scenario_3,run_3,10.381905647630845,9.291686502782609,8.252268139532253,6.109312572941369,5.5488214874223445,5.524711450763297,5.8937193414694224,6.455932017143667,4.682325299446021,4.066476304496332,3.513828256781415,6.663380189705146,5.815414983911305,5.1001966012339945,5.803451673332308,4.326228293000765,3.391620707313874,7.505949459326658,3.303475062412584,3.324850669026729,4.189056340750639,3.244016005578088,3.200145848937107,3.8949634222080256,3.59392582024467,2.68007025210438,2.617091735913829,5.159892499190561,4.241713547457535,3.766737669432893,4.072951093778083,3.4083943432517807,3.401774962436927,5.975703697690323,3.89008360259607,4.397242919466097,4.230725868674807,3.1723008424137134,3.4711886864781407,3.0328431887748204,3.967236510917362,3.7390943853164,3.588827611491353,3.084483193918007,2.891306212305284,2.5618110005441097,5.197932100036569,4.3723879081998565,4.88125349556893,5.7772947725031605
scenario_3,run_4,8.376340615893943,7.560859173332529,3.763654337840683,4.907136742955334,4.01549368895992,3.9789497265733735,6.232245450822807,2.0648684138000712,3.223977013566999,3.3198365618601287,4.445658203687777,2.24718125330022,3.452163842469126,4.244235306078044,1.4288446400276094,2.683042038528126,0.4330075172799356,1.0839900908857274,1.0,2.0,1.0,5.282479344296993,2.4477105286233067,2.248818880589158,1.0760354294497023,4.0757216710070505,2.413314339419363,1.8916211240067309,1.1621429357052688,1.4320588712734763,0.0,1.4072758102464182,0.6136153404391929,0.0,1.7693843767526576,3.148866180777174,2.3565696138763386,0.7327580055781533,1.000300879838202,0.7339519918273664,2.19580673302049,0.0,0.8916494624813893,0.1642992011509916,0.247927557599363,0.0,0.7430195537428231,0.0,0.868841486205292,0.8609935538662009
scenario_3,run_5,9.327905933783752,8.101297845947268,6.759559629799034,6.5672113694788505,5.312692958263179,4.850930067803068,4.911022736287302,4.174229073173106,3.379471773957074,2.9383302539381284,2.7966869629642552,2.665838263843699,3.095321714703333,2.741003508088296,2.297074441391459,2.615698099249665,2.8356365580707306,3.531964671149073,3.399360475597463,3.1876119159696774,3.915837415998928,3.035735811351098,2.9845958903098366,2.621357822025808,3.4556875135284457,2.783323845829529,3.5544906046318365,4.15133118950034,4.816425448156814,3.2449089390417023,4.664874994252415,5.450066530466422,2.4569809070806805,6.210857667120735,4.50867635707312,3.6010096325537573,4.030812519852772,5.029925110399572,3.5093646865173307,3.2229151986407927,3.1797739753182537,2.351353638107116,2.567805372593056,3.44353228066634,3.8076366234954113,4.348240953330632,3.8575207691376976,2.4276332550555884,0.8237275743062484,1.6988145457030472
scenario_3,run_6,8.374997660361249,6.233678878686471,5.686649661840571,4.2078093774785446,3.932853310985776,3.580153698056632,3.4668416034441187,3.38311265793673,3.3961563130080115,3.907663404177192,2.748147464695491,3.3185717055708537,3.949065139014011,5.481077064814761,9.057809452773098,4.486045740915747,5.684458657340373,1.527247763636845,5.393903297951892,2.165575426941837,4.078128708959403,4.229848938391639,6.4865065468466,4.151394572890716,5.153138579707959,4.390725584426845,4.660597116657547,2.739455015793095,7.495959095942743,4.622221077218211,3.838685735539871,3.4457252332172645,4.071462335952415,3.046046599252328,2.990044968335114,4.449992742825208,3.098377378625187,3.987209825069088,3.503182999880047,4.375737493059145,4.003273822603758,4.683691514092411,6.063742012741429,4.800157103214415,3.6722070295708,6.780128632648108,4.741482242820326,2.6001408434153803,3.141877840511757,3.6863154297432095
scenario_3,run_7,8.478910806255737,6.54068433147293,5.733554290116733,5.26981058250963,3.359463336582574,5.812383608764159,6.602468687072149,4.248276825294915,6.681225975611314,4.925393627593889,6.635320511647035,5.764328786593291,4.158576431484889,4.144678937701499,4.92740891983418,5.030814866291795,5.017106709668176,4.250619878131284,4.103545711202097,5.857271506031318,3.294394327982425,3.349202050466355,5.01474646769884,3.254169151073325,5.029283306263666,4.109754596974657,6.659097679902084,5.119177185536008,3.7929222468240313,4.848988715320965,3.409497408254192,3.316285443757922,2.044715975935614,4.378345464679326,2.246617662793091,2.6874277823265933,3.740923795244092,4.272272681662428,5.499223088444421,4.393134680410457,1.5332550653410462,2.2346241124874195,3.330369452441756,1.464694410361271,2.160430833524172,2.3887217687762297,4.699219110345412,3.054315376756332,0.867041752755726,4.513613514299886
scenario_3,run_8,10.937625592440575,6.462237523269513,5.495497255772933,5.878036092104059,5.34711844640283,5.223362266871118,4.008313863946055,3.7045223736320585,5.437776139920966,5.6716639835741,1.630260390098551,2.555502525569621,3.7929174740410567,3.274440450876848,2.8067722914779285,1.108360179328694,3.720188899439691,4.920282528354428,3.104669661469498,2.3505129643074354,1.7046216379756718,4.906603950777976,4.275198141753476,2.796154004225957,2.188953698758969,2.517196131197552,0.2710234248477782,3.980395204826717,4.281899741518787,3.0620908710652097,3.143470047599948,3.0804244399258294,3.1105112284447034,4.981435213040774,4.502170254706046,3.495583522463116,3.151463465247521,5.021802981886632,2.7772380681257256,3.101615555346486,3.542050007870126,4.682478396646992,3.032648958552884,3.0150709154579936,4.906668253077435,2.740271040933965,2.762836927259887,2.640176728848637,4.599372490860642,2.800966871777185
scenario_3,run_9,9.297753003633588,9.233288091872126,6.480190377324713,5.241148017398643,4.40562770532189,3.4980995705310307,4.286139114333041,4.399589076091516,3.623583057730477,3.218277715894787,3.0316481619642914,4.307645813991144,3.3953459093757274,3.5444859096313075,3.645076089454183,5.201331585224552,2.868489650730435,2.9249425791984702,3.010508378260412,3.3372789073868545,3.5338810923256445,2.861880540555737,3.141413974159619,4.347917820289673,3.8971897443779846,3.0872145504775306,4.810306085577858,1.7330690765397088,1.6021701695541086,2.3061042000943828,1.4409543292895914,1.1288201297228873,1.090048015653993,2.4813092161347,0.5165085029695968,1.4211357234135256,2.994320021565292,2.9878150858345025,2.1624301415173424,0.3157795634272755,0.2109623509971646,0.0,0.4504654263943515,1.0782715630160613,1.178674019452064,0.3982256675582173,2.685209565690176,2.090833022025256,1.1791504172507383,1.7728349093890856
scenario_3,run_10,9.7219529662602,6.087897129746066,6.140197709408799,6.235882603971736,5.686333808447083,5.697086930699382,4.838128035328695,4.743139311667586,3.88945349355375,4.398330898453157,5.1242063309153485,4.372139612633638,4.279421728514693,4.626064668814161,4.447719648908629,4.4774277156196725,4.465370299469811,4.323996759544245,4.816103015418216,5.071583341543317,4.224934122733829,4.422116171469554,3.875882656928941,5.027045105972994,4.294558994731403,4.443694564146398,5.798684137176873,4.476848146918167,2.2090244637234746,3.388570736226157,4.509648049194047,1.770758930801946,0.2449228474053763,2.0,1.3121038342320857,2.0,0.4894110655108606,0.8806458815061105,1.7215618830582493,0.9409477552048952,2.408648055355944,0.8244033395690531,2.2082696769156667,2.2733530937667603,3.638203716906968,1.088000235956112,1.7548308066693026,1.2335287254427312,0.6661103646041251,2.0699831236713626
scenario_4,run_1,11.1592269488731,5.96100737982268,4.070489286417238,3.369552310923242,2.2963120084231354,0.8870697311800273,0.8377759996908736,1.3722671380764484,1.0237888598513063,1.118909984836742,0.8603962818966705,0.8343272927535976,0.8096529829728372,0.5848857900831389,0.770254439867198,1.5267251917912787,1.1043161432825204,0.4545364419229489,1.208381492571308,1.6206405472559706,1.0386779570857754,0.8525095675865035,0.8923925653551409,1.435527370683975,1.2025878264438716,1.429670991368881,0.9482724183054752,0.4578948695942345,0.600612590531621,1.3379259447970973,1.3015539924514985,0.9347218485761408,1.356272656922221,1.1838940314606106,1.4217565071786047,0.6825608370029846,1.8954853036067267,1.7083226708706836,1.6049791228314825,0.9296100652785612,1.2751020334487089,1.0033892203398245,0.5827634435963963,1.2854766356978449,0.9747979504828448,1.5346002753681125,0.8332102627303433,1.1957252731284316,1.2610926766954178,1.1768050635175955
scenario_4,run_2,8.441471173381073,5.096621291997466,5.382630763843885,3.39812199462543,2.9004479671988324,2.879114372560137,2.778537230634341,2.6485189985135835,2.260672961553907,2.1867411975333164,2.089708392981735,2.190350789445026,1.505757192883964,2.180621858643283,1.1804048548595605,1.4646759672624952,0.9084900218036408,1.2644558811009603,1.0755198005298303,1.4707315846969802,0.6224483167990514,0.982083184521936,1.0555237366055628,0.9423046722378666,0.9979934429067316,1.285947142142365,2.122601278672162,1.17821606762174,0.8998526224789861,0.939803811701054,1.674833186619588,1.1538304436282678,1.2871575850408603,1.822878080662192,1.907476082310889,1.4947978147632193,1.3345822057801753,1.3216829716967675,1.94111306987628,0.94586038952998,1.524863677343621,0.4467040921120701,1.6747704058942614,1.311528965204409,1.1293892413817823,1.1919468658065175,1.274410773830386,0.7678216883476898,1.1060479525360631,0.5395197020959885
scenario_4,run_3,8.624890190947713,6.426305432207959,2.652275681375333,0.9739161748016402,0.894822710402423,0.8905289472637564,1.2546277688560878,1.1317337983171871,1.075395905260235,1.9730616110835064,2.08258146292995,1.6202419668767485,1.4958685184006335,0.8072575108284885,0.8010340558209009,1.8180860863634047,1.4223108046876265,1.1505746485999468,1.3838501357352202,0.9721885297656576,1.1433589931301755,1.3743528050033127,1.2495500342355332,1.5746855230393504,1.301041497569653,0.7167882962267826,1.3824199534953188,0.7159655495916677,1.0616615544031798,0.9624882313520448,0.713372625475072,1.1945580032240006,1.1537210609099595,1.5895426891672044,0.4955474510351427,0.7304367974268529,0.7064963684803722,1.7544369811478613,0.7679860250025783,1.3747305495760571,1.530741070003252,1.4890616974232809,0.8777729839903425,1.000164254513269,1.0644026455518,1.0735571110573685,0.9612577537500768,1.2201533812058951,0.5364537947656519,0.5828719482872792
scenario_4,run_4,6.443491076596206,6.494022067882595,4.991674971362782,4.494311633914242,4.348609314035409,3.4846004737994734,3.457467088868793,3.665415744371805,3.1032817922217024,3.325141375935967,3.031850342082091,3.5437007671801304,3.2731956379787297,2.7863378356537813,2.954182647230955,3.907491524849609,3.307539178645788,2.946100498737684,2.554986750114628,2.599435256827335,2.377000374179572,2.517333933034468,2.526511974054809,2.600815197677225,3.1838195116153125,2.9405164359326235,3.0049713266734464,2.584354347081814,2.8314374888869303,2.546847215249972,2.785713716606461,2.733286111502673,2.898722223072422,2.806040018297745,2.393014680764888,2.6247670102570577,2.9895065485569203,2.181085353879117,2.306537796190981,2.577491629008393,2.2273583220724045,2.293644181888656,2.2247325163396914,1.951432530666564,1.8981135812001573,2.4589603318924533,1.7920373601850716,1.6350332362736253,1.4709400024928627,1.978428459083085
scenario_4,run_5,11.121293412733774,7.406943568296026,5.365297532502778,6.803616567156096,5.062482572376757,5.198421340121095,4.3286281603260255,5.96155114428676,3.528623171727077,3.6005812623406896,4.3004839989264365,4.36151396222164,4.305771950429742,6.037820832928516,5.945754264749672,6.0565538726163215,5.150234302701156,4.270210702724791,8.619655800079995,6.785470279021427,4.401216818067878,5.130522829044272,5.1330245166256345,6.795654506473339,4.301038846393726,4.326474527048747,7.6013932495589085,5.913214005716073,3.538340098224314,4.223144607575815,5.929970795419042,3.511441956720445,5.064611866774227,5.982005202366088,5.8547865237198,5.800296599167861,5.860872403005263,4.158976179597849,5.090502689361787,5.801321836240887,5.023680309879904,5.071996995460426,4.123098905608008,3.2965051404745025,4.195798491244355,4.152047891934986,3.2692503310741685,4.127490979703735,4.107162469738464,4.973527687167884
scenario_4,run_6,7.950780650794378,5.44571294735268,3.4866294950522487,2.882964889877604,0.9936735052646972,1.02549224891409,1.1447228883463612,0.4903757861966454,1.3302061746481466,0.4265575839673583,0.6853214282199097,0.6046469178282206,0.8817172896068044,0.9434302748649772,0.6175677853412175,0.9463275786144052,0.0,0.7615220484849523,0.1729306747815603,0.8865587761082369,0.9527252453872824,0.174571003224322,0.6732174591478014,0.4204221788397991,0.7332111591404207,0.7844817924802205,1.1748544232286644,0.2535894672269553,0.4418429395081228,0.1477908030314675,0.3639083417861396,0.5396160083651129,1.2717757501828426,1.372937615863227,1.04920802228591,0.6733413681524547,0.5219756033558449,0.4803863770444082,1.6603458902583932,1.290072191399033,1.0671218584894648,0.8590187603134073,0.6074212973687135,1.2617630351328712,0.1569966570632208,0.438811607434034,0.3491427841546777,0.3937427140048772,0.2671181266688008,0.4246845567391665
scenario_4,run_7,7.741394432623378,6.674728602653017,4.405788212379358,4.192348639241372,3.790459506761303,3.694638131440032,3.915189133392056,3.631103191692746,3.777280685280799,3.6530272221421662,3.916973911374254,3.654805612855766,3.946543909775951,3.652498255343135,3.5280025015335736,3.818637689497014,3.997860950733444,3.5401155425193545,4.637788318625227,3.59007572172339,4.73743850882358,3.7784076984255166,3.733093380457568,3.779881317318259,4.446756363680615,3.636756442148665,3.8588636970135055,3.748237236998612,3.708336060924089,3.702609161146961,4.449221423783995,3.6203161117227305,3.640644090427498,3.746211359106181,3.627296080618778,4.42542680209972,3.6548707921181247,3.7061319602547074,4.472897683511314,3.8413451809496864,3.63208713642272,3.6372977269796665,3.6658538999288814,3.647382824159764,4.441322963583435,3.7518906683261006,3.8288339646939575,3.719690036647093,3.7124112923912462,3.888370367409929
scenario_4,run_8,9.005293610532261,8.6760091630659,5.367850934954301,3.573380770025953,3.620854397335491,3.541584299762807,3.514600554554049,5.161956038394894,5.9445822675447815,5.154328685307823,5.119764917449919,5.958768206674453,4.385730070512283,5.138047398213959,3.575371325187002,6.787744576334876,4.2796276012842185,4.271396405997778,5.918291492839361,7.569789946734174,4.254418191943525,6.700648703807255,5.830532368894596,8.318445460875758,5.7912132734613895,4.090078884071444,4.0912955884363456,4.077819502465472,5.7367426748131045,4.009975251996108,4.817376124210027,6.660671600817213,5.656066231335851,3.14591769030933,3.980133149993165,3.0304763238111234,3.950809483510023,3.103079564036148,3.0829952294760634,3.111483039913244,4.750215876085113,5.632230641336648,3.0908191968989818,3.826405892413295,3.892485644617391,4.7802762078347225,3.8256152372637127,4.797335545032868,6.399282677216907,6.432860274656545
scenario_4,run_9,9.370435120518769,8.984750532445243,5.093820418402572,5.7126951128926295,4.411171360379148,4.9276477260857705,3.655635768798436,3.6127377101113503,3.571045372855341,3.544964725905737,3.491202472516233,3.4999810453543967,3.523570932546592,3.483517429544549,3.471931772845205,3.448568646184029,3.435643434396392,3.415254892334167,3.383217357463025,3.422577735939369,3.35310179858399,4.004646343132967,2.839209551741748,2.801653814263021,2.78112107763589,2.0513438230314534,0.8781161825236417,0.2932862960657561,0.825198535871553,0.3968627924409718,0.5750239727548223,0.7459550254527825,0.3977308839827634,0.7409170594532551,0.8663742398891163,0.60648971462577,0.6863438520046976,0.6339480363154687,0.4230017172916945,0.7615804829381809,0.818142866594461,0.6414332927050367,0.4981804134529277,0.3095870964933427,0.9805979665158292,0.5887541298418946,0.7521233453114419,0.6366251312992965,0.6941178802866239,1.0268127298167298
scenario_4,run_10,8.505289509128929,7.6660677657426515,7.1410074328041615,4.274942609143011,4.3103963224468425,3.1846214079876143,2.5017308218927443,2.509949340698268,2.6152570389759675,2.124345975807012,2.4379138607003545,2.248537060674909,2.291169832153381,1.301351136987091,1.3450737894311398,1.083718342341094,1.6567713981521042,1.3269783164489863,1.101506463537166,1.7151122454290413,1.1481847303870665,1.0869496519227029,1.976000213701273,0.8891201109293917,0.968415900836425,2.11439511064206,1.779902642716228,1.3358156993213852,1.5835175136444464,0.9941860369364705,1.2706911370677278,1.7047232894511286,1.3209980955867655,1.6423026254496205,1.1298178800591172,1.5027316925816527,1.0387833729694664,1.1947234440591965,1.5512081341292154,1.9181106077064345,1.2784554591420163,1.5980890492227648,1.293895992628895,1.2546378615737146,1.5973965842306983,1.996401445144975,2.004423057190955,1.397747982411278,1.849143262116552,1.7476381158009353
scenario_5,run_1,9.533671957556969,5.155023218981167,6.527421522006558,4.547001018856596,5.472002622837517,5.540995123119876,6.989845926349547,10.351578442883463,6.340306165058467,4.671770845057056,7.098482860050045,4.451894953512367,4.919914784191078,4.795413454924085,3.969257453149756,3.054226129013433,4.956647961441493,4.019713295120697,4.252543871959864,3.2556512984842643,4.041014343324017,3.838436656374457,3.0928861390021485,3.048612100004529,4.63803992282579,3.91991527633171,5.84710649000566,4.949569766453523,3.016333449960455,3.831152351274215,2.895040604615478,3.719664319456638,2.972802870455895,3.9460225900931967,3.00708935015458,2.7591723798527523,4.827821729842844,3.6809312213813774,4.575019192796215,3.143154859315685,4.568260324035376,3.867423328255472,3.749057934127083,3.745581385315029,3.777101538582142,3.271614438127429,3.932774100645754,4.861729261354154,3.3200161491225244,3.823101364478133
scenario_5,run_2,7.323600534521665,5.763958770393655,7.370929647030982,4.825722105292039,4.167216448201775,3.547828054178493,4.182786930842384,3.137847375816462,3.214092398107737,2.367948227354246,1.204552859118864,1.16194642189423,3.078252049043454,2.2832003005786734,2.2169264163749203,3.478695470280529,1.2857770466210032,1.988164927010704,2.098510400262079,0.9306746935754326,2.688929059644586,2.514649505642038,3.267821663154592,4.373503341063821,2.27568444546785,2.71378901249604,1.59642524154437,2.4971479388717097,1.791828600712294,2.294971364900517,2.4256772978739933,2.485282999615177,2.131392540271128,2.551261424290637,1.0336506247518833,3.819639533794235,5.027903202078283,2.407898933595501,1.0216163489804542,3.4586643953168563,2.308361469110296,2.3313500408887613,4.3263815174446725,1.441030221684591,2.8200067231248083,3.7019721307374622,3.458250287307309,3.5602503953280973,1.0667169023463956,0.9889471052259048
scenario_5,run_3,10.746245264716004,5.231179977794282,4.156414330265323,6.307726942417046,3.750753642871603,4.5978132702074666,4.471256987843674,3.997576208390028,5.375822030041402,7.329179570729588,5.157987689034576,7.866427843846973,7.684336759374493,6.33599994387968,7.032437743027225,6.840935757045284,5.439978639048596,6.136235425191605,6.836439783914881,6.390617993420298,6.297822925971803,6.001878540304739,4.347993405710047,7.600496337647395,8.496738880039889,5.115586428571851,6.965365660645486,8.65471290858741,5.963110675873478,6.757908354856488,6.791631830556466,6.878069667754176,6.045519386252058,7.794858309427786,4.9309998520829605,4.570925219946407,2.8077551619300207,6.357699158620781,4.593936492493246,5.753214338897687,5.047018655643541,5.4391388965163525,4.318718523705458,6.5012198946072335,5.199619448340681,3.577310060568125,4.414089190807577,4.609950220732719,3.63988248740066,3.53497746675135
scenario_5,run_4,8.839813809420443,5.791632260778952,5.0640437330065415,4.5993326315135175,4.819805447363304,4.65895757012917,4.728479329776922,4.475441049035484,4.803544999745056,4.540259644705476,4.700895278649356,4.412156815606267,4.747636436715881,4.614864001738058,4.32087426958824,4.3058759389658094,4.2809593318839605,4.435165858382468,4.409926428945517,4.429649464101841,4.527330452881008,4.6221696589133,4.607437410761525,4.777466108946202,4.587185715133791,4.674766250777785,4.732843683436398,4.522453555980398,4.441705010420405,4.48320694213943,4.352855829308804,4.599960109062374,4.286723151697035,4.564091725215665,4.48411172580923,4.696218431594182,4.577874313951883,4.736843397611109,4.7616240151238,4.738448522572829,4.673541039767746,4.479370042827449,4.616949396150234,4.520557065831445,4.7700944261413145,4.620193135952492,4.443577060648256,4.575671134196883,4.401482138001284,4.409317218291156
scenario_5,run_5,9.220545295924207,6.590970631644422,5.966985265543952,5.076933551579616,3.7189410960730895,4.441405398804512,2.206902044551791,3.5020741264378272,2.468430522186341,4.356766658659281,4.988659521166504,2.362564624608212,5.496624219507462,1.0454483800897612,2.816022652275359,3.9780986485009096,2.085307009417592,3.8452685193559097,5.042890342179466,5.182138350362548,1.7318508235875285,4.79325441812737,2.203946603156704,0.9781959307102132,2.823101917978684,3.1402873441110573,1.8808856965623173,2.288474094915629,3.124007217719025,3.521626532246468,2.01255347134106,3.734244130711667,2.069079565788573,4.047657075738671,3.0754095919413205,5.069719478457758,0.7017809529806678,2.170918169764137,2.793340358977601,1.6239890057533728,4.865416281675287,3.90267479622148,2.563683094693224,2.8679090664788505,3.8461209241397625,2.731505487101773,2.020283921549128,5.014009639425908,1.9307514473202776,2.27020814396041
scenario_5,run_6,10.236897738875776,7.627064157224291,4.8720758533550095,4.698403062737835,2.815133327151237,0.5383575852033525,2.5769672616624786,0.0,4.532726921474922,1.920172738082242,3.4657572636722334,0.2443991721981335,2.244618126094356,2.3324158102963755,1.16726654170329,1.5906977901739998,0.1741590394073129,0.6280987541330842,2.384077501641634,2.13401919148994,4.137532726022523,0.5882306056247277,2.135272962825625,1.504816413383429,0.1500895355480128,0.0,0.1616135106891185,2.911686424220111,1.7178471084173197,2.6196474624008395,5.832674712042471,3.1750071989032,1.0,0.337944526465892,0.2736738992668984,0.6069140560323681,2.5729850744450564,2.341815871289056,2.92934279930312,3.6678912580790297,2.297889421500671,4.430023073171501,0.3090599264138511,2.2650232278428684,0.7895315784561735,2.5383900238743524,1.8098895131036488,3.140434667311586,0.7547300621286667,0.4520035878030787
scenario_5,run_7,8.922318325703465,7.348425060471341,4.768967202254766,4.600836848648837,4.536383591593725,4.195998282030349,3.9052288638852497,3.6063593016926734,3.394196962423836,3.662761294932072,3.2523545497222,3.1709688319436387,3.237481549506348,3.0343757803940283,3.119171624378713,3.354139002464992,3.216723334725374,3.3703661086439887,3.4097802063920257,3.054164070246075,3.223785709607584,3.167100410623524,3.235881982145598,3.3026198260403907,2.920380737751024,3.4027876550365392,3.196840522905624,3.407645899661888,3.3642342582107885,3.327741050721859,3.134279103317627,3.383730438393709,3.0105319370924724,3.495182303825838,3.1395965166668747,3.2290152251879745,3.136865563381632,3.3537064337591787,3.412000440225444,3.34424188347957,3.067250795193599,3.162653214582794,3.3093896863550327,3.4399144534844432,3.065096567256966,4.023747239735442,3.600776268861914,3.113831755848258,3.1485722502872027,3.3331358582992543
scenario_5,run_8,9.006062803874542,8.441767667103559,5.818142035860357,4.753427361667901,4.58261649884601,1.0699721970097729,0.4879471680245565,2.3555128512097223,1.0626169729851582,1.1795901401638302,3.011557730938532,3.113859596863729,3.085404142170067,1.850343336813814,1.6741488012706018,0.8427102563212185,4.752956999572096,3.270699672592288,4.491260199699082,1.1472035668951095,2.4408644369861454,2.313238553393574,4.145799562340612,1.7922975882493144,3.293679843991685,2.5758607855721847,1.934442637500068,1.5889766311569575,0.6592670029530131,0.2951535558883765,2.014804146566573,1.676529771851132,2.369532853841723,2.216229573826161,1.002502092814871,0.8540440543714866,0.7297032296475983,1.487388659586942,1.7215113577346046,1.7766897792898813,1.9444509290809129,1.8942610975168777,1.9076479355607008,0.5349060325021158,1.0,0.1561987495326388,2.035903806882771,0.6569872643958258,4.0017220959026005,3.890547013464375
scenario_5,run_9,8.349824867409689,6.919173291317181,5.173504474876784,4.729651096993135,4.852615328067516,4.564958082786665,6.671941376353056,6.558850491768243,4.599685905290564,1.8530939234147392,3.1704456727024293,2.186121754079869,1.7285796372680722,1.342679259906316,1.7351778733377563,2.127671389611964,3.055995255644615,1.3826449517852164,2.9100883000085966,1.7569508573067687,1.6985690257661816,2.821396078924716,1.5191292280633246,3.152695683875282,2.6027516936523787,3.311800375653481,1.2079679097063885,2.0223892167019475,1.752167847805951,2.4297288607652066,1.5114176663992134,1.5074067459222296,1.4725185732367252,1.7590951894684514,2.0283835973040336,2.7659545514264146,1.8258899490766496,3.5233786599559807,4.209857955658077,2.2113467146636525,3.3060517417734374,2.160225930973883,1.715629314236756,2.9700686902493074,2.52615474142215,1.3107427431151968,1.8111775050698629,1.697906993279523,2.030888892947202,1.443648224871113
scenario_5,run_10,12.062843599650703,6.606806459770826,5.9528248907121775,4.882761940069647,4.889043684011725,4.885793823949072,5.5001173507371774,5.643085000208127,4.638999735047153,4.798102081810985,4.650400357713879,4.686743886513902,4.4395522219186905,4.341246765046292,4.36635958641497,4.781432738751354,4.477686199741777,4.463650254949325,4.194466539409443,5.261733611913881,4.449603867939949,4.659812458317235,4.482990426902736,4.500399289836853,4.183603230590878,4.231202695596595,4.612260238007229,4.381163505845029,4.715104221490598,4.312194123701217,4.451089793274829,4.614214390931477,4.321602610858784,4.256970311908184,3.790445724649445,3.1832804470643885,3.4612392264663945,3.0807478703603666,3.323696919605548,3.292592057130194,3.035780903322908,2.952271543227126,3.1013583648377048,2.9855888757219264,3.5830639655141403,3.3523999292574587,3.3063043309908138,3.524282915080605,3.156007350435333,3.156058057340432
scenario_6,run_1,9.711481113557673,6.67053677065835,6.171284743573464,5.081888198756458,5.589262827468014,4.572807362285726,5.315142069914361,4.400218486985393,5.441465769228023,4.162589660913662,4.2920052636922295,4.102105254711921,4.563375358719129,5.619149197649657,4.200830141042302,4.409293145461475,4.128810540537276,4.741281255796097,4.102456580190745,6.47742074867394,4.305704558927234,4.177286521563584,4.358716203862021,4.258799321658874,4.33818675109524,4.97584453675879,4.023760939380221,4.13499403113456,5.788160058710703,4.331986957067587,5.004803165224413,4.969925116388168,5.040940188940825,5.141387818609635,4.246234532040394,4.8499815723637685,5.214275801271865,3.922303257051376,4.795696924176802,4.994827503517472,4.488032667870002,4.8756506385161895,3.960886079397562,3.882601575194847,5.619329808606254,4.183267037706399,4.407610743339836,4.838426098409335,4.2711365946396,4.259812749704051
scenario_6,run_2,9.212167185842633,7.252334247794112,8.150798612793428,4.546772963043004,5.918599650656062,4.3341469981558856,4.069075644106816,4.303777487885685,6.053879946355739,5.005478511857546,5.456799401076418,4.910236452455051,4.539778597444652,5.195426608298652,4.4211219607496535,0.492914874149348,0.610964271112917,2.84788637458172,2.066631512208734,1.4699846138783854,0.3651301031099773,2.163933439863619,1.2134032261893004,2.289317521247524,2.4390447252535266,2.796762626565837,1.0224245927982885,1.443004065981612,2.628433080771292,2.3895574708666656,0.6703057950501421,1.527774354913752,0.7527932056852239,2.055339153989674,2.2557743407917186,1.3917475947868183,1.4804451377048775,2.33291812113972,1.549375402342849,0.208905288982188,2.221518709598331,2.5604874134177664,0.3765753619587823,0.6317580248533258,2.1730274018672264,2.187966427125277,1.404386135958735,1.8058074179750627,0.625565684053147,1.615372777653774
scenario_6,run_3,10.52262318473704,9.233543104317048,8.01492283851805,6.296385540984477,6.445037359299266,6.1597466600568165,6.075580138690292,6.012350937466027,5.868498433763893,5.861034607469881,5.396468022553503,5.187318698707686,5.284057439159781,4.88710622188891,4.909699985736809,4.917740168116602,4.969261919361569,4.984193834916017,5.076783118647629,4.913798888975715,4.923091669414869,4.917457232971469,4.925052114038851,4.926754768803738,4.897404304470369,4.868782235051791,4.917372268710169,4.980991309606326,4.8888982408833765,4.874417750490831,4.924646028682679,4.415309347175958,2.54533923105842,1.8679293831198005,0.1073842991110984,0.7242513260195101,0.9927714241543102,0.5847200693792152,0.7833547392893134,1.4193657622503515,1.0262973257545591,1.3120153757237785,0.7410374225121437,0.5097430735936513,1.0330524007803303,1.8727933969549984,0.2465583245134969,0.606806436934824,0.8659318737545316,0.6719218187893454
scenario_6,run_4,10.769892654988512,6.420189047116797,6.572684195014015,3.92115923506436,3.672653995603272,3.953081208751592,4.757357214664727,3.899024173016606,5.398861206484989,5.145691349796155,3.788302247170519,4.812192094663137,5.745779358633397,5.089346815310241,4.4759313915061805,4.359764642358176,5.433762084257735,4.854841680231065,3.997452219058143,4.336521209919381,6.017628673962584,4.5094673745157134,3.472857990439537,3.848122654405605,5.1004180899339016,4.30282113099163,6.289476063250875,5.125594995189771,4.29954081079916,4.314093492904878,3.6762300681966655,3.4961473116935955,5.939468489580468,4.290109583901552,5.151009200674261,4.336813794887716,5.1917800779902805,5.172085247207783,3.516897535657338,3.5639391069687627,5.168837164209556,4.334114240658947,4.335308922796876,4.335677016959243,3.505010128499104,5.330535376864046,4.564293555063944,5.139132051543189,3.5004894785991687,4.287383328826826
scenario_6,run_5,11.843577589602493,7.078436871156676,6.948364670525595,6.381475159649293,5.236962149493151,3.372992804941797,2.938267236888524,2.666647216910973,3.6669067531654194,3.3693769858319462,3.041898583573716,2.9117716250802426,4.030198540579741,4.476188428448526,5.197890732381094,4.747334664552176,3.263674184444836,2.886566542049439,3.277933594615088,3.1565429694103697,2.6059041528573905,3.0510627872041565,2.642123497239337,2.8976130800723503,3.0327683666230034,2.7285343373960824,3.7858691962094526,2.812129569208359,2.889371592490798,2.853247037443676,3.062447686652645,2.4353991542670594,3.3300356398437083,2.406921136162783,2.3227047716243563,2.677832652348033,2.4794428412103486,2.4562265446381275,2.04749019984097,2.189521376068798,2.110037610696286,1.8739985773186496,1.9027404809374129,1.925593073877284,2.40901527506992,2.087366294950988,2.107614346411196,3.277161170967449,2.100606145490952,2.573538262644429
scenario_6,run_6,8.707599454805926,7.676850624358288,6.914972234701985,3.2093402894561485,3.0017142311883784,0.1635070156472639,1.0,0.4641629540657934,1.0,0.3744992575143719,0.3157558805343144,1.5431437592222736,1.195996123252786,0.1940594993841181,0.0,1.0,0.8045796994636607,0.4972052058541519,1.329262202065429,1.807286034260108,0.6175704583823005,1.3278979905492636,0.1598732748285881,0.0,0.0,1.3347591470254043,0.0,1.1837986687535025,1.7166061612699246,0.8579094347702494,2.550376313773351,1.4039053246062334,1.387270878786337,0.0,0.0,0.1764279611504529,1.4210846934904962,2.1708268199897884,0.7206212840290351,1.6360337671306977,1.1790489395730626,2.191377174994455,0.1694221399877781,0.8085676268038325,0.1565630698275071,0.0,1.6790907528923895,1.9773313924196745,0.7029355842399031,0.0
scenario_6,run_7,9.385895954861708,5.818072417223506,6.226042395141181,5.01852382291073,4.350332264962516,3.5005880046312727,1.6045997249936526,1.1264974301067805,3.0049631254579587,0.4444115123356037,0.7814046006035074,1.854881378722557,1.2518900575022454,2.185944783607774,0.7630229795576232,1.1985324734717409,1.1307918367272638,1.0876412955435246,0.7703834897008467,1.091661604940708,1.1290030591064073,0.8145160866187247,1.0502914789612556,1.0935961747014011,1.9439535906763488,0.087456205897308,2.1798807934364146,2.3668603081636816,0.8411358052184926,0.8983344604082658,1.2749093747736937,1.0221296753144211,1.8080508329144784,1.3362788413341828,1.1844333721627955,0.9833222241208206,0.8377981246490002,1.0362013950259006,1.1280496515124214,1.4399817133351838,0.6446744101782386,1.0553578166591866,1.350831049551301,2.250671225325894,0.9059596080173876,0.7161090985067131,0.766322837125925,1.918772726158977,2.086943360454767,0.9847343413693396
scenario_6,run_8,9.920583468146996,10.300850638270749,8.26868440510287,5.822450002372031,4.534687494516811,3.921609616239641,4.703881330841333,3.4806521629726093,4.513739319658116,3.327906162067625,3.1708920907941014,4.097835205741236,3.5243581223351,3.4640972230665086,3.337278403879491,4.124361484420553,4.892376795530293,3.9997928673247785,3.446133914312817,3.165948688494264,3.2410658011067697,3.360627550770708,3.863098499688051,3.9430829887105134,3.0157220262231714,3.831699558284659,3.364685981934889,3.9103614053639695,3.0613871786945217,3.3317312156252186,4.396453933452202,3.1274299660485907,3.3180227486190303,3.401055704965077,3.113117996816878,3.070143901931707,4.028532698458206,3.1532396269399805,3.0721499490556425,3.197804911890827,3.245103475828612,2.980558815540351,4.233276891660188,3.4901844025643065,3.1966061441519376,3.1900649499618865,3.187525404529957,3.1916744936844097,3.021345932981977,3.221567500516719
scenario_6,run_9,10.564647135070064,6.970498005589407,6.057495024964042,4.589029281347203,4.931683816185286,4.683631757482103,4.536245105943246,4.56902986008415,4.57179481672183,4.439537717452092,4.427643767688602,4.421230204022506,4.470141005631456,4.463352832434315,4.430010327330473,5.204357478555443,4.420161373474196,4.561098626325327,4.554710723471677,4.405210620569861,4.626062915912167,4.744249940124514,4.530658733700358,1.2639656278555098,0.6573814741645633,1.40249538287654,0.8025158728029261,0.0,0.0,0.0,0.0,1.7754609040565943,0.3982739305797733,0.0,1.0779294330681597,0.3808394581805735,0.0,0.3709067191929495,0.4023121820771128,0.4122723815202287,0.8133011378304966,0.0,0.2457348370657207,0.0,0.8016345014573508,0.0,0.0,0.0,0.2456148524345511,0.4325278983751016
scenario_6,run_10,9.679086410542473,9.358176110785433,6.119523978473358,5.578683201584646,4.403824717368105,3.2934086739248416,2.9711169608818664,2.4667023598174715,3.13704235753419,2.5608055353942945,2.813718396186192,2.6379859719281,2.497773128486558,2.811997940160372,2.640377915896284,4.036518223286547,2.455555243957922,2.499843258281272,2.8527951762153982,2.119339519025321,2.455738324552813,2.489571289603685,2.974988994494724,2.7059697477329374,4.069995337895664,3.381062790541125,3.079449951893713,3.0985348667925634,2.617002451413215,3.590389349820489,2.9547398391798985,3.2859019229668363,2.750606100640236,3.381751156333669,3.255524679199758,2.4362657070194973,3.019817905794823,3.087563925482086,3.665535864077401,3.681697774044706,4.22863972302812,4.131017658048409,3.310096685577628,3.114013187120595,4.0307613111179,4.001142196347851,3.096654019882011,4.09089179857903,3.1205179280323785,3.5019381214064467
