scenario_1,run_1,6.180581289207341,5.200911564509139,3.5696144546028328,3.630426024474814,2.009584838312848,0.8821143199921716,0.6304837927141582,1.6526193275966832,0.5357890303986927,1.371236025010225,0.6343003239174365,0.773744776825491,0.7104747685016447,0.0,0.714578385099449,0.0.1,1.171698452770562,0.0.2,0.0.3,0.6828978684207656,0.7187585068214724,0.6138798802022987,0.7471101739645315,2.540438456804312,1.7099337074244825,2.249494304603822,2.295929824216716,2.4710646710298305,1.639587511716432,0.3386974664627755,2.142972655461956,1.1706517975145332,1.4609564930494037,2.976359124895448,0.0.4,0.0.5,0.0.6,0.5063970128279938,0.0.7,1.5200587634352087,2.142972655461956.1,1.1706517975145332.1,1.4609564930494037.1,2.976359124895448.1,0.0.4.1,0.0.5.1,0.0.6.1,0.5063970128279938.1,0.0.7.1,1.5200587634352087.1
scenario_1,run_2,5.605352946299813,3.839923334905194,1.387944121265465,1.4204182585245528,1.168916524769953,1.1065069150510225,0.0,0.5102884860185698,0.5483790058926213,1.736017506781519,1.171453449256194,0.5022393647730736,0.0,0.9735863374290916,2.1029523288789225,0.6608066573099896,0.478995881487961,1.0604353115849965,1.631646244549645,0.0,0.0,0.7106512973568838,0.6061938447276375,0.0,0.0,0.931388549642652,0.0,0.0,0.0,0.0,0.0,0.187448840515726,0.0,0.7367192471806552,1.6760466492560582,0.716168291039837,0.0,0.0,0.2258616866294642,0.0,0.0,0.187448840515726,0.0,0.7367192471806552,1.6760466492560582,0.716168291039837,0.0,0.0,0.2258616866294642,0.0
scenario_1,run_3,7.48323340717243,7.109401652468369,5.465205736387885,4.989502561023261,4.4072818554406,2.242837235592294,1.3581889775559035,0.6380203933648463,1.166059038713638,0.0,0.9492861712523102,0.8876138289944817,1.6561684521857072,0.8340443457529462,1.022598172032773,1.2882415049380236,2.4328159545347225,0.8326482525476111,0.3011880941910176,2.105717460825121,0.5244092961727691,1.552307957583444,1.768706938750028,0.6447726202272769,0.0,0.0,1.0840850933101849,1.3493721718974705,1.8492601496919725,0.0,1.1153296923807992,0.0,0.6688940431274267,0.0,0.3287909037495123,0.9488980174253404,0.9610514596773976,0.0,0.7267757862400089,0.9602202809816974,1.1153296923807992,0.0,0.6688940431274267,0.0,0.3287909037495123,0.9488980174253404,0.9610514596773976,0.0,0.7267757862400089,0.9602202809816974
scenario_1,run_4,7.976080645998925,6.474485426379036,7.074013313539754,5.458884117180702,6.06634080996132,5.310578786910908,4.701595468358358,4.41555442783404,3.060938707511635,3.8297416102551054,3.2189538031168303,1.9724757218016136,2.166044786484923,0.3533220850359671,0.0,0.8067351080154644,2.1595061892924607,2.296049132605764,1.241527590886165,0.0,0.0,0.0,1.146847560621798,0.8827134001694162,1.7942545741827367,0.6195189281589827,0.6419036796653665,0.2618022071115081,1.865674290511732,2.5849838168343844,0.0,1.6881190369201824,0.7906628989751183,0.6110178576091146,0.3404690723894191,0.0,0.0,2.5496100751037014,0.6153023105440092,0.4151364598148627,0.0,1.6881190369201824,0.7906628989751183,0.6110178576091146,0.3404690723894191,0.0,0.0,2.5496100751037014,0.6153023105440092,0.4151364598148627
scenario_1,run_5,7.517760891444962,5.411430810045469,3.158051072645565,2.619405527642472,2.748543061912234,1.88612485479517,3.1781986937877926,0.6889114045894182,0.630302297868336,0.266963143352484,0.4724797369969765,1.0045058171389794,2.6212049370800097,0.5757722810704363,0.0,1.4041692916321094,0.0,0.0,1.4270759703668727,1.0446327114837175,1.3810497845927403,0.0,0.0,0.0,0.0,0.4551959810137435,0.7323537415690733,0.0,0.6482827065068483,0.0,1.5649171100065096,1.5599929566833617,1.917108923653404,2.248001065175425,2.404526300287377,2.4614734275691275,0.0,0.5258373446538133,1.3390033392869884,0.5406669582360888,1.5649171100065096,1.5599929566833617,1.917108923653404,2.248001065175425,2.404526300287377,2.4614734275691275,0.0,0.5258373446538133,1.3390033392869884,0.5406669582360888
scenario_1,run_6,6.800406481789435,5.375683473613625,3.516064267865783,2.3340136169357857,0.6634460758588524,0.0,0.8684308474955975,0.9905038572876396,0.0,1.0281027599167996,1.6672113958620494,0.8863122442993253,1.1061801441601655,0.4796305784544423,0.8547519280968261,0.0,0.4550083842588391,0.0,0.7707522635904294,0.0,0.775602850400386,0.4209875124451221,1.562463207890744,2.6779526266636444,0.6160992531435148,1.610489428912938,2.60900709362454,0.3491605032058154,1.2029161899079468,0.4694797706426887,2.086846854583066,0.4825792546177337,0.6981827884422162,0.0,1.0970826268802754,1.6151638075079524,3.2060120458992047,4.011308806224546,1.069740286621755,0.0,2.086846854583066,0.4825792546177337,0.6981827884422162,0.0,1.0970826268802754,1.6151638075079524,3.2060120458992047,4.011308806224546,1.069740286621755,0.0
scenario_1,run_7,6.773102318714635,5.433908573789457,4.644409799904999,3.3960811830110496,4.342558481740924,2.1813327274936563,0.7509507210266408,2.435498269064478,0.7510479750587232,0.3343479534409013,0.0,0.673086994981992,0.0,0.0,0.0,0.0,0.0,1.2780118061107724,2.6721456277864246,0.8701445176508906,2.016077398998169,0.0,0.0,0.0,1.7955300732380706,2.150259803946833,0.8114508293362146,0.0,0.6122695159423983,1.5564326783817382,0.0,1.0082662249152192,0.8059310853541655,2.818329594502288,2.604189414207506,0.5598055375341834,0.8056581312577127,0.0,0.0,0.8957367993462094,0.0,1.0082662249152192,0.8059310853541655,2.818329594502288,2.604189414207506,0.5598055375341834,0.8056581312577127,0.0,0.0,0.8957367993462094
scenario_1,run_8,7.68689897206212,6.060964230940571,5.610267783080259,5.040510714994146,2.673408315933643,0.0,1.970944210262551,1.2075207303014626,1.6069906348120409,0.0,1.0519781088901283,1.2406216843924418,1.7511118068509135,0.9489539442356694,1.4251689866943706,0.7792273267595888,0.3148314795526404,3.130728247073256,0.0,0.6734957640396878,1.7364526679308512,0.721783305735707,0.0,0.0,0.8666092642290945,1.0368077238170643,0.0,1.2412861123253758,0.6910132175728065,0.0,0.0,0.8781022013162982,2.7718806859978646,1.1408481511455535,1.3994617897618324,2.790163363841276,1.7232929741430894,1.5635671076236837,2.99848176473738,0.3351249588838288,0.0,0.8781022013162982,2.7718806859978646,1.1408481511455535,1.3994617897618324,2.790163363841276,1.7232929741430894,1.5635671076236837,2.99848176473738,0.3351249588838288
scenario_1,run_9,7.259030664969515,6.54025025302723,5.817226478954323,4.409301558496345,3.694228810061979,1.1147910259543328,0.0,0.0,0.0,0.0,0.8943217574479785,1.3793011292048325,0.5745925150002559,0.5046234896597642,0.6655574932222809,0.0,0.9103035215375304,0.7096443874007019,1.0923953490261231,0.6204710813330564,1.2358570187350988,0.3276092219542552,1.2307285113640354,0.8575575853116615,2.473765152335265,0.7396910901064144,2.141780295530268,0.7296749169285098,0.3000686162188661,0.0,2.44791321983366,0.5332653201179841,0.0,1.84086654776148,0.7772172597415941,0.4835931861979544,1.0206694341035387,0.0,0.0,0.8175387313831797,2.44791321983366,0.5332653201179841,0.0,1.84086654776148,0.7772172597415941,0.4835931861979544,1.0206694341035387,0.0,0.0,0.8175387313831797
scenario_1,run_10,6.684712433142576,5.736033129508899,4.517618419827636,4.854360202045479,2.939167297787855,2.783763913967227,1.896428018955334,1.942647611912724,1.1716510811477718,2.374146367300201,2.2209355861762985,1.7279357648569649,0.5605360422994277,1.277000523159452,1.6977502861349982,1.3074278932512664,3.1475523245940407,1.421295835880633,1.161422522395227,1.685314610838963,0.7625827358848148,1.5135114458836612,1.690616211345375,2.313879254407979,0.178096219199518,0.4479322647165416,0.0,1.9710526579835703,1.5752284565958683,0.0,0.2907015947349196,0.0,0.0,2.110689546001899,2.4899040686463736,0.6192725428457538,1.5858013016797634,0.0,0.2634612741395786,0.9547241060448376,0.2907015947349196,0.0,0.0,2.110689546001899,2.4899040686463736,0.6192725428457538,1.5858013016797634,0.0,0.2634612741395786,0.9547241060448376
scenario_2,run_1,6.5764068014362165,4.495435841041584,4.168702869521301,4.813992950111347,3.844445742150109,3.633530156376575,4.436629567585015,4.303337340287718,4.442805475697891,4.105483220511621,3.847430218967021,4.944607737957864,2.0418234632718333,3.4137407383688547,1.2540433526230303,1.4269158003082132,2.368385704927398,1.463362220930835,2.046864458978787,2.0786407721638707,0.9944824261626424,0.2084664257079801,2.991729251372183,4.47414860771324,2.025951823217162,0.4302202453605837,2.469235921268325,2.529588629837216,1.7075856294614404,2.2956760637852054,2.53932145232954,3.778907133890916,4.747482061333688,3.119744408818694,1.5685505620526907,0.5059969000283953,2.6970930762243923,2.818485394685202,1.4595479915074392,2.093959679544024,2.53932145232954,3.778907133890916,4.747482061333688,3.119744408818694,1.5685505620526907,0.5059969000283953,2.6970930762243923,2.818485394685202,1.4595479915074392,2.093959679544024
scenario_2,run_2,6.313196459915366,4.856447513238727,5.985108815343009,3.4884885214879056,4.891971643814098,4.878708313285633,3.40444259369213,5.932580643602122,3.911273089434353,3.7486058640993374,3.23296001871732,4.240522189295221,4.609069587905898,3.413095886458431,5.84131627371923,2.2883612769025303,3.8725146685799134,3.3276412177321304,1.894662733551882,2.9193339257642648,2.007770745295681,1.674184169212852,3.9517913480893982,2.7444930656212745,4.086176194054578,4.016420216543372,3.2221657057880533,2.7193868425753043,1.844992787064573,1.2945161884924326,1.852611059606133,2.922521057696774,1.8502448689165991,1.8059453304265607,0.7403081429403381,0.531217629927452,3.6647495432234303,4.549738005547338,4.212093655216568,3.29090589355944,1.852611059606133,2.922521057696774,1.8502448689165991,1.8059453304265607,0.7403081429403381,0.531217629927452,3.6647495432234303,4.549738005547338,4.212093655216568,3.29090589355944
scenario_2,run_3,5.509026404470852,4.310950312940007,6.829042592649174,7.026424356916744,4.5746497311215055,5.0238200474082975,6.506231138358578,4.998071510217686,5.965757176990175,5.2584517866459874,5.078300081349706,8.850778713718224,5.17464321951859,6.549671976024934,5.322213030390008,5.344986967172429,4.996865315370021,7.614679626024445,5.588584414460589,5.983270723998685,5.0474778347238045,6.4573165630858025,6.196040457310304,8.470029579930248,8.081160378752937,5.407267010163976,4.247814655117688,5.358842348078244,4.877692753933071,5.039657817781324,5.155478804075464,4.844320386534871,4.851464303860505,2.83610612555826,2.886537188132637,2.806085178414533,1.999672378363225,2.056178742869963,2.650519344963743,0.0,5.155478804075464,4.844320386534871,4.851464303860505,2.83610612555826,2.886537188132637,2.806085178414533,1.999672378363225,2.056178742869963,2.650519344963743,0.0
scenario_2,run_4,8.123147012891028,6.153086787981097,6.345283872628231,5.160690299483624,5.463135486740804,4.711607820412748,6.17249819300104,6.974437469885776,7.007915887194743,6.093956517980064,5.626161201297036,5.289419766806473,6.521685923349226,4.878644456934182,6.640836087604827,3.746621427736719,5.177755298318245,3.414453048466265,4.184230701836375,4.32456260992661,5.781340326174108,4.393026605210197,5.408330158399031,4.315766326033353,2.5975133949805955,4.573995471928265,2.581931820120738,2.501913095482854,2.1050866968037623,1.758984940454834,2.5608114406165243,1.4003088835387365,1.036266925814739,1.036266925814739,1.1903888609996756,0.8339004390674253,2.3409537986458373,0.7004693978700015,1.4143923913740803,1.214628265002154,2.5608114406165243,1.4003088835387365,1.036266925814739,1.036266925814739,1.1903888609996756,0.8339004390674253,2.3409537986458373,0.7004693978700015,1.4143923913740803,1.214628265002154
scenario_2,run_5,7.055291104996274,5.252445014153582,4.12429259957919,5.171707880970332,4.324099021606978,8.663634391956,4.38807783683434,3.954152260376241,6.696309815112381,4.011797682021145,4.652551221157902,4.586615120375323,4.757948445975833,4.997934510645183,6.044398368598666,4.495367981256873,4.951581311948438,4.022914301720473,2.485177302202612,2.684334164161177,1.5977931908723826,1.0594062809042366,1.3700680527282023,1.581893431010584,2.5341761765150754,2.481624547424805,1.966277255549533,1.1506267463453763,4.720048918664529,1.9802317553970343,0.4590479509282748,1.7434310453349866,1.2046054097282228,1.3479111380613802,0.2326121960553675,5.978189299445157,4.332662308352654,3.558488901315549,4.057740167153542,0.9835792592900218,0.4590479509282748,1.7434310453349866,1.2046054097282228,1.3479111380613802,0.2326121960553675,5.978189299445157,4.332662308352654,3.558488901315549,4.057740167153542,0.9835792592900218
scenario_2,run_6,5.204639499076391,4.874931533258912,4.596381327209348,6.23706005051393,3.793489416225469,5.536407949756695,3.7775012397857473,4.269476747977612,4.795064413150604,4.682508734867265,6.369847342423994,6.060819968450491,5.285965575645031,5.015110331208847,5.97098504705723,5.822237619132968,4.183759074603915,1.888346548728261,4.45381398784166,3.016625716852553,2.9810449152537783,3.3774764219889155,3.59374970831576,2.344187831842312,4.192438682545886,2.877698116590662,2.047549541585886,1.387000077003815,1.010968568177327,1.9143489359868084,0.8019077123445303,2.5449473823582784,4.131089029541396,1.5735737041581872,1.0009051535535247,0.6854461105064409,4.164933932708412,1.412312709310477,1.2122741340324097,0.3732162436918705,0.8019077123445303,2.5449473823582784,4.131089029541396,1.5735737041581872,1.0009051535535247,0.6854461105064409,4.164933932708412,1.412312709310477,1.2122741340324097,0.3732162436918705
scenario_2,run_7,6.551442424495699,4.914833740174372,4.07707724495767,4.976799842757954,3.941419703001413,8.748454158512978,4.178654179182193,5.957840798735082,5.543421996002096,4.175689290909885,3.814575440321104,5.576324954488867,3.7559647082758767,2.887192724671569,3.413375875630228,3.483239788802332,3.827007658824664,4.47627133479869,2.557120609747423,2.8496325877126214,0.5008939147610267,2.14059758943712,1.2434515385213465,1.2070840243434269,1.9312984646231723,0.0,1.88243606313663,1.4599846167204915,0.0,0.8248810807970715,0.7064220442926578,2.056040346130028,0.7234641170037506,2.6906836364446933,1.5785763821132357,1.4215565865583637,1.165937056102881,1.1015290694541569,2.4323753920322604,2.6876325380240664,0.7064220442926578,2.056040346130028,0.7234641170037506,2.6906836364446933,1.5785763821132357,1.4215565865583637,1.165937056102881,1.1015290694541569,2.4323753920322604,2.6876325380240664
scenario_2,run_8,7.227784553437703,4.271879035648384,5.432929116297507,4.8937110859028685,5.497578024755586,6.260209876217482,5.077926649542852,6.349167169006082,6.695802822389496,3.91454002504346,5.513245176284171,3.02003629377778,6.968649206895245,2.285419072580797,1.3479956629464336,3.2797435173686926,0.5500450592353107,0.7211627023860296,1.989412637209482,3.7203090831443375,1.3630931430006166,0.8357818704361527,3.151675513983662,3.040664759340236,2.72547063209072,4.39191356033665,4.204585760457881,1.7303967759355454,2.8452597210851813,3.3197697534904607,0.0,1.70709555180232,2.164960390499465,1.726041171584845,2.750568046796084,2.235530693312548,1.749370415451045,3.707274020520329,2.692601080004013,3.628351234082364,0.0,1.70709555180232,2.164960390499465,1.726041171584845,2.750568046796084,2.235530693312548,1.749370415451045,3.707274020520329,2.692601080004013,3.628351234082364
scenario_2,run_9,5.839622939224775,6.772695368086434,4.713266264407539,5.130679658094595,3.4599353999943703,7.062314798664187,2.7642209675674527,3.2598014440633136,1.554574548508569,3.06437792918218,1.945491981718284,1.246875069225125,1.4099099828887904,1.7851964149514532,3.9060894865692624,2.6163945541948963,2.95196924613444,3.001559982294228,1.340220435526977,2.565036956266068,2.1680318136690344,2.514090487927189,3.111063314744833,2.0916594158873822,0.4189981702087409,3.900745271467818,3.463078021146917,1.8002670239967355,3.2516299649402924,1.7162850117354815,0.5620573175645788,0.2911589963469768,1.385594439746591,0.0,1.96431623817105,0.6961833779781232,1.2878623007981609,2.700017904843384,0.5581783828729965,0.0,0.5620573175645788,0.2911589963469768,1.385594439746591,0.0,1.96431623817105,0.6961833779781232,1.2878623007981609,2.700017904843384,0.5581783828729965,0.0
scenario_2,run_10,7.964918898954946,4.639783904328668,7.202174024823106,3.736011189714216,3.947426428273929,6.147959553137338,3.4072790041066354,4.710453533540716,4.266072913592612,3.655585535050804,4.440886488019645,4.733461785466014,4.190747671536681,2.981586917438895,2.283078160157185,1.9377698258111344,4.694034605630474,3.003364330354956,5.778234793052438,2.5004134628074204,3.6154937813542425,2.3374020060106946,2.399265748439496,0.4852457202616619,2.565081411075716,3.2081269221627435,1.9078521588223083,5.0708105353877,4.371692275872958,2.274013599161856,0.8216770727975902,2.8618686156907938,1.4199432499955618,0.4049988862220554,1.7360786789241978,3.998850605677724,2.336679606103219,4.358572464530347,2.104157009421976,2.622729767950201,0.8216770727975902,2.8618686156907938,1.4199432499955618,0.4049988862220554,1.7360786789241978,3.998850605677724,2.336679606103219,4.358572464530347,2.104157009421976,2.622729767950201
scenario_3,run_1,7.260596730618421,6.0661754174836044,4.330629778428836,3.5468002701960506,1.1193071624397544,0.389259134781999,0.0,0.4147444591648216,0.2727707796154062,0.0,0.0,0.0,1.113600721832679,0.0,0.861508245553766,0.0,0.8890329118329865,0.6624115618743099,0.6172239659810649,0.2244591976981746,0.6915932324798082,0.0,0.3469025589272324,0.0,0.3773235191281568,1.2211018666797693,1.7957813073543996,1.287029670893651,1.5573838778184257,1.2707040994660097,1.2635839316208015,1.6775757206926394,1.2707817576529103,2.637038157800026,1.846345643643141,1.796560001671756,2.17153256906901,1.1563209067102391,1.350917221721465,0.4136178458735062,1.2635839316208015,1.6775757206926394,1.2707817576529103,2.637038157800026,1.846345643643141,1.796560001671756,2.17153256906901,1.1563209067102391,1.350917221721465,0.4136178458735062
scenario_3,run_2,6.56705470101875,5.708084165139757,5.002375210026001,6.173134298048447,5.523262536378413,3.384985269074497,4.2125151168343,2.2143586867322607,0.5795099705005373,0.3746393453879705,0.5446895361494981,0.6871681345352972,0.613740793932147,0.0,0.6607707236877103,0.423104323435185,0.6390694142764015,0.6548699250141731,1.1562538212741422,0.6471018584699927,0.5582542185237834,1.9348712904562653,0.0,0.9710994013531008,0.0,0.5905401937353905,0.0,0.0,0.0,1.0285548016988044,0.6152415389530466,0.0,0.412474301507026,0.0,0.0,0.0,1.075789220780513,0.8500594967894216,0.4350312650875409,0.0,0.6152415389530466,0.0,0.412474301507026,0.0,0.0,0.0,1.075789220780513,0.8500594967894216,0.4350312650875409,0.0
scenario_3,run_3,5.3071619470035,4.1509291062159,5.399685124691684,4.6969681072058505,3.3061891494119373,2.913944718597268,2.661892276818891,0.1500545736221991,1.3008618487381465,0.5234809400155818,1.1146322719967567,0.0,1.379650691581075,0.4520336836539543,0.3423824852919829,1.4345689896319294,0.6204400508780838,0.0,0.0,1.1820474534562149,0.6581594857017281,0.0,0.3911788497145553,0.3632826140094187,1.622947982035243,2.542185407622792,0.2438065123754851,0.4904408457408922,0.0,0.6356208575351344,0.5762866649783094,0.5972609108529406,0.0,0.3794147994815674,0.9889754526805036,1.5989128701589226,0.0,1.5715660672398415,1.774772835025053,0.0,0.5762866649783094,0.5972609108529406,0.0,0.3794147994815674,0.9889754526805036,1.5989128701589226,0.0,1.5715660672398415,1.774772835025053,0.0
scenario_3,run_4,7.006251500466718,4.193907489234888,2.617277052537535,1.7118239082475728,0.0,1.216666529982371,1.038536513021182,0.0,0.64881779586744,1.1750657492332464,0.7704828734450448,0.6812203652128987,1.1833800117375144,0.0,0.0,0.950971995445333,1.0750701529125128,0.0,2.196609631324377,0.394581954405332,0.9449280890547388,1.734460191426848,1.4796246453895772,1.685610693060362,1.229700584163961,0.91953701360759,0.4174502020175633,0.4574681646039767,1.6171299532888064,1.7505197428241868,1.6995914497070004,0.9549421905397096,1.3082931053824784,0.0,0.0,0.0,0.61620443975204,1.2031868936554493,0.0,0.5086198554168458,1.6995914497070004,0.9549421905397096,1.3082931053824784,0.0,0.0,0.0,0.61620443975204,1.2031868936554493,0.0,0.5086198554168458
scenario_3,run_5,7.295372008578551,5.718460505071332,4.69075951176307,3.921650129601903,2.303892694203744,0.3926547717882658,0.6144887609492039,0.4091806734399262,0.0,0.0,0.0,1.5363185028162434,0.0,0.5440604973957799,0.4161672762543098,1.0930631674174307,0.3439663573930913,0.0,0.0,0.5091411149444569,0.0,0.6665131169270934,0.5088831633711876,0.0,0.5214352390259809,0.0,0.3595319423059723,0.2742042329723876,0.7019073149790701,2.13854822425279,0.3912406694528235,1.0737915801504665,0.0,0.0,1.737851659380908,2.137807872865248,1.5532597631588458,0.8561354364144387,1.33840460320152,0.5730132890176647,0.3912406694528235,1.0737915801504665,0.0,0.0,1.737851659380908,2.137807872865248,1.5532597631588458,0.8561354364144387,1.33840460320152,0.5730132890176647
scenario_3,run_6,7.426416674864102,6.000123822617927,4.379166010473827,2.800475436407981,1.911005810632799,1.7466735369799928,1.1620614836359402,1.8129553088377373,1.5283063817161882,0.8465391867424451,0.8567281674497458,0.4784847494078011,1.9107444891045269,1.0000037547011336,1.0950995431459898,0.542269008912573,0.4015865944168858,0.5882696585214287,0.0,0.5867473043652753,0.5275445222132868,0.5897463544717466,0.5106176847331836,1.093430084049379,0.3556513270449865,0.4578499541612902,0.2629610793832924,0.5371128400421803,0.6860734896315217,0.4106315293824478,1.0225684595233515,0.0,0.513777720300604,0.8013905737754226,1.0766491246094738,0.6398731266927173,0.3770047120334921,0.3615121805846256,0.0,0.0,1.0225684595233515,0.0,0.513777720300604,0.8013905737754226,1.0766491246094738,0.6398731266927173,0.3770047120334921,0.3615121805846256,0.0,0.0
scenario_3,run_7,6.693719563163386,6.124117333696048,4.922917265494457,4.513620002229006,3.591756911208873,4.063015793698705,3.309009204069011,2.92896519813748,1.200829537704236,0.0,0.8487917658274824,0.0,0.5700015432321829,1.5877062676524432,1.122416885414046,0.3824501668913588,0.8279028519092482,0.6656343686348702,1.3221549204698753,0.5184340530998879,0.0,1.0017482250391585,0.0,0.9842151966203302,0.479265395673823,0.0,1.123783854600837,1.7945557090812163,0.217305067865207,0.7022594451399101,0.0,0.0,0.0,0.5394955687783008,0.0,0.0,0.0,0.9331130815874934,0.6686079636711357,0.6705982278620171,0.0,0.0,0.0,0.5394955687783008,0.0,0.0,0.0,0.9331130815874934,0.6686079636711357,0.6705982278620171
scenario_3,run_8,6.075926106881388,5.209076750380067,5.415357358580199,4.066964544390091,5.010005851590594,4.440226821522201,3.832053039512575,4.708481830291735,1.5008632485973812,0.52047250176026,1.2592187080734685,3.3192511342143165,1.9525355433699303,1.4959804520730238,0.6639659389215499,0.0,0.9853227395286126,0.9102153600563486,0.0,0.0,1.6689065022589715,0.0,1.0480287293172432,1.4363391700521035,1.5540259492517623,0.5827294450422628,1.0144486812798206,0.2523142862871917,0.0,0.5335906853439198,1.8282892080873137,0.5783204543449731,0.6152392632598901,1.2005991014783903,0.5208473976346006,2.248087863958024,0.2388285838016397,0.5824213912748537,0.4830095664409249,1.4362362274998317,1.8282892080873137,0.5783204543449731,0.6152392632598901,1.2005991014783903,0.5208473976346006,2.248087863958024,0.2388285838016397,0.5824213912748537,0.4830095664409249,1.4362362274998317
scenario_3,run_9,6.252831758423109,5.52706730392295,4.645856300253663,1.7998424755062363,5.22772424714753,2.94481732955084,0.6209079378671085,0.0,0.5984866097907158,0.6279449178289711,0.0,0.0,1.0452053086608053,0.2156023578342137,0.4952263206556216,0.781506257905753,0.0,0.0,0.5363460721835628,0.350356291163362,0.3443313180095657,0.6016476853668283,0.4022338344840147,0.6069758244004699,1.6662804798094428,0.5831688642596441,2.3161477581134178,1.5917791707653808,1.6716821220308986,1.5836005303416598,0.8795417654354152,0.0,0.5916851411233661,0.0,0.0,0.0,0.791662416288039,0.2547785661837812,0.638016497097827,0.6274751130415909,0.8795417654354152,0.0,0.5916851411233661,0.0,0.0,0.0,0.791662416288039,0.2547785661837812,0.638016497097827,0.6274751130415909
scenario_3,run_10,5.8531233071677145,2.945566715106387,2.2493154499700423,1.158810356809638,1.0647965386439229,0.3915032407929316,1.0705024499645952,1.2820630502196182,0.0,0.4014911558353476,0.0,1.3117834891278544,0.0,0.7162757715269699,1.113941516116494,0.0,0.0,0.0,0.0,2.8252645041438407,2.315315230879193,0.5421939134969216,0.8691891824391462,0.3270239760108551,2.0465382273672166,0.0,0.0,0.0,0.0,1.984112650744004,0.9755874317779938,0.0,0.4890590423469305,0.571366767901548,0.0,0.509447364924223,0.0,0.0,0.9046946424006748,0.3989202661227632,0.9755874317779938,0.0,0.4890590423469305,0.571366767901548,0.0,0.509447364924223,0.0,0.0,0.9046946424006748,0.3989202661227632
scenario_4,run_1,6.67944146303162,3.744379030912111,3.672206412973764,2.7880249549465903,2.967692438560194,1.6560753535266417,0.9462920383284597,0.0,0.8025903723023236,1.3487270732170475,2.1121546145834613,0.5814454918782371,0.0,1.4221040316108426,1.475501364968553,0.4855475866099102,0.6720869195250246,1.2236109038991316,0.6180610076621249,0.31408698645835,1.5204685511130882,0.9004764947505688,0.2833123021560875,1.02124674977108,0.779359516825979,1.573194204018253,1.137782653109483,0.2894900923857163,0.6329562146121887,1.2274386300954176,1.2500089797379748,1.687816522420666,2.004125558671108,0.4582725302109829,2.2653245060410634,1.5360434113656145,0.2675168912058042,0.5300498432188304,1.2379216231989705,1.1795141956814903,1.2500089797379748,1.687816522420666,2.004125558671108,0.4582725302109829,2.2653245060410634,1.5360434113656145,0.2675168912058042,0.5300498432188304,1.2379216231989705,1.1795141956814903
scenario_4,run_2,5.20109661331528,2.550014657526264,2.090539298886785,0.96322115608824,2.109167872688121,1.4502246332588489,0.8691434586400104,0.3420332773585945,1.1018130294363455,0.613588571917369,0.3666973600340024,0.6314811080659288,0.0,0.5470823945098777,0.9235148410646729,0.0,1.4502475385577411,0.0,1.488002814051992,0.6349983016033274,0.5332803929552397,0.0,0.3979463918799144,0.991709562435212,1.674797558406793,1.2790349713135758,0.6653517091827522,1.279945607158615,0.602798060391439,0.0,0.9691573828578884,0.3557062070212822,0.2098546665466572,2.3693974003316223,0.0,0.9896699623835512,1.3698103090270777,0.3784374709223266,1.5127607653536763,0.6710246441536211,0.9691573828578884,0.3557062070212822,0.2098546665466572,2.3693974003316223,0.0,0.9896699623835512,1.3698103090270777,0.3784374709223266,1.5127607653536763,0.6710246441536211
scenario_4,run_3,6.604769112921008,4.366773390349003,2.570513427693596,1.4736961686802703,0.6688207187290223,1.6121704247594746,0.4490211008056305,0.0,0.5991434717883608,0.6349898132678804,0.0,1.271985007159803,1.0825511272888868,1.1171579604537896,0.6151839365267661,0.3292177637541606,0.5749129101292249,0.7643713830877384,0.316531450423223,1.0177468596054908,0.4829405813733728,0.8020614745891311,0.5347599862647726,0.0,0.0,0.4382311329436651,1.3267621832937946,0.4502618946176264,0.0,0.9536758219028784,0.0,0.0,1.061569543614732,0.0,0.0,0.0,0.0,0.0,0.6366818700135229,0.3670266486975978,0.0,0.0,1.061569543614732,0.0,0.0,0.0,0.0,0.0,0.6366818700135229,0.3670266486975978
scenario_4,run_4,6.6439752179216685,6.055517208008837,5.017757686923297,3.703833160310576,3.376435088642799,1.9624539089435469,1.1629803333515816,1.1540718688988552,2.4234259592568645,1.935114397982464,1.225574483454186,0.882868345293564,0.982395462361325,0.3460043761875573,0.7410439427936961,0.0,0.0,1.6193803582093529,0.0,0.0,0.0,0.6224854236059036,0.0,0.7144469197398157,0.4670925584582515,0.2455424849511892,0.0,0.7077573423029374,0.5788581956207617,0.3859415228528787,1.0426752459317925,0.0,0.0,0.0,0.239569817703437,0.0,0.6766062404294327,0.6500489712783809,0.4197292194639506,0.0,1.0426752459317925,0.0,0.0,0.0,0.239569817703437,0.0,0.6766062404294327,0.6500489712783809,0.4197292194639506,0.0
scenario_4,run_5,5.78143073285785,5.017498844511907,4.170784077248587,4.188720691024097,1.5524907676223412,1.7947278982951846,1.2489125439469817,0.2933788876899946,0.8010127347318994,0.0,0.4584358805878127,0.6247359905685084,0.0,0.8344527915647475,0.239380866029934,0.5993834840507379,0.5659030466656433,0.6376205877999295,1.2100638709563047,0.8952603518851963,0.5926127949434805,0.6177673384494222,1.8176206922978209,0.862653691329856,0.0,1.880497419292297,0.6018158854083765,1.3430796681986918,0.32877212298872,0.6229992980149195,0.5327963027245887,0.5965102730149435,0.1943540397136246,0.3340870283347475,0.4736883245933369,1.7449705444083008,0.934910946048538,0.3522602773741278,0.0,0.9948602015286682,0.5327963027245887,0.5965102730149435,0.1943540397136246,0.3340870283347475,0.4736883245933369,1.7449705444083008,0.934910946048538,0.3522602773741278,0.0,0.9948602015286682
scenario_4,run_6,6.33648127050477,5.26461524159725,3.0268831272032903,1.3812579096703963,0.3523487862459749,0.0,0.0,0.0,0.4587428821635734,1.1231035347061484,0.6810702994610431,1.2933457263757562,0.6011657695923923,3.085440221415589,1.399108308527897,0.0,0.3030253404972565,0.6853657269560968,0.7034227308365042,0.5768591330649316,0.4369635535189292,0.2694473582376161,1.449077579843628,1.831518447366596,1.031621311514174,0.8600671874069217,0.6125438119901104,1.0,0.6032019031368487,0.6173408078486572,0.2731646606124205,0.0,0.0,0.2771961621636959,1.1861752311523546,0.0,0.646360650817192,0.8311511290690952,0.0,0.5882097023537256,0.2731646606124205,0.0,0.0,0.2771961621636959,1.1861752311523546,0.0,0.646360650817192,0.8311511290690952,0.0,0.5882097023537256
scenario_4,run_7,5.870295201098047,4.5610553818059625,1.7711833908616814,0.9908256195790248,0.0,0.925368829141508,0.9839847280776874,1.118168870774134,0.3445766715410953,0.0,1.3903486440190191,1.701595014259626,2.728636149018898,1.5058774667309662,0.2145392940015312,0.0,0.2464311534860634,0.4735518279873218,0.2544584398044797,3.230154482200706,2.288458920559938,0.7982605336858694,1.5979757071170413,1.4727288959034823,0.5590331739228017,1.831557082935846,0.671018720090642,1.308127125655526,0.3399395858692031,1.0983310806448217,1.0,1.229666624899481,1.2323335826309658,0.2834833466433382,0.6957757405057728,1.4712850320717603,1.2607447448547415,0.0,1.422788870915679,0.6354164640271582,1.0,1.229666624899481,1.2323335826309658,0.2834833466433382,0.6957757405057728,1.4712850320717603,1.2607447448547415,0.0,1.422788870915679,0.6354164640271582
scenario_4,run_8,4.288916871058246,3.600006095905246,1.2641224128315542,0.0,0.1745111159185716,0.6617813142592374,0.0,0.3479287861227234,0.0,0.5958303684729778,0.597755705458637,0.0,0.475118261215752,0.0,1.2442858323564727,0.0,0.4270162919328747,0.8064416476768865,0.0,0.3362199019508046,0.8569260776892529,1.5083111385948935,0.3731975180951966,0.2987244230359568,1.94344914772506,0.9281683084276,0.2884685514125052,0.0,0.0,0.5127591765211408,0.6740487345790396,0.3318649581886432,1.0173609927926095,0.0,0.8950787903792939,0.4277632581668408,0.6023746037953204,1.0,0.2392048576062433,0.0,0.6740487345790396,0.3318649581886432,1.0173609927926095,0.0,0.8950787903792939,0.4277632581668408,0.6023746037953204,1.0,0.2392048576062433,0.0
scenario_4,run_9,5.145223737156424,4.230196868230464,4.268080330590374,4.256906865117458,4.342030230258753,2.9684763893882566,3.8728606177511495,1.3699121721981145,2.751901884465549,1.0499617130472807,0.916833822328294,2.123595453028716,1.65628607675491,0.9085939771327912,0.5987666840584343,1.3682325201534733,0.5822859296483844,0.6362794649600257,0.3218272522397617,0.6169883082108087,0.45559123141136,1.3885594671518402,1.1960852532111788,0.6471777472113699,0.0,1.2626239789880105,0.3838101236225081,0.744159512859838,0.2836828944373376,1.3096403584518097,0.818081961166971,0.0,0.2634744533972477,2.090433148913434,2.1215980739181903,1.9552519788819367,0.9976020307910506,0.6526239014430628,1.7253330122163093,0.1656820170877016,0.818081961166971,0.0,0.2634744533972477,2.090433148913434,2.1215980739181903,1.9552519788819367,0.9976020307910506,0.6526239014430628,1.7253330122163093,0.1656820170877016
scenario_4,run_10,6.420249818450796,6.29996232890441,4.297784471491815,3.7744744351470665,2.3069148007695537,0.8706998200730848,2.545913527103715,0.8234669789573899,0.2741955038169707,0.3127429261031444,0.0,1.0309612222494728,0.0,0.2409020920022637,0.6247049572877701,0.5465402382936564,0.0,1.883529920985436,1.8607945559127743,0.9177863037754728,0.2899904038857658,0.8894770102997265,0.2935681541854836,1.6013804844696462,0.6119569399862279,1.0375195002180904,1.2648776292853985,2.0236068387035018,1.1768471623341743,0.2447347535216027,0.3858872858607506,1.938014670308275,0.0,0.9211343717396157,0.0,0.0,1.2600364814721725,0.3510550506546199,0.0,0.301164637383653,0.3858872858607506,1.938014670308275,0.0,0.9211343717396157,0.0,0.0,1.2600364814721725,0.3510550506546199,0.0,0.301164637383653
scenario_5,run_1,6.028971498320495,5.258582405051799,4.197018799879494,5.135166429546725,4.438427574871237,4.648589100344132,3.688103506489093,4.678658219552446,4.575008060002061,3.717578768135021,4.2317631394818935,3.963327911234226,3.8122326216316544,4.056878457885615,4.430415483220758,3.9640350922702177,3.614806580456488,4.312543926697858,5.178234251945317,3.7572151656095336,4.661896790953112,5.68068615846235,3.977627908553626,4.340727337641572,4.073062572318974,4.090564739406998,4.608445752157328,4.529145798165296,4.806873538902019,4.030553707610862,3.747010698773072,3.7375921275727606,3.996490035072024,3.720806424965086,3.916830101958742,3.814718103169165,3.8528516867558857,4.32851209681534,4.505959036851807,4.735655885039704,3.747010698773072,3.7375921275727606,3.996490035072024,3.720806424965086,3.916830101958742,3.814718103169165,3.8528516867558857,4.32851209681534,4.505959036851807,4.735655885039704
scenario_5,run_2,7.118488234377116,6.159747911360258,7.317087621490765,5.416631813774999,5.999431636369534,4.771115966259741,6.925899016726708,4.339643273332531,5.023198471718141,3.770305553189856,5.393062130550559,5.290499601451165,4.308756516383019,4.316638562407614,3.548322368843608,4.72049199571243,3.808777734949816,3.985088706762162,4.157765674015111,3.408570695888529,5.00796105198989,3.674543560357761,2.2436403572962065,1.3924116672701936,1.427871888783916,1.5175034917834835,0.7579997912133575,0.3521543909548026,2.6754924741200883,0.0,0.4032698342431925,0.0,0.7659259020656115,0.4054793350081831,1.2929839540938393,2.143357908418281,0.70734175067076,0.999495768937088,1.6998946913422237,0.3686319894993299,0.4032698342431925,0.0,0.7659259020656115,0.4054793350081831,1.2929839540938393,2.143357908418281,0.70734175067076,0.999495768937088,1.6998946913422237,0.3686319894993299
scenario_5,run_3,6.989593661839438,6.693540300245351,6.578093328522276,6.370468922356142,6.45724334085987,6.4698858719857935,6.238867774930947,5.967870275861055,6.114010820673883,5.477964045090327,5.064495430192951,4.455228152758661,3.256223492106224,2.614291813100541,1.3831700185839373,2.478198267957602,1.358409611608438,1.4931150039680858,0.7767928402669902,1.568404200309415,1.0,0.3228736403242634,0.6466882789925984,0.0,0.3463882854032764,1.3227008171853711,0.5855919390905108,1.486377247735532,1.9466253737680843,0.9697252249764532,0.0,1.06402799112609,1.709366608904745,0.4047759192263013,1.7556407803304714,0.0,0.7422915144936069,0.7725405473756304,1.2115359920242237,0.0,0.0,1.06402799112609,1.709366608904745,0.4047759192263013,1.7556407803304714,0.0,0.7422915144936069,0.7725405473756304,1.2115359920242237,0.0
scenario_5,run_4,6.249684453031009,6.35247554745799,6.263794066847158,4.847832703644153,3.8463610730308986,5.078121759146181,3.2521460738051515,1.0829657743699683,1.5519223281833243,2.154950192164637,0.7794418552321835,0.973408982565835,0.8972974907216245,0.3475907445482696,0.8182332971881674,0.7881969074051407,1.60709766524056,1.169030986443636,0.3367566702611724,0.6837713655633639,1.144883704319429,0.0,1.361042456798188,0.7056091523659257,2.3380797346689546,1.2353174153394475,0.6269010568241885,1.5093397564001023,1.869989727600463,2.88397722265066,0.7930885764904284,1.6252379823541363,2.6522007669576704,1.4118600927947504,1.0637274642486751,2.6823646482562182,3.026193487651084,2.832580525528717,0.7361777379336315,3.568257687573053,0.7930885764904284,1.6252379823541363,2.6522007669576704,1.4118600927947504,1.0637274642486751,2.6823646482562182,3.026193487651084,2.832580525528717,0.7361777379336315,3.568257687573053
scenario_5,run_5,6.923791675123145,6.8532788631641015,6.646595260304368,6.885473166482141,6.655920366614713,7.114298411807108,6.51531958319799,6.374778556175784,5.641620157524345,4.522706353609662,4.773961188675638,6.223021343147602,5.1169899830333465,6.629273891503233,5.367244721623206,5.333231286368482,4.210418548781556,5.298344193426242,6.1213684975144025,4.28088140823056,7.540802992455349,5.644242414362648,4.781769648560742,5.006290133550723,5.563438037833363,4.931785562129241,5.038849252936826,5.319665003993348,5.669449787329752,5.688849123860231,6.056493786664412,4.5578968510706,6.270329959123981,5.461336479216062,6.594587521835834,6.120490042074147,7.17382234155735,6.518847950277904,4.778408655387577,4.778408655387577,6.056493786664412,4.5578968510706,6.270329959123981,5.461336479216062,6.594587521835834,6.120490042074147,7.17382234155735,6.518847950277904,4.778408655387577,4.778408655387577
scenario_5,run_6,7.325445893470713,6.029000435509973,6.011835987798808,5.4782909895631295,4.44187460433543,4.0724844894641485,3.0757886197974127,4.318321877074087,4.952198443754118,1.7479500640468089,2.5041041686031096,2.0167156681202747,1.0409278867344791,1.0426804078598737,1.7433367093706356,0.3314900256953456,0.3630319219085994,1.625323009201184,0.7016339020951173,1.027582493697049,2.582508982742378,1.610687153448237,1.1300322593863303,1.5297977142771295,0.3980021305992964,0.468837471817385,0.0,0.2604654959957281,0.7322316473060808,2.384797455865395,1.3247709219928074,0.3628236167168101,2.0,1.0422366564872694,1.453362928353407,1.3431046797028876,0.6625360435132388,1.232159420157654,0.0,0.7242880055825991,1.3247709219928074,0.3628236167168101,2.0,1.0422366564872694,1.453362928353407,1.3431046797028876,0.6625360435132388,0.0,0.0,0.7242880055825991
scenario_5,run_7,6.74514992455183,6.751886094954306,6.703897206190568,5.812406630521125,5.253155052569851,5.697192010353173,4.987143376535635,5.607634017631414,4.882319649627264,4.708360061517948,4.102930961797581,5.068474682031043,3.6392355827290936,3.1448402982363657,2.4126890961344003,1.4807074592583602,1.5970976652409243,1.392560611268452,1.56903996825673,1.1582639901718017,1.176036523560985,1.6487446428500945,2.131274948866236,2.8565207771916787,1.1024674319081549,0.4503939827858361,0.3673328551378928,1.8034854265711704,0.3757126638697953,1.3708508623271018,1.949319447111702,1.1716767791407707,0.9991798420003706,0.3234106410101956,0.334081770708325,0.9699814500216964,1.332159420158689,0.7574576909491668,0.0,0.7295176375239738,1.949319447111702,1.1716767791407707,0.9991798420003706,0.3234106410101956,0.334081770708325,0.9699814500216964,1.332159420158689,0.7574576909491668,0.0,0.7295176375239738
scenario_5,run_8,6.309222802443061,5.767601714209228,5.067577484041541,5.211359943965162,5.829494007053937,5.948779764059829,7.157237119971515,5.21393426752181,5.00921979696578,5.07789614078447,4.77516117303699,4.702357442304411,4.840676980919173,5.010757153607604,3.52574535852486,4.330231154761852,2.3109325133662684,2.4545465156648127,1.753972615498975,0.3227289850577849,1.463415831979281,1.180385613601365,0.345345672598873,1.5195941926848855,1.774614360020692,1.037740556956127,0.548140433051372,0.3733232995065373,0.4847709978629315,0.3507099118862484,0.7402096617988703,1.7414223855932776,2.2441550742908443,2.209353144345967,0.413832725271858,0.4262460357163372,0.7506337531843605,0.0,0.8430289026073104,1.443937350730388,0.7402096617988703,1.7414223855932776,2.2441550742908443,2.209353144345967,0.413832725271858,0.4262460357163372,0.7506337531843605,0.0,0.8430289026073104,1.443937350730388
scenario_5,run_9,6.352864844751878,7.095328514070182,5.574615093002072,4.539337825951312,5.3889608169287255,4.051130406323316,5.710995832522604,6.426390772893617,4.559345372448376,4.199260391453658,5.901673829164021,5.322393867111053,3.839979056921107,3.135219494841792,3.1503010728131167,0.3644792242968291,2.89003996825673,0.0,1.34603996825673,0.0,0.0,1.040329392370504,0.8199058194982799,0.0,1.346905943825273,0.0,1.7289905349382433,0.3798105328240381,0.322716223478627,0.0,0.0,0.9616631996665632,0.0,0.345220739679107,1.6705569293071896,2.171986091361976,0.44862093666038,0.0,1.0,0.739819765225671,0.0,0.9616631996665632,0.0,0.345220739679107,1.6705569293071896,2.171986091361976,0.44862093666038,0.0,1.0,0.739819765225671
scenario_5,run_10,7.134738611795607,7.09954816194782,7.260374413691432,7.139659155269401,6.230361375915926,6.247562314812079,5.596308081762017,4.85891659743253,4.216084618832235,5.406281603095206,4.518016881062405,5.651996824526634,4.799800996726495,5.472456129347881,5.055534334402825,3.0529078302970074,3.532344495585673,3.267499896325534,4.646345664622393,2.8263947083609806,1.5100076423199584,0.0,0.865914899836727,1.0,1.3694096532079754,1.1056787684908689,1.1092707310971126,0.6538058374286215,1.549007025284898,0.0,0.9951072799542005,1.875314894200984,0.0,0.0,1.0,1.0862548407646258,0.3429747013024015,0.3528158079309325,0.3230472200773663,1.3418725670596512,0.9951072799542005,1.875314894200984,0.0,0.0,1.0,1.0862548407646258,0.3429747013024015,0.3528158079309325,0.3230472200773663,1.3418725670596512
scenario_6,run_1,7.601894846637171,6.217217264401056,4.911502447962216,4.356452530132825,3.1509503191808754,3.0628494712556504,1.456715212191901,2.56040101329918,0.9745761450306633,0.9613140717166152,1.7929159550335414,0.5445677587633451,1.902013113011063,0.6396477036964745,2.163456638532557,0.0,1.244823475915443,0.7244189511614891,0.7067270535927582,1.5479048533815656,0.8527850735076633,0.9590869338337829,1.1539752212024292,0.0,0.5120151626224236,1.0147459946460125,0.412800754326241,0.2966589963884248,1.4471051684727978,2.830153033229556,0.3799559372339747,0.187033181167889,0.4572935319476876,0.0,1.4823828730130175,1.1930896331842316,0.0,0.8266212895964025,0.5838610255243111,0.4965283901531895,0.3799559372339747,0.187033181167889,0.4572935319476876,0.0,1.4823828730130175,1.1930896331842316,0.0,0.8266212895964025,0.5838610255243111,0.4965283901531895
scenario_6,run_2,9.53271717675006,6.021490037264867,4.578043153008259,3.904953365810437,1.7598606066877736,1.5572660257336246,0.0,0.4962069966828396,1.63311040660651,2.211653557530585,1.7277000119017465,2.673992679480601,1.9534374797039329,0.0,1.0792172221016487,2.29196412562852,1.8203956179033525,1.8462974995282564,0.0,0.0,3.180904850012358,0.9395029681935106,2.054147773257415,1.2148461695337138,1.404402762254487,0.5051434771603046,0.0,0.553949157438881,0.536234890815422,1.955043405403204,0.0,0.0,0.961944011157405,0.4157395271472809,0.0,1.0743638336588417,1.3541401279667458,0.7037412006264334,1.7581350356787386,1.05179963595273,0.0,0.0,0.961944011157405,0.4157395271472809,0.0,1.0743638336588417,1.3541401279667458,0.7037412006264334,1.7581350356787386,1.05179963595273
scenario_6,run_3,5.109272603230082,4.47227718990405,1.6273659583920967,3.9425125338138303,1.3721983393265211,1.0546376867351406,1.2204021335250177,1.202643829004758,0.0,0.3995746518366382,1.1167987332395106,0.0,1.4689667244064704,0.6142115442320923,0.6753969218512677,2.349084551500197,0.6380211351997167,1.4755399203670456,0.0,1.6618292679165052,0.0,1.1251540859132618,1.8707880322571493,0.0,0.0,1.6780333699099272,0.0,0.7042898629732642,0.0,0.0,1.165704682258312,2.1814011763069465,1.881667891932625,2.100300804164006,2.369875659490264,2.381027310682162,0.0,0.3529903454544399,0.9077315039337706,1.1858890569945533,1.165704682258312,2.1814011763069465,1.881667891932625,2.100300804164006,2.369875659490264,2.381027310682162,0.0,0.3529903454544399,0.9077315039337706,1.1858890569945533
scenario_6,run_4,8.798065425087866,6.833225418602306,6.265396401859216,5.9662911312895925,5.994965821559657,5.193201158407391,4.277208219493991,4.21186009293587,2.0713091963298007,1.9464740780674945,2.4807571508392154,1.3659807075075698,1.1543224258306144,1.0116553104943793,2.635310484032625,1.2611021605505737,1.1912674202301516,0.8654531375284755,2.755373563785766,0.7200126264462494,1.1911358932207925,1.0253454756878,0.0,1.507337876754549,0.4768019242231428,2.4507327445894065,1.2348319373448282,1.3461008101045049,1.3489889225536364,0.0,2.032914598433301,0.0,2.219350272678519,0.4761216505253302,0.5468784769509429,1.3159838889650377,1.092381567145296,0.0,1.4104541874850267,1.9083918542517708,2.032914598433301,0.0,2.219350272678519,0.4761216505253302,0.5468784769509429,1.3159838889650377,1.092381567145296,0.0,1.4104541874850267,1.9083918542517708
scenario_6,run_5,5.911728612170313,3.835846281159273,4.014707870754241,3.080272791929416,0.9418813201318632,1.32783153978522,0.8826164748098699,2.9571001457901382,0.0,0.510599358218059,0.0,0.6346871667499944,0.0,1.4973238638888553,0.9024568428549112,0.7286143462518921,1.081850586349847,2.281156270056252,1.2532338285739035,0.8067415205778431,0.0,0.8988863989758291,0.5467211655309392,0.0,1.0846320962691505,0.2981833909862818,1.7253264568190694,1.2007041747794762,0.612923956409259,0.8733114333230038,0.0,0.5912966198866174,1.5369553294689642,1.1092309013911994,0.0,0.4769582415084746,0.0,0.0,0.0,0.5064479165991356,0.0,0.5912966198866174,1.5369553294689642,1.1092309013911994,0.0,0.4769582415084746,0.0,0.0,0.0,0.5064479165991356
scenario_6,run_6,8.080127859326995,6.453996182647643,3.926697782218093,4.332365701525176,2.48503196144575,3.5491620126676766,1.7713136319391214,0.3808576070425368,0.3016411783136471,0.0,3.3121183309926243,0.205933764178889,2.4398156974652863,3.2866234289546234,1.3875252070761213,0.8825118956960004,0.9707292399582728,0.0,1.9481847288507368,0.2253610638885119,2.468765811550261,0.8549851781019999,0.7540465629889245,0.511020564102259,0.3973714712556274,0.5061464718844925,1.873802011753289,1.4324339163052815,1.01054294894359,0.0,0.4894769590110918,0.0,0.0,1.5783325231206389,0.3611296757579539,0.5196456562824688,0.0,0.5436275498098176,0.0,1.9175091515608564,0.4894769590110918,0.0,0.0,1.5783325231206389,0.3611296757579539,0.5196456562824688,0.0,0.5436275498098176,0.0,1.9175091515608564
scenario_6,run_7,6.345997860147802,5.30254745197214,5.419326924289623,1.931357647350136,3.953399186668925,1.5251683350012464,3.4883529223492302,2.3312814629910825,0.7946790351937358,0.7797089598560522,0.7406528412499503,1.8545526115240287,2.528091615195236,1.264014603736603,0.0,0.517312158913387,1.8195467123089848,1.1372290619210546,0.0,0.0,2.142062357794951,1.5337321463449638,1.7628144871386358,1.048207953952648,1.204585950277913,0.5998879239203274,1.3962905425492749,1.7778560737958244,0.0,2.2778477818946143,0.0,0.8327688796766797,0.6353584264440821,0.0,0.4183943606535328,1.7375352840777836,1.8257887013981584,2.5642135399127635,0.5529372010473457,0.0,0.0,0.8327688796766797,0.6353584264440821,0.0,0.4183943606535328,1.7375352840777836,1.8257887013981584,2.5642135399127635,0.5529372010473457,0.0
scenario_6,run_8,7.781415622130899,6.963036022000773,4.431024890592285,3.174806972112931,1.8012823356329162,0.0,1.2702926813035564,1.129342706024845,2.613611475211328,0.8197731220425153,1.6855170571507194,0.9876036113281682,0.7988989863336574,0.5302228579097226,0.0,0.8985385104672646,0.5036913039778035,0.0,0.5998110228853231,0.0,2.9380651866432417,0.2080667907606398,0.0,0.0,0.0,0.0,1.3477809902853848,0.0,0.0,0.1939652336847865,1.0301655731031405,0.5584899619004842,1.0123079664851309,0.485104921465249,0.9931832092135452,2.017606163339876,0.0,0.0,0.4277301520627229,1.995421261421067,1.0301655731031405,0.5584899619004842,1.0123079664851309,0.485104921465249,0.9931832092135452,2.017606163339876,0.0,0.0,0.4277301520627229,1.995421261421067
scenario_6,run_9,9.339717845284126,5.970016480003291,5.558654389977269,4.814752066778778,3.642192180973258,1.2779005646863408,1.069410578408458,0.3048702313575514,3.294556476765558,1.8719601434623376,0.862539096100668,1.7499412290299945,0.6400950639919867,2.8421312983721934,1.5252565865260863,0.974529722565212,0.0,1.341137423986258,0.0,1.5309336180174655,0.7069992515964196,2.219786938008875,1.2949976790097968,0.0,1.2932792210107713,1.6878874840807594,0.6507036651451583,0.7641979540714681,1.353278346911998,2.1869413091131653,0.0,0.0,1.11863249473648,0.5333965836247865,1.510686105877068,0.3998663507389618,0.6135468998044376,0.288417911317221,0.0,0.0,0.0,0.0,1.11863249473648,0.5333965836247865,1.510686105877068,0.3998663507389618,0.6135468998044376,0.288417911317221,0.0,0.0
scenario_6,run_10,6.964017649387413,7.130698080195188,7.175913868454775,6.114279267807461,3.686703026318051,3.659912077375116,0.4983256906451839,1.4162753133342036,1.2388106274386363,1.1149767930004872,0.0,0.0,0.0,0.0,0.0,0.0,0.0,1.678328526952447,1.601105543483283,0.5945921703505979,0.8112304918957095,0.8273359127042081,1.6115143819731828,0.7834705561756803,0.544292958937846,1.1107650866275822,0.0,0.5451088518614484,0.0,0.0,0.6257908127217562,1.1956256678770512,0.8008853120855303,0.8234130487533726,0.5705859590182594,3.046450137123962,0.6815048718613539,0.8461602456581897,1.5457506236957692,0.0,0.6257908127217562,1.1956256678770512,0.8008853120855303,0.8234130487533726,0.5705859590182594,3.046450137123962,0.6815048718613539,0.8461602456581897,1.5457506236957692,0.0
