scenario_1,run_1,6.653892499510041,7.201454803818699,5.285638411939429,6.100241128278942,4.584858200233923,3.736894427360481,3.1771946021496444,3.310996444785876,2.124519523774073,1.9497149468961592,1.1893373324036185,1.56715232110099,0.4070934888537572,0.7984211895843272,0.5354626325305923,0.7830057417048066,1.0759071327425445,0.6513913254932813,0.0,2.234557057686107,0.9699047940783132,0.0.1,1.1071727715585458,0.3177994140795205,0.4226684986648556,1.496949153677125,0.436674717508496,0.9775152292921586,2.249594043276649,0.4747345413732608,0.3474006066589156,0.9242134581013192,0.7540229217996509,0.0.2,0.0.3,1.8224379010602705,0.7666057029353889,1.167962697427831,0.9185941360999426,1.0026334946121225,1.3897135971523735,1.0215764357667132,0.6379781358722807,0.3651009958727744,0.8072112526652596,0.6736371458570256,0.60906086199012,1.469363949012496,0.382413062769086,0.6393251171663751
scenario_1,run_2,7.113368986320427,6.019885325069014,5.792871074883311,5.014900886160185,4.552074628826189,2.988838551066648,2.0111185380011536,4.250291460737172,4.327094756054211,1.250684561719566,1.806908323175086,0.6460047055373181,0.730578162042509,1.750608748438189,2.027968716087804,0.8904337333303334,2.315413644579308,2.465297202160163,0.3462016309101347,1.014779523515709,0.1820916846481924,0.678567171129533,0.2460788923725087,1.2832653633241833,0.6398546232043071,0.8382482938710284,1.2899476675210966,0.2238078222074913,0.0,1.3454392522810157,0.5599056598167274,0.880477932971036,0.7646589854970862,0.8896100079565137,2.3105175950531427,0.4945728699099699,0.2811109163246587,0.6515878660410503,0.0,1.1872246776020134,0.2898834854530298,0.3888705984263719,0.0,0.5679385412559557,1.2828715324197777,1.1798327599836014,1.8697568199422991,1.0619640254482978,0.9599038231979468,0.7942137050505147
scenario_1,run_3,7.007794992055452,6.306832807121387,5.569892493204797,4.2199295676547415,3.226331105000926,4.021917458521807,4.346384969705686,4.747045481479288,5.034280204158256,4.317957924008837,3.802132090302952,4.091088431020741,4.0075689620931225,3.089246316590792,4.441693856653314,2.9266556352439594,3.775301741364526,3.1436650591170885,2.037498439857909,2.6052227903326552,1.9774886349560703,2.69265439494406,2.727581636218443,2.638548862022412,4.406207699261193,3.353491051424876,1.7987630613255046,4.798622188069404,1.3967291170098863,2.6224999066722767,2.962122373207809,2.47219777327955,3.1502748220396404,2.50144285381498,4.132211817018486,3.917080470747993,0.7340496358736818,1.048812344907368,1.0026090687713904,3.3990519323261004,2.883778136228148,1.5888551787978833,2.8345254279985346,2.63496834085108,1.059129782606772,1.434042595334351,1.7997834863962772,0.7717345430240641,0.0,1.0329005909660938
scenario_1,run_4,6.019538316723633,6.689256817178884,4.751353831694471,4.613687157869771,4.445098841342647,3.465790033773876,3.049366520072387,1.3306893387707777,0.9188678655711292,1.1334460750797473,0.1911760848306973,2.501427997937422,1.4971367181750783,1.647941900856115,0.236828804164853,1.5941388638093523,0.6063930156390531,0.6581731946001524,0.3502325245393098,0.5774226158477271,0.2790951345080378,1.559371718806246,1.176523292275085,0.5948541303315437,0.0,0.0,0.0,1.3625779618644769,0.0,0.223371888979853,0.4094999177154137,0.4642109277143253,0.3785617414777893,0.5696915838750195,1.0443477250733528,2.044099295716645,0.6193406538014974,1.4991739921217009,1.543698579026055,0.3210393853443076,2.16683365978671,2.1990459577176984,1.3808569174233174,0.5131468314467558,0.4618419005646826,0.2298426201105123,0.2429842507324802,0.6508010727280019,1.7066139016245043,1.658194021219049
scenario_1,run_5,5.374970957534196,6.099572660689761,5.302679849322403,4.869721574310665,4.363605358096422,3.35774709613709,4.125108995157489,3.779489598108381,2.3798994190716245,2.040258267400161,2.93256061271543,1.4312606167268218,2.167739501492449,1.5384068773559014,0.6987963503138256,1.0685129588151492,0.0,0.0,0.7281028588548782,1.072820515946931,0.8181069864626656,1.2509193210489498,0.9837292377086572,0.245746371144356,0.5895155714141123,0.246266695813083,0.5052239417606568,0.6683006222453581,0.6612337962004237,0.0,0.3598222338388567,0.2918115651999448,0.708898251985193,1.927066942739415,1.98604645430678,0.5546225189310687,0.7625346528229133,0.8934607196767079,0.835579288037604,0.3779376564152955,0.0,0.8909669125715203,0.5573894973847144,0.61120948333977,0.6665831679933318,2.071566926581145,2.1804290478342763,0.8050914837594391,1.152706555572251,0.2770281764276743
scenario_1,run_6,7.582806792698568,7.426015476868483,6.3703259610169685,5.482623178566625,5.343004173992334,3.780144441750201,5.581637332506569,3.7881595429269455,2.4259893431396256,4.432309908977633,3.8409788120590536,4.943582411858661,1.9565715965444528,4.45145112819014,4.200262535496234,3.3437067517076047,3.0647439754185983,1.4651712334119564,2.940150381122352,3.036363246205477,3.171060014339552,3.461440332717645,3.543914208794297,2.400616046088046,2.122022294278982,4.550614044027869,1.9579316266475164,1.856820321107379,2.031000422303806,0.993713027286842,2.0387087066357727,1.835091966324168,2.168308457759865,1.0466286586676614,1.651405163886804,2.3204747862934427,1.7516927802653064,0.7388585585975231,1.9081680189156696,3.5647514741903747,1.7785812883472762,1.507820368178715,0.8969420368950946,0.3526906423274707,0.2236531767444124,0.5469472037564278,0.4090211045515556,0.5005131756836088,2.6885700018732352,0.5973619032646431
scenario_1,run_7,6.3911789240367884,7.105049974927409,6.95756390660509,7.412331669958336,6.181679080444335,4.782906943450287,4.344431804553695,5.177348859095476,1.98197780783816,2.489795913242312,1.5623888313280638,4.223616607449573,2.13531729342028,3.2800475315757027,2.3369701916630694,1.9924121146232507,3.692903226486743,2.5892829202529675,0.4309597051228984,2.9848098420215505,0.0,0.2477818852771476,0.9466336529903,0.536436846398302,1.00260337900685,1.4260788526500747,2.264687563067047,0.4869610276314076,0.661995984620994,0.726105537892552,1.3464724120476064,0.8976462030191417,0.7320407024866618,1.349282857153929,0.7874515639040027,1.957909658289486,1.887278868622241,1.484234232452827,1.8013858375688063,2.3017336346345103,2.834397845848719,1.8818133959361445,2.2022475161669006,0.5494195888538356,0.627685464144626,0.9728553132697052,0.0,0.247217414942421,0.3897510307792701,0.9630768286322128
scenario_1,run_8,6.477602919852265,6.317074319974578,6.684077538016439,6.649641181396509,5.237536449387148,4.6084919621241625,3.39057557799078,4.810339310160546,4.722230154369936,4.174067811542352,3.987430059084825,2.06309193906088,4.725454229054881,2.56728604668081,2.099999132376738,1.890078523029396,0.5537141622063729,0.3505788875727568,0.7486033703774717,0.4726709399399799,1.687276774518757,0.7374486714754734,0.383116494102401,0.4741908413231865,1.830419059870028,0.7644879274272283,0.5523706810325222,0.9279469821538804,1.4116801682452809,0.6438347150950664,1.6488123830055632,0.2701364431942644,0.0,1.3564821581868602,1.0180715568380676,0.62656497773141,0.0,0.5208932960551781,1.671923294044062,2.483568210342358,0.8862907380783266,0.3722496867235361,0.3476263075303485,0.9157415535708886,0.4364024860827171,1.8738714049172684,0.958274389184976,0.7811104519258463,1.939738101228296,0.9285605618685284
scenario_1,run_9,6.763942839228252,6.626713218767182,4.982955375006203,6.721518031425573,4.66088331719351,4.286857100074853,4.818520803840093,3.977367201485895,2.5067498170274205,1.872186046341908,2.8671126524350017,0.9694857703741336,1.3366791327392984,2.2320372953722947,1.7585172720525528,0.9464760407784456,2.4320665684536187,0.4659256259612513,0.7881718869170428,1.3121114397715965,0.6774592334492755,1.0915172072303694,0.5044594781840266,1.4403310439292971,1.1739925445302384,0.3943054042538814,0.8014586748446298,1.5320560589305687,2.304671774287518,1.5055451876161563,1.6653833693543263,0.561624822890588,0.3103068421279127,1.461382070285882,0.7884074655337947,2.0232743861604616,1.378339639500202,1.8963308959923253,1.7527777478758957,0.7829197175959275,1.6059114115226385,0.5440732554657652,1.1693827304820783,0.4447022769569315,0.3638617583306071,0.5741812140766653,0.0,0.3638611146691552,0.3657162770174033,1.3811331446379174
scenario_1,run_10,7.255191678795787,6.919599675306321,6.027474491022423,4.568699539229426,3.4731562877336435,3.735127344132713,4.943096558305126,4.389519108143611,3.615626631221687,5.5463673888972975,3.818921923463984,4.363042916619191,3.2384054808309672,2.239576558148556,3.9485579411607032,1.5563423220511747,4.224525726940601,3.905267093479285,2.91716287378635,1.9217410797465329,2.0305624554723427,3.900555007091821,1.4740038393970547,1.3616117889924122,2.6792558935243505,0.3919905984550376,1.0891589816417977,0.7275965146271599,1.149034596765283,2.3033171714716323,0.911985104746211,0.909715430930466,0.7703427230792405,1.0169505474777167,0.7523656771024532,0.9373494948508736,1.6007334935607465,0.5692107140907736,0.9611869188223988,2.2561374247297974,2.4948747230462995,1.3831594175839974,2.3266275478851,2.348175389928054,2.2636008589254564,1.8898254105093824,1.87974291207948,0.5945092422351127,2.127832730499693,2.1721071144142963
scenario_2,run_1,11.488107359800544,7.002210974845245,5.968236815651074,6.308717403806631,5.1199318220608445,6.381283877339703,7.988686714422388,6.229194222788807,3.313838090001216,5.589618341375028,5.554582681288439,3.458519187389053,3.9682546359447146,4.917253918082956,5.415316085096186,3.648772913180782,7.924877649089045,5.197116656587628,1.664649330234581,3.399584265055546,4.895451914969808,2.8122653128979094,2.86272581642642,1.587577049577659,0.2352440249027974,0.5498778164114935,0.3861906876909139,0.3251927172197312,0.071675908579597,1.3203893456409908,1.5232567306366145,2.320832306416301,0.3825209517052724,3.3162001015264075,4.152283297231664,3.5458642585639097,2.014958502164723,5.556453540328461,3.7810366625530727,1.8943371210020403,0.6708209862243419,4.431756052907365,2.7936063527957007,2.512421134040737,3.0894410229949587,1.1391654788631234,0.3916066121277989,0.1666858215684142,0.0,1.183727722589904
scenario_2,run_2,11.208042795842893,9.656208637307952,7.1215151462538575,6.601625158969187,5.8021222828183925,5.947228418524524,6.208736759013161,4.285168205000432,4.78130364302298,5.630385657288283,3.5190860534662867,4.522933266482818,5.77174151273258,3.688016093531128,4.137629360630081,6.029662663174319,6.224577732197042,3.848005157190594,3.0662218252105498,4.930295424825298,4.28473552120005,3.100189302452,2.027936371911173,5.463726228561861,8.623366797751626,3.241102960483681,2.042060735136652,3.346679334198765,3.790967561195753,2.417879680241638,5.196498329792775,4.03979916044033,4.490570828228168,3.322579383008364,2.447877015072856,4.975134119065516,2.3677647372559703,3.957252490416282,2.041237773927046,2.7511712293708515,2.135577852567798,2.0311373699061344,0.0,0.4421937885287755,0.3660388536918428,1.5729484812768106,4.014604843077271,1.3029511195789378,2.5641609320985004,0.2704837147967148
scenario_2,run_3,9.048808297308469,7.0393222752671605,3.7733236095561415,3.135764798088523,5.477867357339897,4.087566636543334,3.905566101708069,3.7055107019527247,2.537868979704754,4.742613767498201,5.1039283243126015,3.382482299913021,3.4918060396369746,6.2431085892027856,5.033121046682103,3.6742737272725408,3.1795457932446523,3.678803101106507,4.022506147984026,3.253264996559642,2.437484899718595,4.220262445535829,3.2984586650605072,2.935457294744925,4.500062879590891,9.102362679630923,6.723022065250474,2.4588256586859885,6.88692887631683,6.0729346287928045,3.987608055736706,2.722923094643703,7.800913741554011,5.66547358332017,2.133795165215652,5.498849012155286,3.5796419999591507,5.020231346725415,1.1957528903480212,1.899902910347664,2.9476578865870016,1.9645832438027555,1.664893515095892,0.1990750642126241,1.872573967831,2.2573881069924235,1.3336467098910223,4.645682379765487,3.060570726501674,0.3986857109655354
scenario_2,run_4,12.389199190122318,8.404592918637327,5.029222248080224,5.228327806592318,8.295251491056744,4.699409647326845,4.336538721126424,5.698810904559048,5.747911244567283,4.293354141798504,4.868927610560636,5.25437012654387,8.867706931421406,5.452322871470138,6.407338107858242,5.78695655073745,5.528223618130835,5.257139771110386,7.581465568702841,6.7866264091958,6.381353490293362,4.176274341749196,7.6701604189160575,3.890097684670714,3.037649864169308,4.552587053538508,3.027000983368972,2.516534456799888,7.531477829583093,4.194189900197141,4.124797882794037,4.245348500548647,3.617406354028701,3.440268195510474,4.40684423488908,5.908884879754366,4.78389335080638,4.409920891709569,5.338112828742201,2.3101811686826297,3.999404786821933,4.0229396785707126,3.3709426120266768,2.528970225447228,2.874580888300657,3.7097172628267727,3.8807303534598647,5.599295619970369,2.611109105296907,3.3822541330664984
scenario_2,run_5,11.413132188059018,7.488806369801336,6.495636880717053,6.424134343212337,5.949342525444372,7.449049655967944,4.505153436689488,5.147590276116978,5.467155390206822,6.688263692915067,6.090082495082092,4.898489395669129,4.635887105016518,4.15784141478398,6.343598867453398,6.209618580494004,3.4594195210622978,2.170115041341334,3.075673089780364,5.81446620537607,4.297619077816658,4.1206377402814285,4.449357432531448,4.166197262267302,3.483294523867912,3.221267155483557,4.249868205529699,2.9302603835404177,3.0715715858846595,3.102911826394757,3.051942006986597,3.050920823660122,2.3450885685251324,2.1301616385525404,3.9769090448008426,2.177035898711964,2.8774100179050395,3.0166013930443016,4.061719346436092,4.034640900910153,4.284400514681348,2.649409910804669,2.200601818092565,4.112685191331662,2.287445733521809,3.3468085739013995,3.131406617766131,2.342748545435846,3.2602905403047684,3.244535297411754
scenario_2,run_6,12.701502044067857,10.183012166151991,5.30116614853528,4.56922951647374,7.899653470484412,5.78871411774959,3.40150866111343,5.944445131437991,5.881391301459344,3.386260322644712,4.054113718328475,4.9250317207890895,5.438578375780883,5.456322349855973,4.439431581563648,2.6189771901437515,3.642208780875696,3.5862595867688336,5.4929046121484,2.719830395976536,2.9184536329431063,4.114760071900923,4.008519761678766,3.810906051863198,4.723342735408095,3.524022512946415,5.140386305857419,2.692345372978617,4.702947282401396,4.627730426680167,3.651598244755654,5.797299152283516,4.108076474355784,3.020240318354648,2.688872692214226,2.956508697436407,2.7733251854656102,3.86053585299158,4.624651970794672,3.702075046392056,4.871052955052813,2.699283358651395,3.699931939068834,4.01458607292517,3.18244239911172,2.549403137589984,2.550886450008087,3.0932515121424444,3.392679662030811,3.526480993864086
scenario_2,run_7,10.491319298294531,8.843793883274763,6.682636354099413,5.432284596904792,4.8965737388314885,5.691436819898412,4.942320133328209,5.619018083935915,4.2709412076034345,4.129596338252856,7.814539947841784,4.725248041629336,4.943279449065858,3.9050713691855714,4.581811001230789,3.989979323808455,4.226279508313251,4.2991873964556735,5.766827687976085,4.421652355421414,2.510906872992632,2.8991882332434287,4.547108674378164,5.226133262300079,2.2936049499109963,7.404955769657597,6.177972487111038,6.49101942634451,1.5735890665981709,4.314141373052328,4.390700726645017,3.393774756892602,3.1507575401544154,1.7055983719302232,4.11536624444218,2.437836990254984,0.716313390186721,2.6850061420515465,1.5847708856343623,0.6369966068466416,4.22692532715144,2.0631072373384045,4.539862890777708,0.4717935230486391,4.092063150411251,3.316537745802316,3.8998124958940688,2.3653584543614024,1.4056219173415772,2.6507766787203275
scenario_2,run_8,10.80140936179458,8.517030167871415,7.125370442272256,5.7328185522968855,4.784079866606169,6.938799601991936,6.7505585411381785,5.84147495692415,8.04876929075326,5.822854391815655,8.556364712343749,7.514632496492486,5.138561947566593,4.287123784981091,6.980672677016536,4.369287960031532,4.415654910550346,3.3599805324812912,6.491135599301731,6.145332887406894,5.402734551023884,4.294563632485,5.885378006804041,4.451946441120341,6.4056746610563495,6.178762056271635,4.821202838846626,4.199149813888816,5.716092385252439,5.991543387682557,4.807704429881167,3.3033790669797467,3.3084918007587283,4.745334142521052,6.088478114619903,4.460016413528636,4.123323448144042,4.813665504730587,5.119242429438023,5.078578201825346,5.952892774978477,1.9997529483124263,2.706535739847652,9.759657231744493,5.427555250473468,5.454176312898632,2.704432913469629,2.938663526779179,5.828271226193812,6.889099967682486
scenario_2,run_9,13.496309288452483,12.325452215464852,6.506990936258191,5.875391158550364,4.722823728076019,7.167747587744183,5.811097969912722,4.90630247092735,6.475676797100915,4.587716975983957,4.127967634263928,4.080498049516058,5.113338718781408,5.831489311958867,3.619489386352505,3.50029659390822,5.476409270709279,4.137313798822655,5.398641137635943,3.299174626020553,3.099096459580585,3.243896967332033,1.8760430770461285,1.1863261218403145,1.2293755755452105,0.6168255232573593,1.0040502133837248,0.4947306175439815,0.5068896867516534,1.6813142776768253,0.9724973306878087,0.7437185446918708,0.2961858017366102,0.1510093099508998,2.713810249213505,1.3970097246923678,0.8322396858710507,0.4622908325697164,4.502569158608386,1.0306142739887465,3.0828093390503115,1.195638369074952,0.0945846442536859,0.0,4.242087674140604,4.100505100344177,3.444707576062678,2.640464762724464,0.8272953790961889,1.4942187274544976
scenario_2,run_10,9.112956745103848,7.8633659691143025,6.086825807497895,5.016085953073338,7.401033194091051,5.993492222755767,6.194069236101722,3.94810035875624,3.784947073353122,6.4738394864940165,9.140248174545368,4.798666173045896,6.185316590127969,4.887783877639883,5.706975124274882,6.079770524756191,5.295863355962031,5.54504118333094,7.137186776078755,6.12238839183077,4.536010555159043,3.437603237224645,5.913105227532195,5.483437673968492,5.687760116892533,4.250336625439365,3.044966996021676,6.464166306274282,5.086525016284591,3.0178533500251827,6.269343138006101,3.962968669430437,4.030307425502512,4.412828797236142,4.565359435775148,5.442291295889975,2.509902542214421,3.5933785984934183,3.9149983586016335,3.21761713902768,2.301139503887056,3.577348064397259,3.509861320295061,2.728867024617101,7.575122517657768,2.0961696511558374,1.0,0.0,0.7374863911054919,1.3152011689356589
scenario_3,run_1,8.615734119771611,9.175246924991953,8.320705669936697,8.690414699112427,6.796170340772845,7.943072251410184,6.795107706229215,5.764990446704513,3.975062629461297,4.636316569908485,6.045307164672571,2.2893157333530256,3.356465663197164,2.6704232993761097,5.394210312807555,4.245671556559045,5.9144170201416655,2.9378105268475427,3.760241882906026,1.6082095296585688,2.1611155146263483,2.702040338718392,1.827183068191592,4.973683414369415,2.228963118820639,3.8885143131309694,1.1270830725941774,1.430782291665544,2.340341559585396,1.6987276994180476,0.912639556748036,0.3385238846918701,1.592512709658946,1.402058576673076,1.0,1.093126844367445,0.2456070340787983,1.5045252116419991,1.7536723124586502,1.0982184270825606,3.174692016191484,2.739919254428508,1.7233145811749444,1.0,1.3299573704869725,0.3181545735645567,1.0,0.3964452995729579,1.2699009710193372,2.349066218766379
scenario_3,run_2,9.430625049073244,6.534479586214701,8.111354636107578,6.738732999340816,4.5912304955698895,4.922523027523496,3.878796982876486,8.600130934855642,3.238560665204114,4.252439985833842,5.265576794246906,4.949309024134912,6.641818108401853,4.904063889388139,8.111443279340262,5.71665135504461,9.19091639118728,4.072896548071944,6.625471158289054,3.748323298487284,2.875918222271223,4.377676770421405,1.803289440853372,3.139637914723917,4.741374820964831,3.6997545715261246,3.886284432434503,1.0776660653817247,0.4525393194566125,1.9627863916180093,2.9662869360435167,2.338818615326161,1.2990657231486962,1.6182306617738536,0.9969695428287608,0.4813252604647108,0.3436615711580134,0.4335178309408349,0.8159403956069615,1.6153463886454518,0.4978405241622929,0.5319365179766999,1.496609536394936,0.5641374320333176,3.552075297679292,3.216905941984624,1.226892711543314,0.9362840501737792,1.7246905249422475,2.0137482429672624
scenario_3,run_3,9.88940528232627,8.28651768594381,7.421343842915017,8.010973234060495,6.598184196851001,5.68150296795104,6.218499929692822,5.346170695127549,7.076609285548979,5.65778850147308,6.443628108297662,6.081436721541925,4.949951000512572,4.18649808992921,4.825943996413947,5.772916695800643,4.380505990089273,7.611571397169529,4.657165448239762,6.245375971734189,5.622288504453956,5.134010623985072,5.105014853541127,3.681779948110015,4.806354029389105,3.9182070983445767,3.84497621195401,5.558454107847621,3.894288042195896,3.0759040479822266,3.942979179348156,5.766684965319425,3.793352640272464,4.629949529508983,3.386144139882183,4.444678906139904,4.616859318396732,4.647304772711385,4.302986103872913,4.4532954318547535,2.3545006209411783,4.3201978076910725,4.129611672652585,2.668127673325201,3.583702279954238,3.307687490149616,3.4545304849875933,4.095001640207403,3.916116854603653,3.099361637560327
scenario_3,run_4,8.48344083173426,6.6762963674865885,6.627058812019881,6.729392528473774,7.568221836481745,5.6115369086356335,5.004902855848028,6.038086408069299,2.5135814668741414,1.7032758507401031,2.789203801743924,1.3776540188553974,1.6485277612263236,2.1025286142318738,3.03920129404809,2.122280171739976,2.0035361458951093,4.25964132054122,3.7302880867888506,2.536787778003568,4.127374750102973,2.314339450748328,2.906419392351921,1.3754812141044233,0.9230629870754684,2.7961214515573234,3.9639359327259305,3.062212306720766,1.184055743738711,2.118822918158582,2.234586618887281,2.1134726933430428,4.321179972437276,2.517461410221669,3.8917517875909673,0.933234299300412,3.48864050219967,1.8702571209877143,0.24530064575086,1.4918513340796855,1.3101833976936477,2.996348114621572,1.5601247103013214,0.3287082757107973,0.4976950064160338,2.2532750034252635,1.375429625141002,1.5244860705411187,1.7106436736405926,0.7841884559070994
scenario_3,run_5,8.125009514880205,6.8802913324756645,6.63290792146744,8.062411646302655,5.698726575715563,6.743762150112909,6.735752698291428,6.560829855519063,6.002056753205244,6.651224814506742,5.400986439803192,6.210927502051635,6.230114496052602,6.570742809088708,4.48163372703934,6.110616061931257,5.482812193120325,4.440265623734509,6.852033036434252,5.8278979223120455,5.943630829369017,3.696000994875109,4.759346676613859,5.614646379793252,3.576371136134925,3.225193361867128,4.074779030942036,5.170056339652216,7.910033122778309,5.09606850172652,5.065502757930696,4.050865027700244,4.375345160980306,3.730919709681824,2.831526523572296,5.6986456669482655,7.841680710320416,7.239506947987948,5.014406431209828,2.530386455132557,2.2764737068460072,4.339573072761363,3.214339451941877,7.411386897172671,3.9824685952456393,6.5300239697438816,8.82414784007853,5.85634494046953,3.13118016054532,4.518778670933235
scenario_3,run_6,10.114672854349156,7.146477818481868,9.483277033602167,7.336621864998245,7.669567278662325,6.782106768550532,5.8832702955616245,5.452333206612017,4.590462976937725,5.192097216290553,4.511854616180065,4.534522155463933,3.99782635777508,5.373940261104872,4.368440705628834,4.950677217209607,6.434276014524508,6.033771214754231,4.827681304494733,3.7721742539924814,5.086076705025009,4.500976410454614,3.4607167179169225,3.204510681613602,1.0994708137646938,2.187575340445346,3.323932127899384,2.42358210486708,2.5787344069153475,2.1510625728692903,2.4452780991751992,2.516124598234668,2.570397125530703,3.201858825876433,2.6983539395248672,1.2273094364078898,3.2483565371028,0.2702240588257194,2.3546644876966,1.2371868197637617,1.3184246695076625,2.653890486482956,2.7122544923891247,0.993233166369846,0.5620727513965689,2.6147426894461288,2.7805729705424094,3.59053527716928,0.9585085135204746,3.076457210963226
scenario_3,run_7,8.627833189927319,6.190464408150684,10.090839081541413,5.770529439908854,6.04998618671676,5.244975337421639,5.88891933586656,3.5872867125328405,2.74765693694848,4.100743559560788,3.73518788894154,4.028104230416163,3.1572098876901573,4.455741911160337,5.316902721976694,3.122833340265458,0.4879496446470206,2.111675636214451,1.408559614239673,2.7664183478992648,2.0914721105221643,1.72498976677422,0.3560588577199394,0.8004303457595394,1.1307331814083763,2.6414740559107006,2.53163413831141,1.7955774649601284,2.4906604606209646,1.717063812861238,1.3194901868482902,1.0338632583082057,0.0,1.5773398353499786,2.074045558868794,2.385574981895227,1.9999169894158115,3.24451000824135,1.768682017413234,2.2748530265505016,1.8932185348556936,2.139524474782148,2.3222720889125283,3.656780569358106,0.6378005061236787,5.272326650347032,2.791923788995053,2.9259455831661887,1.1583821360404656,0.6721106957091785
scenario_3,run_8,9.482751100506515,6.279906638348985,6.011593941241372,6.500603203995735,7.293521574655323,5.324243560132865,6.264230521796419,8.096796751261767,3.907465893979483,5.172500758750771,4.668031534632873,6.384741313294152,5.782574374346702,4.092659908830883,5.665562421925276,5.707822178374606,6.386134187602317,4.838429839063741,2.394222359021777,3.1148623461426443,2.7540137761000523,3.2201011362061664,3.187440488308569,3.4892671595046183,0.7150626432894113,1.2463803116335703,1.5132503633103724,2.1957328401324334,1.87105374767774,0.0,2.32073648718007,0.0,1.2705371439928363,0.4975678059851972,0.367288079855347,1.303344790379797,0.4522817484408641,0.1607422588593558,3.89329933005502,0.6162472544564573,2.0555087980117936,1.8798048315657023,2.317128505637997,0.8137927077502167,0.8054453549961937,1.3197306693173154,1.457068647998764,1.6953128835390092,2.1115412388247963,1.3192254785841206
scenario_3,run_9,11.35875796997301,8.310891844014389,7.6346865546592655,7.046107752232063,6.787367665996593,6.4670668754325416,7.918476938040106,4.663408382833364,4.64398996377224,5.529287449228386,6.00981599784056,3.980809978194921,4.843612923433929,7.279025699232503,5.292094739386934,3.689591941948296,5.538351760803449,5.809012903427094,4.130591987205239,4.566593282765932,3.5207104561742293,5.511360702986204,4.368980107019812,7.792262812308964,3.823668695111985,3.892051636303093,5.062895678345108,5.409579003677263,6.290059994154484,4.329190641771555,5.51293892968154,5.853043122436823,6.950984323430748,3.886745737110328,4.35884168194819,5.306604642375164,6.232126964837977,6.029823892183551,4.0932621354378655,4.642220581424055,5.053365415023484,4.297726267875194,3.767248966616593,4.61922784214948,4.167977947128229,3.681965245182231,5.4619819349374925,4.307660187626504,4.828607188447872,7.277570314172564
scenario_3,run_10,8.427674273366101,6.958696191889231,5.686200046875668,6.673102402801601,5.965108693611837,6.314228553756426,7.422691846057584,4.33396820944159,5.623437792287113,7.92570123480625,7.523950520320521,5.478250500781627,3.918187299606469,4.4173113551340375,4.877313796052312,5.4504210046214245,4.088079688643422,3.909206078152701,2.6483681377272257,5.646516230318461,4.713493377142115,3.5424922004741872,2.899325880201181,1.9964236324171003,3.129679147942457,3.128724965211964,3.824483632161788,2.6041403757613693,2.784318822859285,5.006361619937292,4.011614986919499,2.5016796259332352,1.1508071774510902,4.356793705593517,1.145931001426076,1.2240271906390223,4.381924686160961,3.6090198769788495,2.297421632461655,3.556385140961511,3.3360584583481057,2.1646985095662385,1.4165702707849337,3.8790972998466366,2.149780500034834,0.8877951450724965,2.031029102614066,4.395341782038581,4.70559630136573,1.2167734240084842
scenario_4,run_1,8.89195877725426,7.112952667951286,6.501466987537829,5.677413992180983,6.228416708122055,5.3133973668284655,3.866438044875135,5.086867042549935,5.135074804172668,3.476826223719258,5.873247903119463,5.192931030214074,5.417348090931384,4.460295966623815,3.716977280094693,3.592915099388292,4.762419432316025,5.553371966871053,4.239720715205968,4.334902307244103,3.5923807740896203,3.6771626863807456,4.864857748546422,3.785120790514391,4.476373859891118,5.421763897290988,3.779516865400981,4.615476761431284,3.704983097168968,3.9137446104065736,3.5395928065098525,3.4601290537721416,2.9473690751168253,4.252767004744092,2.5366205829831405,2.8032563474545755,1.7342060607732095,2.243467729117472,1.41268355905068,1.2538700638721547,0.6955831287482998,1.7621839390834118,0.536988075374426,1.1799459641990624,1.5979243675053318,1.434132879739177,0.5664943023110182,1.4456756932561206,0.0,0.6469253992908259
scenario_4,run_2,9.01265412924601,7.664348169515501,6.23920392459117,8.277177694989469,4.024273844417485,3.686867256767546,3.979154963453924,6.603435853831944,4.079328936043369,2.7808396287599715,2.6016534496918915,3.318197939671952,1.6639422484888844,1.8185782781330435,2.011521815063926,0.6781266334101023,2.8891394957806127,0.1775467861038281,0.6186628466086185,0.7694107133447075,1.626305060709333,0.5415882611464897,1.531144153019466,1.5650816614167682,0.5321376930226569,0.5554511055573041,0.809826839277641,2.1832953516047966,1.0416378151980166,1.8849374929548184,0.413887668455599,1.6707330477482816,0.7266127728730764,1.604491390822575,1.3347737316005397,1.7393350278016235,1.7787255280763912,2.679147993143102,4.507336416849157,2.1091158841772293,1.6476654778414563,1.659174082980126,3.2456800210107666,2.164591741534301,2.6858267854360696,1.7959240420793918,2.1131990226081485,1.5446890580082522,0.9587844554202636,0.5040417515186887
scenario_4,run_3,7.807150924812592,6.413376142911365,7.3601034182420735,5.209118488721396,6.612260964173471,5.480479936237934,3.847550377307178,4.064761493838984,4.499056140756965,3.2955937990114244,3.2793233277553413,2.7701408532241523,5.098364873541897,4.480256874676969,3.738279674820444,3.597451451078353,4.959699814887882,3.662164821409437,5.00032153277552,3.025135196711792,2.7116410191725584,3.9790460363709625,3.7101613300183858,2.767437288576857,4.2511421619533865,2.435872959395004,3.2485421036255984,2.4925260951663866,2.925509637383464,3.084444799095261,2.8348956508703527,3.5002441095996475,3.514611438535497,3.284070848522313,2.746754141405846,3.290145289697456,2.895224686265565,3.4283106483766987,2.684485350420412,3.594235985413696,3.5351605518521643,2.581337185963513,2.1089213580754675,2.2049030165690464,2.543022316696606,2.5898592047776967,2.243807757664669,1.9205848511988253,2.084665648575025,2.083330059979985
scenario_4,run_4,10.071278841353529,7.746568050384359,5.8315673620374175,6.593379122141718,6.677934206451757,5.097818928171477,4.589126433462395,3.637095510313974,4.266998854646159,2.7147817058811423,4.66064323415431,3.419116308093785,3.4943450262746354,2.5308627002208794,2.06925199220238,4.05767773459242,1.041577480616218,0.7746317086476046,2.050579995406504,0.9969022797488142,0.4255351789697426,1.9457104349868068,0.5552477189041307,0.9566398764932472,4.096630335763562,2.428420742267189,3.746861421471691,0.2442448555017047,0.1705998635695062,0.8768254857523861,0.247589321867025,1.4942719896568222,0.8689021029344616,1.1272733315748364,0.5783495384896329,0.2455306624314336,1.0790932710478327,1.3172475290897758,1.2467460104019472,1.4782397630893538,0.7670148401297393,0.9055238909501062,0.1656073307858227,0.3491175231067943,0.4040324829874498,1.5641482685884145,0.9735696726386074,1.1998585741069516,2.0,1.8328478229361955
scenario_4,run_5,9.165584928235932,6.423262274776325,8.4688489147273,5.3391036804210685,4.33995254382551,5.235903047040074,3.5503767343096384,4.32341106840024,4.385861851246992,3.5881755762746605,2.3593529857269786,1.2051807687594531,1.8156121634655065,2.605909311591417,3.435556132765902,2.817975217223653,1.0659722831402811,2.890992071338486,2.3031389150682497,1.7155981756392684,0.8056922048775921,1.574996017361427,0.6949064903896459,2.355850883575357,3.878896224793812,1.562187916433937,1.5349683496814723,2.0496094499673667,1.246051098943053,1.1409341957045829,0.8470155683694867,1.5728579966511562,3.4256970797905475,1.9012842505810643,3.195337307828725,1.286400254969657,1.7494272642915771,1.256490675212811,2.479422127569062,1.111420389807328,1.183921856735406,0.2447005273145402,0.5512880729613442,1.116557824766509,1.7848561575685475,0.714736854535695,0.5661648395469945,1.7469488696131976,0.1891048034508122,0.1893044772723044
scenario_4,run_6,8.497941364580784,7.695844952017898,6.25221728264782,4.444902473793557,7.5308035763370995,6.219533474356365,6.20151152857869,4.489837406234106,4.750911581608839,4.390858268795748,4.344951361158499,4.957453742385215,3.5020990968671946,4.10210749244727,3.029387033695145,3.3426334956278865,2.9880216457373536,3.2141334262838788,3.0529044990409107,3.957081922088688,4.060761090513979,3.878579689056182,4.907083808463489,4.297652328902498,4.281554559592519,4.477391943210569,3.721407185762776,4.797055570121344,1.9263878891638164,2.912196966963954,3.755499196522775,3.857184750037489,2.794930331736624,2.235702650807702,1.924999220143868,2.2398895411751933,1.7655716161005977,2.1675582501087254,1.1625969327804042,1.6566918021706367,0.0774182450220363,2.5455720617459736,0.0,1.3572720718420244,1.343034542271263,1.0,0.0,0.3819819149362383,0.8702377277129519,0.5438804263023699
scenario_4,run_7,7.540346321116327,7.386853289353463,5.614565981774927,5.0313140238374086,6.470761281938867,4.757952665402359,5.693344655744022,4.438902502569878,4.417170014150706,6.410362574713703,6.828682296539315,4.424339058931048,4.560161703111752,6.785066106104397,4.009495437445006,4.375510592172292,3.3079660394092656,3.7548849241382585,3.3551625839346904,4.324940403897911,6.034939249425856,3.0530093860926657,2.42361361314937,2.1681704342689554,4.527450200702111,4.461880806170737,3.8953035705334473,3.248626766763946,4.596691909274444,3.741876979881952,2.159491570624564,2.128872597417589,3.055667637990911,2.022453613201923,2.8802964023071373,3.672969892657009,4.441794481638346,2.550113341348638,2.262609662232882,1.2485385952930446,2.6044464595791674,1.9347296748896616,1.250503847513246,2.305978921279938,1.4638707625951637,1.583413414297712,0.6037991850552363,1.3949295593786355,0.4184155744532432,0.7352541257311013
scenario_4,run_8,8.546800101591634,7.211491981474059,6.765542484658776,10.138931076114917,5.878227048959275,8.209126428985096,5.878341449705661,4.087935632967061,3.714697816370878,5.919810584145759,5.814924132573407,3.620992487093965,5.705702917244497,4.349655818062219,5.397070662436906,4.838677024733603,4.704550133252097,3.625607487856912,4.8355377017469285,4.619654299133796,4.050776384964637,3.32694550431357,2.9724766042626785,5.663986824330706,3.7707138804731697,4.766032469987978,2.9138951131296063,4.356471976344777,4.576871274088127,4.654947020726969,3.262706644721258,4.515506971306048,5.289302481476296,3.282404463901376,3.033576915974892,4.522001099420938,3.706850675019917,4.569148187607835,2.802285789388898,3.8293856085228577,3.298555037565573,3.1754141875015858,3.4224140134417573,4.884604861889097,4.644167445595963,2.9617916094907324,3.110684366858988,3.6810466220668414,3.5069745301019646,3.2753085353647755
scenario_4,run_9,7.464476181929195,8.18730800913801,7.596993732060338,6.157038020187174,6.670849155948166,5.65679031750348,4.129891471391521,4.153252536162368,4.612624611129936,4.260468300768431,3.5324335098559123,4.271934162281554,4.675537714878849,4.35085520948242,4.11333404547107,4.573521388587901,4.231558087062067,5.545844889118421,4.706420850251755,6.037467644651202,3.614412811349432,4.479069490172561,4.2569848985417655,5.543270064919698,5.423938143913075,3.973934035026876,3.287251605277111,4.507243185751118,4.147747637421295,3.545813124439676,3.749069363199952,5.184127106204716,3.323530735078833,4.487293403841223,3.326611479285771,3.0081001229458044,4.791399312798789,4.963474875481859,4.263649831524086,3.223890514510688,1.886244344991593,2.973327860422546,1.193612911285682,4.337343742254272,2.4614845149520286,2.940058798952255,2.1010151057206103,0.8789222279088424,2.6952931909296707,2.4907626139176307
scenario_4,run_10,8.056209665384703,6.460124164945036,5.88164233724064,6.677105337892866,5.658781680113817,5.989009949975037,6.944480587798926,5.439361656422227,5.296199882169652,7.86474576336032,4.562159334675153,5.326627876690177,5.1961248384563214,5.805780579581346,3.6000931671403285,5.653986240729455,5.997076061077864,4.498748989060169,4.047645940765017,5.866079382392657,2.941148469714827,4.430858993321629,5.579324527825789,4.5912866740488365,4.371257181164678,3.692903809364546,3.718290137909997,3.388731223795978,4.819354726409781,3.469197475582635,4.94369545189579,2.725465283378105,4.619117233013655,4.019153761256811,3.158166341612461,3.57122557514324,2.57933364284555,3.562248416727196,3.0832521840053664,2.644444758558615,2.8657218385034886,2.790458254221629,2.6048584657190585,2.971267512950072,4.217836477009642,3.653611511047824,2.7807780877673034,2.6864410818589635,4.219874784854207,3.4965207099154134
scenario_5,run_1,8.202178304532634,6.716693573910433,5.988967127004003,4.94738776744188,5.869083724973103,4.8431461493056815,4.70863064737605,4.327485525691708,3.597553596049417,4.08768919646271,3.149413923250926,5.285315201700989,4.436756581566535,3.176064851827201,2.7773810668921177,3.1525563122046045,0.9022435180775114,1.0809634406475477,0.8882040797001354,2.2796372047266886,2.289763894313242,0.5744504774646567,1.30028209098227,1.5386807115594745,1.6118655088432257,1.6943516972327557,1.348444519945791,0.3228591655379119,1.8491049457178383,1.699234983556855,0.1695964069218048,0.5597379902161181,0.1687193779946433,0.9260568943348778,2.5283659926648925,0.2576294948828124,0.7222112717114286,0.5720744642243163,0.973062927157535,1.396770871312044,1.3199943818007571,1.6321016958231045,0.7712176556675291,2.7071892876392445,1.12174341114144,3.8409879012935777,1.7322385935854263,0.1460754638959646,1.1135422394961,0.8021575526150965
scenario_5,run_2,9.09725994247188,7.64425123522974,6.715807242257908,5.806132180908462,5.5606613811787895,5.58749415343952,6.149962011545125,5.8379331932109455,6.2103501448807,3.5444043885593155,5.22105665288928,3.8264548226192985,4.063407437624734,3.338960319157246,3.383669476307292,4.597461382415995,5.088345478507023,4.058454115721313,1.0037735153975424,2.9532262666608986,1.1138788859305384,3.834565845341307,4.111596707125773,3.342459911009445,1.2912833655993712,1.0195233429713018,1.974270745996194,1.7644493688410283,3.2297806594105283,1.940220908131136,1.831210642658346,1.4108774216167044,1.500242410887806,3.186911929322235,5.20133197193131,3.1220755413354686,1.1222726460306276,1.5899935176669209,3.848317466868224,2.9087150652380007,3.7840558186203928,3.202341286263485,1.667017030050577,3.2843465501557487,1.0976258572088864,0.8151561856516863,1.450793593930982,2.0188420550632498,3.1692993649352674,1.4169945357855502
scenario_5,run_3,9.105119460890863,8.050593594312168,7.124198922952776,6.1492873375530746,5.621073002017129,5.184472453598262,6.315286091527518,6.349333174502393,7.08566323989717,4.19824295027362,7.036739259972691,4.925334056238244,5.758761077699118,6.905556801391519,5.06265660683145,3.6856868108610974,4.7229160931924525,7.391905357486051,6.057870761613556,5.298854098730375,5.368643355534939,4.482517498662995,4.17760364468898,4.832813878785159,5.471818159954811,5.664106887831351,3.611787634368285,3.944790707045767,4.617425485921056,6.365975619425642,4.31776477386043,6.984552236131819,6.063822464606202,4.150966736773169,4.569167337622044,3.7234638497973216,4.854150437665157,4.658359669067079,3.922701807147508,2.9844656419426547,4.373002536769644,4.432552326706717,3.3679003673902543,4.162711647534883,4.30365729365147,4.709757170849231,4.044992041114513,4.911437533006682,3.539617020586729,3.938131056728519
scenario_5,run_4,11.29591269880637,7.990350831358855,7.76902864949971,6.32271497499747,5.018063203284262,6.714771093488953,5.951684541175119,4.087276829463329,4.683982258440691,5.3497783814562405,3.783651238607652,3.851721761829509,3.918643908080454,3.7276347682656783,4.107826548724996,4.761501166378265,5.531583876365604,5.250724326135844,4.629931416437123,3.858602281939501,3.2643758907866043,4.603948755328249,5.804727269003035,4.727101986896908,3.10918672360095,6.06782973001439,5.32995600862172,2.792236734189161,4.267600833091021,2.890071220498489,4.479841905621962,2.8958068184322148,4.120526252966803,4.332763343073919,3.8263543883764255,3.002098687373995,2.5295708643003083,3.916098932887332,2.5494548942826203,3.796652605004634,3.699112588379308,3.586790289349957,3.393449177483164,5.403809761653874,4.494185643713132,3.0192969624444737,2.995158339027648,3.179350914488603,4.401617744579888,2.884300146373694
scenario_5,run_5,9.442164031787597,6.880634679181324,5.720201257669451,6.159846063978756,4.521715099888706,4.953304391260607,4.923207187896877,5.840394115281742,5.539604345269163,5.759481594764418,6.058585490492221,4.512666943072601,5.92576284561512,4.247545218570945,5.942469349195125,5.567018078006962,6.359204263236364,4.735752579000026,3.433844307686061,5.908606581217414,7.853122682756752,6.937730712122287,3.86336352434124,2.921225011964784,3.8123391691777706,5.9849752809872925,4.704103297026035,3.5047128193995603,3.2854367848588986,3.2840346993400487,2.3723453101663345,2.7590189903320823,4.417736064199703,2.751938514539854,2.915413446510004,5.123744520687351,2.121841495903793,3.380118743850704,1.948509320091511,2.7378245623628064,2.2090532007464327,2.067025335161824,1.6547506114413535,2.833952285789091,3.205890147971305,3.243995172941363,3.7694176817856766,2.2860788483931613,1.334802015006627,1.3386501258796462
scenario_5,run_6,7.030020678753601,6.177238836520493,9.493356889063158,5.231376198970171,6.687508673828492,5.877669332603578,5.420300859308471,8.237343064265398,4.409416683390046,3.637142680881655,6.726057881990014,2.025630705685903,7.288740842577761,3.383585009621858,4.32434274979047,3.731583927962743,5.412142577796354,4.824330365455384,3.511822267131876,2.123047111172499,1.972446485213446,2.436479366575994,3.2724630447732515,5.322101484605634,2.938119173610364,2.515368471171618,4.450740667184854,3.0063294029461005,5.156351281391375,4.27519145976593,2.390424794363729,3.8110659748426734,4.042709343379498,4.095003513240132,2.07446131244606,2.737852662507084,1.9335392966880924,3.1244684523137045,3.508751916380437,4.10161833472465,4.138064099230243,1.78494965998599,5.9126589370988185,2.524309213162208,2.961064783358203,2.505367337271161,3.282728172571166,3.654855532080586,2.648188733480599,3.1827026134661933
scenario_5,run_7,9.466439758894031,7.731975222932578,6.227924282262898,5.394007272149578,4.005576177982338,6.900747170253483,5.707655300474,4.594739359434497,4.282335637822268,4.037200637518433,5.890178490524571,5.212054086021082,4.4242623654655775,3.862502278865792,4.784830675863904,3.986528379901427,6.301601941633896,6.948467107577382,5.989209626704947,4.420230983996657,5.9931950784074335,3.895895507851213,4.392850225153661,6.27064220795405,4.276107063744339,5.115195933641072,5.02748973672996,4.950608577423869,5.675364361997813,4.10060111861273,3.452339680309197,3.845937833080837,3.214705592835044,4.416118144425497,4.542627173555577,4.471247069989015,6.072705992706187,3.5870122529761552,4.122536377859864,4.883122005522276,4.038760193984206,4.713831374891124,3.3962430659904355,4.902585099616851,4.43678127856582,4.387737775817183,6.322730900550529,4.985973295282872,3.665375075784456,3.760671573875886
scenario_5,run_8,11.905373967046248,9.832738012827736,6.884690066093976,6.250115797847732,5.496359589421755,4.8694457467462176,4.36486768827984,5.822688247477981,4.034278008844533,6.207505604081626,5.121778298022102,4.4414225686050495,4.552733713032718,3.9443165607965134,5.293712079903783,4.432491254796496,4.279880996117647,3.398045745313368,4.570885140181076,4.498104948631833,3.756167871807532,4.254842674316912,5.446397793144183,4.463307085434239,3.269439258209073,2.990101854542276,2.20414678574665,3.2712358399922,3.920582063790343,4.869640068977516,4.4799954292381,3.638566169184956,3.212557808665383,5.051999690467044,3.0129383689227454,1.583795568876789,0.8915412566112486,1.7931133053609871,0.6164859363225563,0.7817341929373567,2.866976858845169,0.6090458031248671,2.344552906582876,1.7845751421987874,0.975488131956448,2.134345278732875,0.5840653465334407,0.6884940216341915,1.7270406924012278,1.7497337886913915
scenario_5,run_9,6.990930119018219,7.008653866524864,7.269747572838706,6.1563157634054,4.700450372919842,6.362343740493865,5.165479188784938,7.05879543754363,7.600499394178438,5.579615309115631,5.3344688177603015,5.826286927585108,6.897241918914881,5.16414047306837,4.930622574016306,5.209182449775129,3.98602955902536,5.609489752480906,6.224639072646842,5.1384561737369,5.461570895666091,3.287501110152756,4.94967668133872,3.7679991717252457,7.425567191742746,5.330238443397114,4.233358958650117,2.8000352953372505,1.6269438591555438,6.367717548025043,4.793064170393176,3.398930418276282,1.738191791822795,5.376609262824214,2.8763422976479696,4.107060649612256,5.189642074083023,1.382748122864483,2.9467031504754293,2.176620376418815,2.092752847184056,3.612880476162743,3.765604969230519,2.640120328113293,1.6801887082836058,1.5489947828271309,1.5936073719159094,2.5041751742541365,3.3465428518757867,1.405382930475867
scenario_5,run_10,9.995553580136097,7.080468004581933,6.235797417633085,7.565568477433452,4.7680469609608505,6.020907134649844,5.673550659520192,4.933218519449683,5.4694350312161735,5.188514874787339,4.555118057278031,6.676989082325025,5.182135542470186,5.604011208934902,5.653581406392145,7.746592172298084,5.859302613390523,4.518007235243447,6.970287464347838,5.888342765946783,5.355788890320362,5.655389417613784,6.549395945458142,5.872305243307755,5.023995459536944,5.056780012293801,6.061240879527583,5.164354823163677,4.570161999416448,3.93221074886637,5.7344351110506455,6.398150122422786,5.112877302057954,5.144272995240389,4.05577849464802,5.188822497717635,4.908368223721309,5.422837475714223,4.657392764860132,3.820408356636536,4.076372077279532,4.86042608187517,6.008250365315876,4.066987895291602,4.48306972370919,5.756980021538136,4.169709565863416,3.7959731178658553,4.113886548506288,4.402442205179909
scenario_6,run_1,7.491161937169115,7.43471305218642,6.518733474725208,6.822136446312352,9.77385460080876,7.796577176061623,5.634860438830471,5.777961100001433,5.525966666207854,6.673795575002481,6.997389295216256,4.752034616904003,4.911040756432525,3.309630282726963,4.364902187686328,2.2817596984437607,3.431595732276327,0.9090304335525448,1.917908425922746,2.267042079032538,1.909661808500324,3.176344690065176,1.43652034607158,1.1174485107235017,3.3503007652918013,0.0,1.3472517708668228,2.6632733070975787,0.6899244672662744,1.4424320722182948,1.83515950384234,2.4506274782606146,1.8840390663821365,2.94561003391934,1.0788635497082095,0.4299906680080237,0.969478605663137,0.4232287692616798,1.145294662794241,0.8200447517155519,0.9869066880954082,1.7343156588497703,2.269954118124769,2.8592102434958817,2.1673575192664307,1.55678062408165,4.352220345437543,3.272954191559441,0.3796050358404337,1.3696516699103638
scenario_6,run_2,12.142372945704953,8.359380612266966,6.276721451787255,5.699069243467102,5.2070215703560105,5.4366591480373705,6.148936330134341,5.178554944816027,7.102344992310336,6.508494590572747,4.789064878094548,8.799023886565521,5.061038321991618,4.117652825620529,5.796349753166508,3.7177265444505454,5.867199014559126,4.291658621671515,3.693056049179253,5.884125249675929,5.047866649229922,4.693353965045785,5.123067807022774,4.953489424531412,7.008723293225761,7.028428819442179,4.3285888944629445,3.272421624577786,7.516763373399137,4.7541032471976745,4.887906980037247,4.991267582247898,3.6005541638124243,3.6185578370285656,3.8688688669077735,3.823041325689173,4.91197579167321,4.5222652093840665,4.741218890709666,3.673711530908253,4.038540182517353,3.711903757602512,3.5956514524163863,3.2950584145557413,2.9464056791134405,3.7431934498772734,4.035173949378704,4.706695200451775,4.024538130093654,5.076765701783216
scenario_6,run_3,7.812138839889165,7.6872211910491615,5.999117746464324,5.63767983718086,6.944168883745528,5.303913989441524,4.4957778632006455,5.615359108956295,4.722502475747207,7.03682829828284,5.594793846946596,4.678587382611728,4.614380449211419,4.336197207088336,5.230234562179697,3.6076755689658704,2.73554341178208,5.785727520454344,3.408302041125232,2.272019802688104,2.6116246638031293,4.106684245621388,1.4767559602875848,1.752603411253974,3.459184988567555,2.5627832438763325,2.2458514331831974,4.972993507550724,4.805849410989837,2.924894318215621,3.571850945830962,2.789412570422537,2.7058593975803102,0.4435861427175299,0.6016946682966777,4.138329990907587,5.892656070036328,4.187297534395391,3.614687160993454,1.8347066335748936,1.612278227617742,2.604611239394296,2.7437816097995382,1.938418422148089,0.8284042455399442,2.1165550950995486,1.2025210220547726,2.29572375540907,3.8856584548286817,2.561223738790399
scenario_6,run_4,7.156955323167553,6.548107482593503,7.232986758398132,6.23118858995765,6.928812008980287,7.2031100870776665,7.414201354040609,6.577667308201839,4.601805149092916,2.3357348521827825,7.142638811592593,5.2422321270473695,5.139377045476005,1.97218176081188,2.4576792161036822,3.0466485391487703,6.417454846076282,6.6281362192043405,0.660998195199576,1.933726142431008,1.8998128142312587,0.2478776116401511,2.191153160023244,1.875426142089044,1.5847302237070555,2.5910262280722454,2.284017385441051,2.736732741296003,0.6719716668075355,3.2699876741126666,2.2268560910235977,1.529622395671664,2.1654524773119106,2.500940524025548,1.452026573691527,2.227943953615944,0.9832525879744856,2.827998745026034,1.651584446967603,3.4765635382827647,1.5542349525934536,3.281898817225204,2.8452750229856747,3.1329712693113114,0.1979022738110071,1.7584910733130483,3.980734544771663,3.446666293833732,3.472524834841688,0.8002586423438277
scenario_6,run_5,10.60602836675416,9.07214075473586,6.813338809965771,8.86913307086878,6.660715604968102,6.9273711068537285,5.595656325902968,6.820580859523804,5.073384876744816,4.643001063496965,3.612014949425911,2.9154016546936363,3.772285622090714,4.225052885915827,3.7003518142833074,6.807803997775369,4.704982785269979,4.0476860574776925,3.919353392050559,7.164227385271147,2.893139267499675,5.041059145418151,2.2331135877958945,2.342435072544913,2.963610497564796,2.004929696717317,0.4749793047498901,2.0,1.0043943378143236,1.582604744427324,0.8059619134907947,0.0,0.0839404925040686,3.0879508442194044,0.2470390516700385,3.145460522536857,1.3997655566012803,4.102030537093892,3.25674112092711,0.8060221446853818,4.924751879618519,3.914691258554864,2.344496764188951,3.102137610909028,0.9396305054249512,0.3659597947737575,1.864771515821563,1.986830716089404,2.4085457029449056,2.6790527334149115
scenario_6,run_6,7.848663980457976,7.419398882675649,6.189900440734727,6.137393729339541,6.782306597757865,5.059811486490887,5.557521758589959,4.82889596563288,4.607104100572451,4.2273122599918,4.60187529511307,4.799248248517117,3.6141711345682417,4.823328379901001,4.258847922221263,5.191902910061049,3.736928576870496,5.155639966891313,3.614047326768575,6.490198466129103,2.986006139336319,3.396271678678159,4.077434518376252,3.14107954892268,5.159737281564441,4.368430847622944,6.975843657291331,5.803736643476968,4.953018617885526,2.166371881449654,2.993434781814881,2.7785492506107614,2.895052231082563,4.248877378963275,3.3138298437830542,4.580735084171064,2.7427892334072745,2.9157445841605614,3.62301514514544,2.15368264620646,3.0734287475832915,4.243893704604826,1.0221951622861587,1.7477396250522648,2.372634399700124,1.8873413330980235,1.6072384931448134,4.25206346017275,2.63340656614963,4.026365930169977
scenario_6,run_7,9.638228516721616,8.894052570283707,8.093891405140933,7.138190685373621,6.846485770663904,7.611893865831736,6.34909731338758,7.13591533719065,5.492618406664685,4.924940567477355,6.353804486675887,4.800307077853816,5.695122401184245,6.43563601852477,4.430163965251137,4.90658922511625,4.487603496395593,4.955845840809351,4.694918845260952,4.358840440036127,4.771576320514934,4.819819940632638,4.691101256538984,5.350399372820656,4.525865179675707,4.661651791452502,4.654156640740344,5.036111117169325,3.7326431522614327,3.77613357371031,3.788258279099969,7.054577575297422,3.614841057475696,3.901245370353957,4.795792217593931,4.350091631371308,3.776098411547187,4.29515247564697,3.5946545122763616,3.450790614836746,3.693098400520005,4.273535126302429,3.639288849479706,3.413645607632433,3.807989073368064,4.105786940608719,4.401048061233176,4.936877170417497,3.914033280427219,6.503910307744174
scenario_6,run_8,10.780503606210123,13.263827965904264,6.873030463694727,6.233717818776173,6.85701240030984,6.8408486792876175,6.102038208450181,4.930649642518735,4.650442674946415,3.402890741162191,6.867683825656508,4.776584339308874,3.9059163407554935,4.790687921736877,4.755598449153281,4.652451690948933,3.5007852993565214,4.89853991016584,5.932193684116237,3.422682569426872,4.3755227945932536,4.461092982272464,4.78196164770179,4.305334710374466,3.6555682961116327,4.267597627087845,2.9685249118652504,3.436974814936204,3.0578989523789866,2.3698459525884576,3.2646738398851616,1.6280613311944605,3.1767168112702846,2.721267202348103,1.80945958639269,1.2632382466187413,0.9135961129609654,1.4064657462651322,0.8482809097674128,0.8477911325393446,0.8221146051374054,1.807681836151105,1.472621392584859,0.8781168862053571,1.0888585066042185,5.2658745737485,1.4271819129212402,1.415741418379391,1.2526207200731811,0.2730928101510029
scenario_6,run_9,10.373947534005586,7.952956022318905,7.117857339492465,7.874805580717755,6.306165462996377,5.544000201539002,5.8526735021175655,4.988745719416874,5.556079768130274,5.07590330641941,4.462148272605424,5.139707627526756,8.070074773690695,6.707156319288069,5.370471085588898,5.815074518992919,6.639054512020837,5.342642404529761,4.646445610376087,6.20109506758129,3.8009003150288256,5.940402193779003,5.256697959409713,5.9255281868513086,3.841617718576591,2.488241824077988,3.1994334817563472,3.626008373788814,3.1091910766070403,3.23700663072676,1.3426843113693785,0.6813376368201303,1.7913436171517385,1.2783999241387014,1.5583325939714243,3.187060498759845,2.447748536326049,2.06037505645006,1.976902011394849,2.312963513416485,1.7121557030369658,1.6981102644345374,1.2352431150418368,1.3945695712641804,0.4424783815103591,1.7209292061058783,3.5383707842868306,3.046937863914544,1.2456544844658877,2.262122651540813
scenario_6,run_10,11.373058728614591,9.175254752019985,7.234983164025097,7.354920380500101,7.038761043125625,8.328080923663657,7.3011158561168035,6.673292264092956,6.858456466096127,5.782479278410242,6.1097227343880025,7.139654802061138,5.716351656818826,6.57345932541382,6.705421892883183,6.001393706254893,5.290908657057942,4.794718181500939,5.4155056307272496,5.27294572321477,5.5970282919728485,3.557283542699888,4.6369668884946025,3.654049142481708,3.191391217810112,3.9916375117719887,4.539511023630668,4.560810999403223,3.8203460440502126,5.706949424040244,6.510724494735589,4.457045453549341,4.41277907429967,5.264983072446098,4.181367989166132,3.694828960704337,3.797206363745591,2.7862128040928344,5.39202879665163,3.3328359059190182,4.228520730394969,4.750797933026808,3.243223001772136,5.473612563496091,3.341452499135837,3.372877371110749,3.9883166244299098,3.7589962428189048,3.879119205263653,3.994578026724555
