scenario_1,run_1,2.9986037348517294,4.938811871421187,4.8944909993401975,4.896190694325343,4.872418644615935,3.211072153914857,3.331293761977516,3.319230098305736,3.322357218889376,3.298797689992738,3.295450334001284,3.164022653368567,3.164016931847352,3.164016931847352.1,3.164013117499876,3.164016931847352.2,3.164016931847352.3,3.164016931847352.4,3.164016931847352.5,3.164016931847352.6,3.164015024673614,3.164016931847352.7,3.164015024673614.1,3.164016931847352.8,3.164016931847352.9,3.164016931847352.10,3.164016931847352.11,3.164013117499876.1,3.164016931847352.12,3.164015024673614.2,3.164016931847352.13,3.164015024673614.3,3.164015024673614.4,3.164016931847352.14,3.164016931847352.15,3.164013117499876.2,3.164013117499876.3,3.164016931847352.16,3.164016931847352.17,3.164016931847352.18,3.164016931847352.13,3.164015024673614.3,3.164015024673614.4,3.164016931847352.14,3.164016931847352.15,3.164013117499876.2,3.164013117499876.3,3.164016931847352.16,3.164016931847352.17,3.164016931847352.18
scenario_1,run_2,6.40800955251534,5.048910115084381,5.004967235090219,3.9924263865124727,4.031526928974203,4.273143687869479,4.339140265995091,3.897799213114965,4.235396715457672,3.929933101127486,4.251423919128517,4.195075113783418,4.182448170808073,4.258771901306599,4.206436968486018,4.176032879921973,4.129404485636998,3.3298320061145685,3.3263964789861573,3.3073820415477333,3.309306430687413,3.190618701039522,0.0,0.0,0.0,0.0,0.0,0.0,0.0,0.0,0.0,0.0,0.0,0.0,0.0,0.0,0.0,0.0,0.0,0.0,0.0,0.0,0.0,0.0,0.0,0.0,0.0,0.0,0.0,0.0
scenario_1,run_3,1.956296181462753,2.1932797006797258,2.661850246605336,2.3529808238069725,2.460277346190197,2.438017312513084,2.802026855489698,2.295478449098268,2.4365347706893408,2.555270415540018,2.423438198810348,2.283814793936594,2.3539384836180246,2.4390706038432053,2.408260976147951,2.329986458995992,2.3451329661021583,2.47782937638681,2.26107449591863,2.4274802984917745,2.350224173734892,2.4988058911386903,2.280234274311549,2.546463206048151,2.444829429770281,2.248985808460607,2.6320397971738188,0.0,0.0,0.0,0.0,0.0,0.0,0.0,0.0,0.0,0.0,0.0,0.0,0.0,0.0,0.0,0.0,0.0,0.0,0.0,0.0,0.0,0.0,0.0
scenario_1,run_4,5.518431560803284,5.655493098521603,5.811357157283871,5.732359733359719,5.740274096279292,5.741392347121722,5.275732300352952,6.620278664950071,6.465692260380033,6.022903744251095,4.866502123736742,4.880039343813529,4.849984409556567,4.849723626385728,4.849358841991317,4.851987061218485,4.825811651888735,4.8391246809186415,4.86321900168871,4.854576386280236,4.857028938002678,4.843564952109472,4.830062331958078,4.8453476503303,4.862320422167008,4.838687960016437,4.849144713842532,4.853421896316133,4.848670229836156,4.848841489864642,4.845057290602918,4.836773416111864,4.843668699348688,4.845348029692069,4.85042760981283,4.856109097015521,4.841073171660765,4.851398193664434,4.846202323118161,4.790462360680333,4.845057290602918,4.836773416111864,4.843668699348688,4.845348029692069,4.85042760981283,4.856109097015521,4.841073171660765,4.851398193664434,4.846202323118161,4.790462360680333
scenario_1,run_5,2.3117913298639943,2.391231785122204,3.0460953315353803,3.0495924265994456,3.241866962029196,3.0817953770287807,4.340962303015138,3.153846299463174,4.143831223129942,3.092548720022952,3.977129995961673,4.041752535053655,2.712645591882504,2.616015483412153,2.57708576598377,3.94514255892593,2.3365702477581687,4.036513778634461,4.010806502551329,4.011365487612535,2.669752558974031,2.566561249472009,4.041346284542526,2.6300042465580846,3.987239757703355,4.00779616441092,2.920306243006232,4.02395600617377,4.046060018971236,4.03966946065107,4.011542738388326,2.7093620753148384,4.025076285351873,4.020655309213614,4.065024796203799,2.646461158989551,4.015228596966762,2.623264804716244,3.979882632984204,2.693703216313709,4.011542738388326,2.7093620753148384,4.025076285351873,4.020655309213614,4.065024796203799,2.646461158989551,4.015228596966762,2.623264804716244,3.979882632984204,2.693703216313709
scenario_1,run_6,0.0,5.088869201429087,0.0,0.0,0.0,0.0,0.0,0.0,0.0,0.0,0.0,0.0,0.0,0.0,0.0,0.0,0.0,0.0,0.0,0.0,0.0,0.0,0.0,0.0,0.0,0.0,0.0,0.0,0.0,0.0,0.0,0.0,0.0,0.0,0.0,0.0,0.0,0.0,0.0,0.0,0.0,0.0,0.0,0.0,0.0,0.0,0.0,0.0,0.0,0.0
scenario_1,run_7,5.012084751297077,5.017796863626328,5.410166871072285,5.144045450724505,0.0,0.0,0.0,0.0,0.0,0.0,0.0,1.7757377143637565,0.0,2.2802796591939662,0.0,0.0,0.0,0.0,0.0,0.0,0.0,0.0,1.7264062978089385,0.0,0.0,0.0,0.0,0.0,0.0,0.0,0.0,0.0,0.0,0.0,0.0,0.0,2.3396998631431587,0.0,0.0,0.0,0.0,0.0,0.0,0.0,0.0,0.0,2.3396998631431587,0.0,0.0,0.0
scenario_1,run_8,7.386978069656053,7.077345390893764,7.250337702476353,7.250408901632599,7.250408901632599,6.158773814831004,6.111761119966922,6.05884327515093,6.05884327515093,6.05884327515093,6.05884327515093,6.05884327515093,6.05884327515093,6.05884327515093,6.05884327515093,6.05884327515093,6.05884327515093,6.05884327515093,5.7043960762104,5.706880453636046,4.918382864447658,4.831426256971853,3.576155370391098,0.0,0.0,0.0,0.0,0.0,0.0,0.0,0.0,0.0,0.0,0.0,0.0,0.0,0.0,0.0,0.0,0.0,0.0,0.0,0.0,0.0,0.0,0.0,0.0,0.0,0.0,0.0
scenario_1,run_9,0.0,2.885913833768049,2.891221728687046,2.6170838187164525,0.0,0.0,0.0,0.0,0.0,0.0,0.0,0.0,0.0,0.0,0.0,0.0,0.0,0.0,0.0,0.0,0.0,0.0,0.0,0.0,0.0,0.0,2.2067342760738216,2.284192782971346,0.0,0.0,0.0,0.0,0.0,0.0,0.0,0.0,0.0,0.0,0.0,0.0,0.0,0.0,0.0,0.0,0.0,0.0,0.0,0.0,0.0,0.0
scenario_1,run_10,10.705547732061804,10.701995702578817,10.591200463228558,10.603911721181529,10.559003793215894,10.574446765557626,10.603907499937396,10.54798242594027,7.000070152546536,7.000070152546536,7.024986306279885,6.985031684887677,6.985376066917936,6.913826354589824,6.913088564160433,6.034715919495793,6.0345917359006425,6.034070179028154,6.034070179028154,6.0265396513567895,6.034020508143821,6.0062605439656815,6.006285320811745,6.006285320811745,6.006285320811745,6.006285320811745,6.006285320811745,6.006285320811745,6.006285320811745,6.006235767172469,6.006285320811745,6.006235767172469,6.006285320811745,6.006285320811745,6.006285320811745,6.006285320811745,6.006285320811745,6.006285320811745,6.006235767172469,6.006285320811745,6.006285320811745,6.006235767172469,6.006285320811745,6.006285320811745,6.006285320811745,6.006285320811745,6.006285320811745,6.006285320811745,6.006235767172469,6.006285320811745
scenario_2,run_1,0.0,4.287825879076018,4.754367945839064,4.753695273092651,4.759652450851656,4.752368156004695,0.0,0.0,0.0,0.0,0.0,0.0,0.0,0.0,0.0,0.0,0.0,0.0,0.0,0.0,0.0,0.0,0.0,0.0,0.0,0.0,0.0,0.0,0.0,0.0,0.0,0.0,0.0,0.0,0.0,0.0,0.0,0.0,0.0,0.0,0.0,0.0,0.0,0.0,0.0,0.0,0.0,0.0,0.0,0.0
scenario_2,run_2,3.9589640022887753,3.955754690597597,3.9535975300232016,3.9536172433631656,3.9530389416548015,3.95799725104434,3.9576828293111808,3.953919592177491,3.954679760842101,3.91792257202472,3.932199470773444,3.929768778002373,3.924524206375903,3.9322792988232274,3.929472255763483,3.802984023584566,3.802461965250708,3.80201249883429,3.802180429041385,3.931351081659942,3.802678323842294,3.246528439517649,3.2618637600321905,3.060718913228221,3.059577379551837,3.06135159643158,2.956583920725983,2.95333988940587,2.9518130894747268,3.0145253368946703,2.9605420315480844,3.0091271780884488,2.9574152679578813,2.9628356611691267,2.9912720633456966,3.003146953670294,1.9850209902089504,1.957145329370283,1.912327252586549,1.5411682133627316,2.9605420315480844,3.0091271780884488,2.9574152679578813,2.9628356611691267,2.9912720633456966,3.003146953670294,1.9850209902089504,1.957145329370283,1.912327252586549,1.5411682133627316
scenario_2,run_3,3.941135360441736,3.9489876502306656,3.9415868435132215,3.94198732994556,3.940782446660028,3.942909076001367,3.942960616119994,3.94346678822912,3.943367703175654,3.9417839913986494,3.940929487539396,3.9416010332029807,3.939640535231729,3.941608908335446,3.941944804571525,3.939637652181526,3.940128701826563,3.938066770857202,3.939463254555515,3.9390452120834767,3.934822260456632,3.936843861609669,3.937775830715416,3.938142585606216,3.9383337679621193,3.938348554826593,3.938729626919992,3.936731785397127,3.938005507841525,3.938212064894454,3.938211712142195,3.938531991126442,3.937071518638718,3.937529535535525,3.93564783456669,3.934936271232276,3.934519651783727,3.934804989632726,3.932489133339165,3.934964442083806,3.938211712142195,3.938531991126442,3.937071518638718,3.937529535535525,3.93564783456669,3.934936271232276,3.934519651783727,3.934804989632726,3.932489133339165,3.934964442083806
scenario_2,run_4,17.4703409629998,17.4703409629998,15.779483636944724,6.147512954556417,6.092154644522815,6.090998526901436,5.878992056066957,5.904366050551624,5.369621384178669,2.074004700935239,2.1512792664748424,3.093509182227497,2.474251054191614,5.358477037868401,4.17456204368718,2.97251988735715,3.4599934252456244,2.632697482543362,2.2764316948698693,2.274080962442319,2.002047685419397,3.996544149125474,2.4298489554968734,2.290495068439716,2.97579033295041,2.2444875617477456,2.816923881854111,2.95421703527707,2.1806950881518383,2.6234345611609906,2.330095167494407,2.2128995020892246,3.1328540323080665,1.969161940733521,2.5192761720173538,2.1292865807434094,3.0921848133130694,2.096573839555194,2.829013859726293,2.831116444773786,2.330095167494407,2.2128995020892246,3.1328540323080665,1.969161940733521,2.5192761720173538,2.1292865807434094,3.0921848133130694,2.096573839555194,2.829013859726293,2.831116444773786
scenario_2,run_5,6.041467695638132,2.190232681130908,2.6137802925886904,2.2883799418495,2.249007257187701,2.1805104854711925,2.0577774811732947,2.2823683969729704,2.2491650895983417,2.103360611141943,2.1241383515573875,2.0019554176695418,2.0095269061527423,2.007025675856482,2.003657257331708,2.0059950149297467,2.1001669246850665,2.031385270314746,2.003036697690139,2.0964305280704427,2.100454122028899,2.066606047870553,1.9884100922141297,1.9732552163456096,1.9787234083697325,2.099850291386153,2.010408217216006,1.971009162197657,1.97012271359918,2.079015262730113,2.085871793620328,2.040665225615632,2.0987135027682973,2.054966908894156,2.0996856849686765,2.089105810985856,1.973663230306032,2.0993083806030226,2.061998252841056,1.978016948722663,2.085871793620328,2.040665225615632,2.0987135027682973,2.054966908894156,2.0996856849686765,2.089105810985856,1.973663230306032,2.0993083806030226,2.061998252841056,1.978016948722663
scenario_2,run_6,6.021136198804695,4.701983124392187,4.721116011973858,4.907487430387911,3.1204591322786803,2.003512296450862,1.833598029303748,2.362218056880568,1.8357844219947472,1.9836367749202648,2.565059454203163,1.9661115809824383,1.9993840951794108,2.268059189277332,1.8359503964341493,1.9899444436309963,2.8006633192079256,2.295949277037054,1.8340740413151773,1.835844162793423,1.835515330051416,1.835808344017604,1.8347310487938573,2.229620306874593,1.834176058725524,1.838044833292289,2.021988524769302,1.8336017285665525,1.965188173884392,1.8342631824631488,1.8365956204846008,2.0788346162358216,2.009485093219306,1.8338421901619768,1.838973415055197,1.835866137792304,1.833841045174901,2.01455093570892,2.145472102943484,2.033611297761269,1.8365956204846008,2.0788346162358216,2.009485093219306,1.8338421901619768,1.838973415055197,1.835866137792304,1.833841045174901,2.01455093570892,2.145472102943484,2.033611297761269
scenario_2,run_7,4.3196489480968046,3.990325946705021,3.957717928842089,3.95658059919815,3.975068652374681,3.968542689528301,3.9624583508457896,3.94231938958415,3.9401963974167886,3.9406389226396175,3.9388071066930097,3.940301088875304,3.944040176044346,3.944003810811738,3.943482904451647,3.936036343891408,3.943612060168322,3.943532855602546,3.946291782726136,3.936213965072827,3.944929268910892,3.94393658299384,3.9436037627741225,3.939229392450106,3.943296456237994,3.9374726632888,3.941521042044982,3.942909296820602,3.942957782235272,3.822013144611932,3.690883601879701,2.3363238301699694,2.383939325749593,2.192135892699634,2.231586961103184,2.187138811642108,2.225421322174797,2.2103311926617817,2.238128360437796,2.2212086590350326,3.690883601879701,2.3363238301699694,2.383939325749593,2.192135892699634,2.231586961103184,2.187138811642108,2.225421322174797,2.2103311926617817,2.238128360437796,2.2212086590350326
scenario_2,run_8,3.985640752466199,3.9837282439640815,3.9838505013231376,3.9829008492409215,3.982202625461434,3.9825407926758896,3.982754146743378,3.974365268565563,3.971489532091412,3.972181705600277,3.962642235010668,3.4630633632894883,3.208766571991656,3.203656607819502,3.2041368447038785,2.8136047588051483,2.2655154521972607,2.264546438727323,2.225708961068173,2.225548743851642,2.2253198410443047,2.223923676459364,2.225189461688762,2.225357994997853,2.1550308088620564,2.195134056433197,2.154695458536651,2.155076580983637,2.1562435624997907,2.23275236293368,1.5105985412020129,1.4405192839511003,0.0,0.0,1.3656627666532517,1.4234686645165864,0.0,0.0,0.0,0.0,1.5105985412020129,1.4405192839511003,0.0,0.0,1.3656627666532517,1.4234686645165864,0.0,0.0,0.0,0.0
scenario_2,run_9,0.0,3.923652198317928,4.479244652966333,4.200144831497179,2.2328628510107067,3.6284229209052064,4.04171870307242,3.826822047498077,4.36092074453543,2.725871099777518,4.106793205369028,4.129083936116547,4.414233517722873,3.621661860421112,4.0400529045420415,4.168037478448756,2.122959945082541,3.591182564839202,3.976808024576623,3.9953193466686048,4.203420661017397,4.327577769213595,4.208338942882945,2.7867032895152777,2.5903646218647767,3.888604029683188,4.461537527919751,4.347872749270524,4.125756130311786,3.9197245336133806,4.122503074526357,2.697473811814036,4.329111449599082,4.1870157601932005,4.166873051610349,4.147136745636379,4.075257555306932,4.194569763299744,3.743724946494348,4.02846307484927,4.122503074526357,2.697473811814036,4.329111449599082,4.1870157601932005,4.166873051610349,4.147136745636379,4.075257555306932,4.194569763299744,3.743724946494348,4.02846307484927
scenario_2,run_10,6.2258607325960975,6.265549334976784,6.260878820011341,2.3703233699453667,2.07435609936131,2.075993994629793,1.9920964599621105,2.07510773845622,2.079385499989365,2.07566842043555,2.073484640891079,2.079305548676019,2.0739256763944334,2.0794035250269904,2.0769033013013294,2.0724714905235166,2.075209048071451,2.0754409095504167,2.0748699366369903,2.036187172939916,2.034210618555853,2.037676235753039,2.0352574323325783,2.036102298138001,2.03431526592198,2.03557828247589,2.035397960424145,2.0339973028457865,2.020425739443271,2.0198448645118887,2.294543755735772,2.0232262494498108,1.987721295939871,1.9869106159323977,1.9877294738404785,1.987566085692361,1.987930193334693,1.990305169143108,1.9864333697433776,1.9853136826978923,2.294543755735772,2.0232262494498108,1.987721295939871,1.9869106159323977,1.9877294738404785,1.987566085692361,1.987930193334693,1.990305169143108,1.9864333697433776,1.9853136826978923
scenario_3,run_1,1.949226190165456,2.032127053642724,2.117097326876481,1.9066236299411352,2.0657285412723563,1.856437655279888,2.0082448293270656,1.8429004522214285,2.055286725948652,2.0225962904588903,2.0304495368016333,1.838026824445072,1.974378079842129,2.0255697089247566,1.7744651317775435,1.947344447735537,1.890671481765508,1.9732141355878527,1.98586848752912,1.924315040621992,1.886511030665032,1.8643177798565305,1.8509200707947924,1.885347851245402,1.8491727388904395,2.030662831848852,2.014062075126,2.05664923598012,1.817093865066432,1.885008424700964,2.072740588950829,1.8815341599266668,1.911128414806165,1.885958585389453,2.0169687424630043,1.7600940949571873,1.9575160848529365,1.9366177246732512,1.99966735157047,1.946336390397281,2.072740588950829,1.8815341599266668,1.911128414806165,1.885958585389453,2.0169687424630043,1.7600940949571873,1.9575160848529365,1.9366177246732512,1.99966735157047,1.946336390397281
scenario_3,run_2,5.163302680146058,4.913666598655203,5.588404892296963,4.903108915007288,4.89549840939065,4.89492210763414,4.888794590146336,4.894771923764926,4.894771923764926,4.883087102177457,4.876304261081153,4.867738934655505,4.834554496362028,4.8351351082006175,4.830039073694895,4.8295972456977365,4.829454851612831,3.467496390424198,3.2278426390026693,3.228083204311699,3.2702567102367333,3.2241682736140738,3.265163085767256,3.2835611444140187,3.3991009654397213,3.282651167488552,3.263285384054524,3.467348211779828,3.2761850865844235,3.3354191043108745,3.3382262839507657,3.466291822042957,3.263954716427473,3.2829145398607857,3.267872227878606,3.239471091567144,3.281635033668361,3.2888825950469505,3.272916044325761,3.336186760268037,3.3382262839507657,3.466291822042957,3.263954716427473,3.2829145398607857,3.267872227878606,3.239471091567144,3.281635033668361,3.2888825950469505,3.272916044325761,3.336186760268037
scenario_3,run_3,8.550579254875721,7.90370518504782,0.0,0.0,0.0,0.0,0.0,0.0,0.0,0.0,0.0,0.0,0.0,0.0,0.0,0.0,0.0,0.0,0.0,0.0,0.0,0.0,0.0,0.0,0.0,0.0,0.0,0.0,0.0,0.0,0.0,0.0,0.0,0.0,0.0,0.0,0.0,0.0,0.0,0.0,0.0,0.0,0.0,0.0,0.0,0.0,0.0,0.0,0.0,0.0
scenario_3,run_4,3.428627224882544,4.433167308891087,3.481323253978818,3.458495114170769,3.525868053931318,3.381045640868121,3.430965423395849,3.429871316078656,3.385741233527677,3.4304927864483314,3.428177105022208,3.4303392200196594,1.532103523754854,1.5603237080111607,1.5269615944337742,1.6033684132350745,1.3887355745059402,1.5641977933792484,1.5201672076446884,1.600650803915783,1.385980969849563,1.5668408411750083,1.5583722342359054,1.5504406363084735,1.642119594195504,1.5618980882134514,1.5746766372717629,1.60188946541017,1.6428352247034366,1.605684281353044,1.557607310052464,1.6025804850981642,1.643052451720485,1.3956659848478297,1.557202208021387,1.3953424746557606,1.636579428146776,1.558019519320835,1.5573913866535145,1.6028216539722266,1.557607310052464,1.6025804850981642,1.643052451720485,1.3956659848478297,1.557202208021387,1.3953424746557606,1.636579428146776,1.558019519320835,1.5573913866535145,1.6028216539722266
scenario_3,run_5,2.018001289230365,3.065044716332982,2.51341427601818,0.0,2.8882903630525587,1.9519420502557063,0.0,0.0,0.0,0.0,0.0,0.0,0.0,0.0,0.0,0.0,0.0,0.0,0.0,0.0,0.0,0.0,0.0,0.0,0.0,0.0,0.0,0.0,0.0,0.0,0.0,0.0,0.0,0.0,0.0,0.0,0.0,0.0,0.0,0.0,0.0,0.0,0.0,0.0,0.0,0.0,0.0,0.0,0.0,0.0
scenario_3,run_6,6.486246780145945,6.48376323045574,6.47304152991223,6.47304152991223,6.47304152991223,6.47304152991223,5.24812836383742,6.453334669280119,6.453334669280119,6.471155873428205,6.489321169408579,6.375615715821231,6.479695856213791,6.489321169408579,6.453214533551087,6.489321169408579,6.4532679508135065,6.4532303110496105,6.453481408045016,6.489321169408579,6.4869770383648016,6.354917390121993,6.385356216439339,6.496634952557867,6.354374829976494,6.387266805199108,5.331232146788319,6.496634952557867,6.496634952557867,6.496634952557867,6.351765156983151,6.351765156983151,5.105915053432989,5.036694493151655,5.106188079500822,5.072321663994367,5.10625204330905,5.113334023029275,5.105976840036882,5.066650008451233,6.351765156983151,6.351765156983151,5.105915053432989,5.036694493151655,5.106188079500822,5.072321663994367,5.10625204330905,5.113334023029275,5.105976840036882,5.066650008451233
scenario_3,run_7,5.423889239586753,6.116381565990796,5.374396802628832,5.331737377657737,4.320509047784467,2.2842519370624714,2.238856288447236,2.074250297357364,2.0353460110718964,2.034445247161959,2.012173090261905,2.011016063909819,2.010652598096073,2.004110206832249,1.9456858196522049,1.9195352028722377,1.920268621938657,1.919158479850794,1.920902543640444,1.92248371634802,1.9215661965013529,1.6299659478641455,1.9557870868417,0.0,0.0,0.0,0.0,0.0,0.0,0.0,0.0,0.0,0.0,0.0,0.0,0.0,0.0,0.0,0.0,0.0,0.0,0.0,0.0,0.0,0.0,0.0,0.0,0.0,0.0,0.0
scenario_3,run_8,4.839924269886508,5.3317339332950375,4.837274891429353,5.249288361653946,5.12977598153666,4.800789312890855,4.846242706646636,4.782034775156755,4.3487240669990985,4.340047244270664,4.010666799189504,3.1206522743929423,2.983987901979787,3.0434432352895584,3.062999787837351,3.215997615822043,3.108417807645768,3.1296408988816986,3.125192686986836,3.1245661044924224,3.127600437736322,2.958262747284786,2.7996386849145627,0.0,0.0,0.0,0.0,0.0,0.0,0.0,0.0,0.0,0.0,0.0,0.0,0.0,0.0,0.0,0.0,0.0,0.0,0.0,0.0,0.0,0.0,0.0,0.0,0.0,0.0,0.0
scenario_3,run_9,5.082665684964551,4.719014608835304,5.131685713544799,4.917237137309265,4.838161466635871,4.722995248317406,4.5475242536940925,3.6977146193365726,3.197965188658632,3.19763598092493,3.193632951695954,3.1978255206727653,3.197457689770764,3.4116265271570176,4.689003593494515,4.65768448631575,4.607323321017235,4.586043165963321,4.314429930665757,4.275873307852472,4.224437959613639,2.046201207487083,4.224795803510965,3.7254021099454495,3.462511998761457,3.332056548008284,3.1328123405272987,3.13245812988223,2.81352438768823,2.8740959095283527,2.563163974953822,2.306745142467145,2.116960559039314,1.98369754724545,1.949218108409291,1.9476480213211416,1.5897880215985956,1.5081934315304328,1.5450688013474378,1.539974328536372,2.563163974953822,2.306745142467145,2.116960559039314,1.98369754724545,1.949218108409291,1.9476480213211416,1.5897880215985956,1.5081934315304328,1.5450688013474378,1.539974328536372
scenario_3,run_10,3.70544071015308,3.822218451435686,3.3670233378833507,3.243760649596499,3.2335272581941896,3.5884710796631096,3.532981531769447,3.239039465059105,3.193116678054698,3.243021635577024,3.2334237424522,3.3436936947998053,3.2322489082704053,3.236768394170471,3.6987603613255375,3.742954886738848,3.2313577495650443,3.222897705456448,3.2355254224782017,3.5954352111333847,3.233413100409676,3.233280257162101,3.24018768069834,3.2604700461564096,3.24003779173485,3.233995797812411,3.234410170330728,3.2352636016648315,3.480070083521702,3.519849631439603,3.742369745526716,3.2332694193594804,3.240300780858278,3.743092559213685,3.445399207166332,3.2337201100906805,3.2329689188694988,3.7429627574461866,3.2411392352818806,3.23753214515645,3.742369745526716,3.2332694193594804,3.240300780858278,3.743092559213685,3.445399207166332,3.2337201100906805,3.2329689188694988,3.7429627574461866,3.2411392352818806,3.23753214515645
scenario_4,run_1,5.150664719284679,5.34331934893545,5.246957699271322,5.139982995637906,5.139418835179328,5.151421317792399,5.139398921520553,5.149211642935268,5.140054449526657,5.137514465318347,5.136150025241832,5.240754726305212,5.165977184142718,5.230285665176869,5.155454928869325,5.166036051938978,3.467822524825508,3.459269755146788,3.369559051285524,0.0,0.0,0.0,0.0,0.0,0.0,0.0,0.0,0.0,0.0,0.0,0.0,0.0,0.0,0.0,0.0,0.0,0.0,0.0,0.0,0.0,0.0,0.0,0.0,0.0,0.0,0.0,0.0,0.0,0.0,0.0
scenario_4,run_2,0.0,0.0,0.0,0.0,3.368891086182871,0.0,0.0,0.0,0.0,0.0,0.0,0.0,0.0,0.0,0.0,0.0,0.0,0.0,0.0,0.0,0.0,0.0,0.0,0.0,0.0,0.0,0.0,0.0,0.0,0.0,0.0,0.0,0.0,0.0,0.0,0.0,0.0,0.0,0.0,0.0,0.0,0.0,0.0,0.0,0.0,0.0,0.0,0.0,0.0,0.0
scenario_4,run_3,9.872449282161144,9.867927582538805,3.7160189777432304,3.570079547505544,3.5685570911467943,3.2983669591988445,3.251774377472869,3.528146723885974,3.300067333516198,3.2990476989121644,3.3001533151637563,3.296863654372733,3.24370940169038,3.2995446927886323,3.2964430513260834,3.3110722169868185,3.300584391361008,3.5253789855687163,3.322742827090629,3.3827986415696114,3.312468852650856,3.2993398681237185,3.2424187353365226,3.151607963565904,3.25380466211408,3.5741322167389304,3.310998040486885,3.532039474090679,3.473521244709552,3.148852047826043,3.299320785325013,3.1498004451948782,3.1500708670855246,3.149001541872431,3.1498549014055675,3.1497850834060004,3.285565003262469,3.0965302586128165,3.293978816824618,3.393911841577034,3.299320785325013,3.1498004451948782,3.1500708670855246,3.149001541872431,3.1498549014055675,3.1497850834060004,3.285565003262469,3.0965302586128165,3.293978816824618,3.393911841577034
scenario_4,run_4,6.852257442164556,6.8518645157755245,5.390719846029773,5.219943129705428,5.155973197225889,5.132498356450369,5.158839052691247,5.162644697585163,5.136057755832022,5.157122673380831,5.158103783395696,5.130986858132608,5.130127409517629,5.132230661208348,5.137798118074831,5.141608824276483,5.132524719579199,5.133970439213383,5.134689717755188,5.141956592867214,5.155561784270538,5.1603987863399485,5.150466994981358,5.131770033559508,5.13313202250515,5.131250004548904,5.162724181871422,5.132779658553583,5.14656910258786,5.139239128032982,5.133350557357502,5.151686178734548,5.159729584886693,5.13177521277364,5.132841588924833,5.129272918091303,5.13340330738721,5.159683786289325,5.159462354080594,5.1340237445572745,5.133350557357502,5.151686178734548,5.159729584886693,5.13177521277364,5.132841588924833,5.129272918091303,5.13340330738721,5.159683786289325,5.159462354080594,5.1340237445572745
scenario_4,run_5,5.301517776846532,3.480681651020314,3.463965237805138,3.137750021613178,3.13855730532648,3.142445864754172,0.0,0.0,0.0,0.0,0.0,0.0,0.0,0.0,0.0,0.0,0.0,0.0,0.0,0.0,0.0,0.0,0.0,0.0,0.0,0.0,0.0,0.0,0.0,0.0,0.0,0.0,0.0,0.0,0.0,0.0,0.0,0.0,0.0,0.0,0.0,0.0,0.0,0.0,0.0,0.0,0.0,0.0,0.0,0.0
scenario_4,run_6,4.918749522919574,4.978477214913723,4.463587400038825,4.464047038363179,4.60206291666102,3.333180660030272,3.282451517459816,3.2171421636242554,3.2089442459514697,3.1966172447838748,3.196847093060552,3.197103337678604,3.185416983927219,3.19689252920539,3.196705586281709,3.191651657605868,3.196728939405288,3.1968274405794497,3.197328960099376,3.197021361829873,3.195831174838896,3.193915048429096,3.18648072675992,3.18617438819636,3.1863935744557983,3.185473188810149,3.1863475496374827,3.18653060796963,3.18655686154032,3.18596543554592,3.1863465959423487,3.1865625939581403,3.186463871179986,3.185952121002097,3.186481260552722,3.1863175502228147,3.1856460184039945,3.186336091141682,3.1862551620683712,3.186295163042976,3.1863465959423487,3.1865625939581403,3.186463871179986,3.185952121002097,3.186481260552722,3.1863175502228147,3.1856460184039945,3.186336091141682,3.1862551620683712,3.186295163042976
scenario_4,run_7,3.536674436468188,2.807739492595344,2.787050183787353,1.7427619042930609,1.792100643558107,1.7673091507968308,1.771755533172875,1.8147597926508363,1.8127755063848183,1.8111276002004937,1.81149506034179,1.802199568583316,1.8158015062301656,1.813664736316216,1.73371420110284,1.765030692983517,1.7642218414132889,1.8104867048312605,1.781832559619486,1.7420065000414475,1.7660670703236434,1.815069048744412,1.794437543968472,1.792819949221783,1.7926457367779751,1.8127746582392483,1.7615506816154929,1.8138793104359627,1.795406628731969,1.813390105976156,1.7622043948531678,1.7918955651528314,1.7643638045759678,1.8134802063759048,1.814515551262244,1.7638733976860177,1.7909416916146197,1.7653912846260456,1.815340680710334,1.812961625918712,1.7622043948531678,1.7918955651528314,1.7643638045759678,1.8134802063759048,1.814515551262244,1.7638733976860177,1.7909416916146197,1.7653912846260456,1.815340680710334,1.812961625918712
scenario_4,run_8,6.918781902766725,6.961728715022303,6.956848150813006,6.949348256335823,5.829881279731495,5.591157111248552,5.666936902078589,4.891668019796936,4.83111455111041,4.699022554643139,4.416359127181634,4.345338990156649,4.263850979728528,3.1658411711711367,2.777106964448081,2.72629502858834,2.599137587685354,2.5982074310540506,2.520132775685628,2.4140945832655394,2.382166325394853,2.2694334464454218,2.1614283919508503,2.0549348947548944,2.0159973790650128,2.011667997465952,2.016980588236693,2.0028586494187874,2.002721846715664,2.0031170248014347,2.003220770565968,2.002224995659954,2.0022636778960887,2.0031760879424816,2.00010772944176,2.00172655204907,2.002135720535804,2.001680874397426,2.003186819298401,2.003152730773721,2.003220770565968,2.002224995659954,2.0022636778960887,2.0031760879424816,2.00010772944176,2.00172655204907,2.002135720535804,2.001680874397426,2.003186819298401,2.003152730773721
scenario_4,run_9,9.639893591757332,8.939167282038996,9.41950299951515,9.64313032311495,9.610150246318652,9.62348858517061,9.462113344700622,9.620927241161448,9.637200159906088,8.139076754791615,6.834027632915141,6.834027632915141,6.451164077588246,6.451164077588246,6.433727597336152,6.114857753696322,6.450847145071358,6.351950555604196,6.451164077588246,6.037575668642188,5.899360751090544,5.893636158140658,6.037577441637109,6.037577441637109,6.037577441637109,5.889312235182026,6.037577441637109,6.037560155325664,6.037577441637109,5.900047670762982,6.037577441637109,6.009046613380478,6.037553506975196,6.0375388810556245,6.002069337203101,6.037608913814617,6.00907642988897,6.037608913814617,6.037608913814617,5.893346175537238,6.037577441637109,6.009046613380478,6.037553506975196,6.0375388810556245,6.002069337203101,6.037608913814617,6.00907642988897,6.037608913814617,6.037608913814617,5.893346175537238
scenario_4,run_10,4.24030108588942,3.429133673572126,3.4563246029369665,3.483056858033756,3.311613571118967,2.7931445884023427,2.4596788571019426,2.4562575280002386,2.4507763855232136,2.477784288943557,2.38823823512242,2.344980315953757,2.3877821364833194,1.7874736060063037,0.0,0.0,0.0,0.0,0.0,0.0,0.0,0.0,0.0,0.0,0.0,0.0,0.0,0.0,0.0,0.0,0.0,0.0,0.0,0.0,0.0,0.0,0.0,0.0,0.0,0.0,0.0,0.0,0.0,0.0,0.0,0.0,0.0,0.0,0.0,0.0
scenario_5,run_1,3.2409310241846114,2.33745284722178,2.876255425622632,3.17486822099764,2.8236984301311727,0.0,0.0,0.0,0.0,0.0,0.0,0.0,0.0,0.0,0.0,0.0,0.0,0.0,0.0,0.0,0.0,0.0,0.0,0.0,0.0,0.0,0.0,0.0,0.0,0.0,0.0,0.0,0.0,0.0,0.0,0.0,0.0,0.0,0.0,0.0,0.0,0.0,0.0,0.0,0.0,0.0,0.0,0.0,0.0,0.0
scenario_5,run_2,7.713378607515117,7.839270320028248,7.825082508014755,7.494839558932909,7.211414834756259,6.830038013975561,5.926932780689039,5.888499753980471,4.633408413050109,4.631784835943508,4.291148952243634,4.631631248864963,4.362901164794118,4.28939731605603,4.125534574061373,4.434513652233507,4.629836166281418,4.377759529287752,4.629728445563595,4.362366883320161,4.504643717756986,4.3092597228040335,4.375983136141929,4.459606051305,4.317923310541074,4.459747286212734,4.459747286212734,4.411696681905757,4.459713957021694,4.400169533632584,4.459606051305,4.434040814562362,4.395722686581316,4.459747286212734,4.459606051305,4.432982361213567,3.5842924336282613,4.21835349511347,4.459769918102742,4.428907014463349,4.459606051305,4.434040814562362,4.395722686581316,4.459747286212734,4.459606051305,4.432982361213567,3.5842924336282613,4.21835349511347,4.459769918102742,4.428907014463349
scenario_5,run_3,6.849198220188911,6.849198220188911,6.849198220188911,6.849198220188911,6.849198220188911,6.849198220188911,6.849198220188911,6.849198220188911,6.849198220188911,6.849198220188911,6.849198220188911,6.849198220188911,6.779469377268789,6.650237739512839,6.585173314421226,6.576268708910235,5.941529512400377,4.9235880940617465,2.1450809379452287,4.904200061247618,4.898332291562863,4.898186519330969,4.898332291562863,4.8972328995730505,4.898209611745904,4.888038348892228,4.897586645683728,4.898137448219068,4.8983539411804,4.897913108297685,4.890014732523287,4.89826878643011,4.898186519330969,4.898332291562863,4.884415645353182,4.897853383695983,4.898283219360863,4.881102397351716,4.898212498303485,4.8983539411804,4.890014732523287,4.89826878643011,4.898186519330969,4.898332291562863,4.884415645353182,4.897853383695983,4.898283219360863,4.881102397351716,4.898212498303485,4.8983539411804
scenario_5,run_4,3.68681660059308,2.2984774817530003,2.408353669158217,3.964793706180578,3.780822055823438,3.661862677967593,1.858955412883063,3.543283955775025,2.168031104880183,1.8481319780439924,3.2171623373105733,3.204480513048745,3.21749919040557,2.6394736260946456,2.4918699587713125,3.1968194901936253,1.7566857982868074,3.216767488518867,3.207032114842503,3.179333018548147,3.1844692914735937,3.171623338752122,3.1878151317836245,2.1845013905166,3.107633385388084,3.159681333118071,1.7711521118875884,3.134230006811245,3.170349183087814,3.129253071247322,1.8055958256918223,1.7971346826247934,2.712312155037301,2.921831460978373,3.202879069598722,3.0982569587003024,1.807163737996636,3.1863833691205503,1.809569994341484,3.1998474720307035,1.8055958256918223,1.7971346826247934,2.712312155037301,2.921831460978373,3.202879069598722,3.0982569587003024,1.807163737996636,3.1863833691205503,1.809569994341484,3.1998474720307035
scenario_5,run_5,5.245127213414276,4.940105218678823,2.550410414390784,4.4883771868264,2.597921445375095,2.54892853103796,4.488248923458577,2.6605589418503808,2.878297070246529,3.908687734207988,3.898796318906201,3.8945649558491984,3.887228494620429,3.879615617295528,3.867831630696702,3.821249698224269,3.817369295324071,3.8172385400479656,3.8171991209612752,3.8149410100165073,3.8172385400479656,3.8172385400479656,3.8172385400479656,3.809685064488496,3.808886700904386,3.808519391368379,3.808519391368379,3.808510780426056,3.808484421374063,3.808484421374063,3.808484001358905,3.808484001358905,3.808484421374063,3.808484001358905,3.808484001358905,3.80827910903334,3.8082790546706544,3.808261170993385,3.808261170993385,3.808214674756592,3.808484001358905,3.808484001358905,3.808484421374063,3.808484001358905,3.808484001358905,3.80827910903334,3.8082790546706544,3.808261170993385,3.808261170993385,3.808214674756592
scenario_5,run_6,4.839570915724295,4.846580403670012,4.863696434070322,4.57829295279899,3.819104833752746,4.441073831152106,2.3878244077737265,2.405961454812988,3.170719195705027,3.0857666936953505,3.0824725251339102,3.4841132203488736,3.1131335791864587,3.46644426983916,4.317396947075946,4.301563904714591,4.282700737006877,3.816676736414376,4.282196906487009,4.266299709788322,4.282771955573583,3.4663195465459964,4.237162014602563,4.208101938567441,4.18742681264822,3.8398803239454073,3.828774759458622,3.750105445591396,2.873514113040658,2.5113814617016192,2.033954235195777,1.9583578043794,2.0242041410431737,1.851665263533988,3.72959916191511,2.119828395486459,3.667300445961055,3.7316737724105145,3.7296543012437136,3.706056394030552,2.033954235195777,1.9583578043794,2.0242041410431737,1.851665263533988,3.72959916191511,2.119828395486459,3.667300445961055,3.7316737724105145,3.7296543012437136,3.706056394030552
scenario_5,run_7,2.903909179031046,3.317147732525369,3.782357184323636,3.514750907913738,3.1081292636871867,3.712132651450982,3.640404995323167,3.6198824034620176,3.65905722800693,3.372119273780588,3.3820112176021624,3.209105827289203,3.188007062414323,3.323593788380413,2.8606263270875294,3.3686491625158155,3.2314954242887333,3.3353420440093324,3.06735333266732,3.188210347482089,3.127915909583074,2.856509211987947,3.181700901533867,3.1872258151482287,3.382453875022253,3.204365040495971,0.0,0.0,0.0,0.0,0.0,0.0,0.0,0.0,0.0,0.0,0.0,0.0,0.0,0.0,0.0,0.0,0.0,0.0,0.0,0.0,0.0,0.0,0.0,0.0
scenario_5,run_8,6.849308702069358,6.84940445769672,3.894944046186188,3.633747254631477,3.0408742526847017,2.707440437558172,2.2455781900314857,2.2488641260083884,2.184023674794979,2.276917412167294,2.231499703724948,2.1780540093454164,2.184262491801218,2.1740971012828094,2.2775522135812047,2.194805766637668,2.253302072372896,2.1341769057655973,2.225448634848364,2.234365708833957,2.192855919454525,2.229186960357417,2.2295858946974283,2.1313539520205644,2.137338772697211,2.132253485924997,2.192315695386692,2.1441601134803427,2.132154566680079,2.129808263470031,2.227671685080449,2.134099940493933,2.139506883947429,2.193333467945069,2.1324229063629523,2.158057331863188,2.13621661045484,2.2208661220326285,2.13506230246866,2.1785722328829027,2.227671685080449,2.134099940493933,2.139506883947429,2.193333467945069,2.1324229063629523,2.158057331863188,2.13621661045484,2.2208661220326285,2.13506230246866,2.1785722328829027
scenario_5,run_9,20.0,20.0,20.0,3.5268633496054576,3.5269786293881302,3.526800256396327,3.5271059485957807,3.5270742188029,3.526800987358854,3.5267632746615427,3.5267514099079587,3.526778459273975,3.526843922891894,3.526843922891894,3.526815678173276,3.526777205060313,3.526804430730279,3.526777500260134,3.526777500260134,3.526777500260134,3.5267640023860114,3.5267640023860114,3.5267640023860114,3.5267640023860114,3.5267640023860114,3.5267640023860114,3.5267640023860114,3.5267640023860114,3.5267640023860114,3.5267640023860114,3.5267640023860114,3.5267640023860114,3.5267640023860114,3.5267640023860114,3.5267640023860114,3.5267640023860114,3.5267640023860114,3.5267640023860114,3.5267640023860114,3.5267640023860114,3.5267640023860114,3.5267640023860114,3.5267640023860114,3.5267640023860114,3.5267640023860114,3.5267640023860114,3.5267640023860114,3.5267640023860114,3.5267640023860114,3.5267640023860114
scenario_5,run_10,4.94026960497509,3.62118521698052,3.621224140537207,3.616109314128528,3.615944891115726,3.606356687330346,3.597987725484132,3.6059345139457295,3.604736602958313,3.604736602958313,3.604736602958313,3.604736602958313,3.6044091015109663,3.6044091015109663,3.584266854097001,3.6044091015109663,3.604438222559438,3.604438222559438,3.604438222559438,3.604438222559438,3.604438222559438,3.604438222559438,3.604438222559438,3.604438222559438,3.604034874546048,3.604034874546048,3.604004756593213,3.604034874546048,3.604034874546048,3.604004756593213,3.604034874546048,3.604034874546048,3.604034874546048,3.604034874546048,3.604034874546048,3.604034874546048,3.604034874546048,3.604034874546048,3.5878966927464906,3.587803453332357,3.604034874546048,3.604034874546048,3.604034874546048,3.604034874546048,3.604034874546048,3.604034874546048,3.604034874546048,3.604034874546048,3.5878966927464906,3.587803453332357
scenario_6,run_1,3.229319454636744,3.203311461979494,3.2073658062302512,3.185155996960772,3.210479556503728,3.197661796703976,3.215798729434483,3.1940868588465547,3.2177480726768315,3.1847022482289624,3.209953009357458,3.187467376064355,3.200643580004229,3.210710893852572,3.2127338388243896,3.2043585225825235,3.202364741858014,3.206449345210964,3.2019320488227723,3.168350625722951,3.1909800092421348,3.1859931146956697,3.207214368650012,3.1965815816509737,3.2048863408384856,3.1911032220236284,3.1908482728033394,3.193566695837868,3.1930902897456908,3.207461455044866,3.2045663837385825,3.2058634372637904,3.185222037819868,3.191386597361209,3.184095666257493,3.210503696405942,3.210129420136024,3.207429649514656,3.2039272773216645,3.171185097385105,3.2045663837385825,3.2058634372637904,3.185222037819868,3.191386597361209,3.184095666257493,3.210503696405942,3.210129420136024,3.207429649514656,3.2039272773216645,3.171185097385105
scenario_6,run_2,8.614030487590595,7.839270808993213,8.009537118885756,3.1892610636497407,3.1983872012760783,3.200337897010026,3.201327503733801,3.20137260669136,3.205770470314924,3.1980485522793254,3.193305064634855,3.207852789729084,3.2039371793032574,3.181576483244456,3.2025818187326904,3.2089080764542244,3.2088250177432287,3.206540033215682,3.192819031387274,3.197018691526666,3.186739880460848,3.1780453064678134,3.1866630535553164,3.1779935589034545,3.1840310786487467,3.185480964854264,3.1916482457515944,3.1864106138759323,3.1842069333214527,3.179181627934077,3.175848157346975,3.175049228906092,3.182292005186086,3.18617717302625,3.181340786594484,3.1948946524566413,3.180695348138173,3.167115241752476,3.175272764113494,3.17538933672904,3.175848157346975,3.175049228906092,3.182292005186086,3.18617717302625,3.181340786594484,3.1948946524566413,3.180695348138173,3.167115241752476,3.175272764113494,3.17538933672904
scenario_6,run_3,7.350676520769254,7.836510543596001,7.692604307170737,7.724922992484077,2.49853013389196,2.189029603185753,0.0,0.0,0.0,0.0,0.0,0.0,0.0,0.0,0.0,0.0,0.0,0.0,0.0,0.0,0.0,0.0,0.0,0.0,0.0,0.0,0.0,0.0,0.0,0.0,0.0,0.0,0.0,0.0,0.0,0.0,0.0,0.0,0.0,0.0,0.0,0.0,0.0,0.0,0.0,0.0,0.0,0.0,0.0,0.0
scenario_6,run_4,7.9195545524235875,8.017702131094405,7.663539492462982,7.581246998964156,7.1706092378614885,6.6250745166710985,6.605124317502483,6.505183744515271,6.465543304351689,6.434697939428336,6.434697939428336,6.19960549383955,6.231661735865023,5.873087255458516,5.867858998302564,5.867858998302564,5.54638599558976,5.55275334527486,5.593597847148501,5.541328772375664,5.495324056479228,4.873382026534182,4.840215682318319,4.840215682318319,4.830829538429763,4.830829538429763,4.830829538429763,4.8308173280122215,4.8308173280122215,4.8308173280122215,4.830704259500003,4.830704259500003,4.830704259500003,4.830704259500003,4.830704259500003,4.810979301642386,4.801633710035346,4.801434776671836,4.801434776671836,4.793098198563372,4.830704259500003,4.830704259500003,4.830704259500003,4.830704259500003,4.830704259500003,4.810979301642386,4.801633710035346,4.801434776671836,4.801434776671836,4.793098198563372
scenario_6,run_5,10.052341010752942,9.884474175548856,8.161437435062238,7.975803490620484,5.259991005052619,4.949296927715749,4.927343753564713,4.879739183863186,4.879739183863186,3.969529338576351,3.695943571504015,2.772346896284255,2.6516054453394275,2.620351011817027,1.876462594904185,2.423488423948944,2.314605904507259,2.0672991205321507,1.9079794395676888,1.878780478797403,1.6520811302439862,1.9119635478918005,1.9093735216755896,1.7809691624106667,1.669237510197769,0.0,0.0,0.0,0.0,0.0,0.0,0.0,0.0,0.0,0.0,0.0,0.0,0.0,0.0,0.0,0.0,0.0,0.0,0.0,0.0,0.0,0.0,0.0,0.0,0.0
scenario_6,run_6,4.957744684532334,6.892437321716722,6.089706273914696,6.017842509190523,6.055182254348408,5.159847378682412,4.84103346476051,4.84103346476051,4.84103346476051,4.8350146404434895,4.869566145032716,4.847293875522305,4.829740834220165,4.859643028761771,4.858289766289738,4.322440128468251,3.7607577384193807,3.4730306473983035,3.6066997258784497,3.516685538038084,3.5135349427994265,3.5360819046239813,2.964312072508217,2.9923000755023508,2.256965433789364,2.2573376868238912,2.0466559327225986,2.002128077858556,1.7125545690737394,1.6752226156894472,1.581139165192901,1.6412685012378516,1.5872041646548518,0.0,0.0,0.0,0.0,0.0,0.0,0.0,1.581139165192901,1.6412685012378516,1.5872041646548518,0.0,0.0,0.0,0.0,0.0,0.0,0.0
scenario_6,run_7,3.223402169767537,3.155187209741904,2.448316771605729,2.405126004064403,1.672793727560379,1.6440145573127984,0.0,0.0,0.0,0.0,0.0,0.0,0.0,0.0,0.0,0.0,0.0,0.0,0.0,0.0,0.0,0.0,0.0,0.0,0.0,0.0,0.0,0.0,0.0,0.0,0.0,0.0,0.0,0.0,0.0,0.0,0.0,0.0,0.0,0.0,0.0,0.0,0.0,0.0,0.0,0.0,0.0,0.0,0.0,0.0
scenario_6,run_8,7.70485975517276,7.674191968895997,0.0,0.0,0.0,0.0,0.0,0.0,0.0,0.0,0.0,0.0,0.0,0.0,0.0,0.0,0.0,0.0,0.0,0.0,0.0,0.0,0.0,0.0,0.0,0.0,0.0,0.0,0.0,0.0,0.0,0.0,0.0,0.0,0.0,0.0,0.0,0.0,0.0,0.0,0.0,0.0,0.0,0.0,0.0,0.0,0.0,0.0,0.0,0.0
scenario_6,run_9,6.109954440415004,5.588357046313959,5.5883585144984815,5.529036943132344,4.964267584909518,4.6589771937751685,4.5344359791884346,3.839940940416588,4.213000715518223,4.224736514106468,4.165198757954194,4.150458378537548,3.7807855759037023,3.56846681634575,2.8570207281400566,2.4388882296171484,2.186418930931992,2.1489613394610703,2.1013493477646383,1.911847249587696,1.707333567965148,1.7516344830987731,1.920094850786928,1.6645408139929407,1.6509017537041693,1.6580939283327158,1.6692762587675505,1.5820845996934103,1.6538896800021137,1.6490383223891074,1.597211125820902,1.6597249295744323,1.6587454755513875,1.6172937978192816,0.0,1.6586904010227026,1.6594004988394762,1.5806390981579808,1.6593057169486995,1.6383336075548292,1.597211125820902,1.6597249295744323,1.6587454755513875,1.6172937978192816,0.0,1.6586904010227026,1.6594004988394762,1.5806390981579808,1.6593057169486995,1.6383336075548292
scenario_6,run_10,5.395723902363655,5.8780876359820695,5.365565392428147,5.295300610601517,4.392181347901106,4.8115616794703016,4.914622666826985,4.892984531313265,4.881895238031138,4.89898791154383,4.870355359219173,4.880546288153287,4.877704718007086,4.877437705887429,4.902090323006209,4.879020111554237,4.87273905349797,4.862352651129839,4.884828856750125,4.881547618150423,4.870624620742271,4.888073655779468,4.88745486384378,4.883044297784992,4.874471462004203,4.878070557767559,4.875322654697292,4.880503228490476,4.880503160845926,4.8805326949386245,4.873393258665816,4.877706462672428,4.880525176125774,4.87574126548718,4.874296252814376,4.8805326949386245,4.880532492006126,4.875138791307886,4.880532492006126,4.874084310683534,4.873393258665816,4.877706462672428,4.880525176125774,4.87574126548718,4.874296252814376,4.8805326949386245,4.880532492006126,4.875138791307886,4.880532492006126,4.874084310683534
