scenario_1,run_1,3.135583781267952,2.7307994414899444,0.0,0.0.1,0.0.2,0.0.3,0.0.4,0.0.5,0.0.6,0.0.7,0.0.8,0.0.9,0.0.10,0.0.11,0.0.12,0.0.13,0.0.14,0.0.15,0.0.16,0.0.17,0.0.18,0.0.19,0.0.20,0.0.21,0.0.22,0.0.23,0.0.24,0.0.25,0.0.26,0.0.27,0.0.28,0.0.29,0.0.30,0.0.31,0.0.32,0.0.33,0.0.34,0.0.35,0.0.36,0.0.37,0.0.28,0.0.29,0.0.30,0.0.31,0.0.32,0.0.33,0.0.34,0.0.35,0.0.36,0.0.37
scenario_1,run_2,0.0,0.0,0.0,0.0,0.0,0.0,0.0,0.0,0.0,0.0,0.0,0.0,0.0,0.0,0.0,0.0,0.0,0.0,0.0,0.0,0.0,0.0,0.0,0.0,0.0,0.0,0.0,0.0,0.0,0.0,0.0,0.0,0.0,0.0,0.0,0.0,0.0,0.0,0.0,0.0,0.0,0.0,0.0,0.0,0.0,0.0,0.0,0.0,0.0,0.0
scenario_1,run_3,0.0,0.0,0.0,0.0,0.0,0.0,0.0,0.0,0.0,0.0,0.0,0.0,0.0,0.0,0.0,0.0,0.0,0.0,0.0,0.0,0.0,0.0,0.0,0.0,0.0,0.0,0.0,0.0,0.0,0.0,0.0,0.0,0.0,0.0,0.0,0.0,0.0,0.0,0.0,0.0,0.0,0.0,0.0,0.0,0.0,0.0,0.0,0.0,0.0,0.0
scenario_1,run_4,2.7446303996385137,2.1621257611009383,3.499869026072025,3.4997164203086983,2.1111691489146738,2.7560581806029454,0.0,2.349141736095276,2.7189815027866207,1.9516401720541272,2.048150570921269,2.2085856067133443,0.0,1.9849902104549115,2.015728168116015,2.3642155420147835,2.133193841305689,2.228376757677971,0.0,0.0,0.0,2.705963773417161,0.0,2.034233175277651,1.8342046605000644,0.0,0.0,0.0,0.0,0.0,0.0,0.0,0.0,0.0,0.0,0.0,0.0,0.0,0.0,0.0,0.0,0.0,0.0,0.0,0.0,0.0,0.0,0.0,0.0,0.0
scenario_1,run_5,2.06637549091724,2.27240191246412,0.0,0.0,0.0,0.0,0.0,0.0,1.6362124701741243,0.0,0.0,0.0,0.0,0.0,0.0,0.0,0.0,0.0,0.0,0.0,0.0,0.0,0.0,0.0,0.0,0.0,0.0,0.0,0.0,0.0,0.0,0.0,0.0,0.0,0.0,0.0,0.0,0.0,0.0,0.0,0.0,0.0,0.0,0.0,0.0,0.0,0.0,0.0,0.0,0.0
scenario_1,run_6,2.626931362516088,0.0,0.0,0.0,0.0,0.0,0.0,0.0,0.0,0.0,0.0,0.0,0.0,0.0,0.0,0.0,0.0,0.0,0.0,0.0,3.4180189659587072,0.0,0.0,0.0,0.0,0.0,0.0,0.0,0.0,0.0,0.0,0.0,0.0,0.0,0.0,0.0,0.0,0.0,0.0,0.0,0.0,0.0,0.0,0.0,0.0,0.0,0.0,0.0,0.0,0.0
scenario_1,run_7,2.7898984007033643,3.51957015909886,0.0,0.0,0.0,0.0,0.0,0.0,0.0,0.0,0.0,0.0,0.0,0.0,0.0,0.0,0.0,0.0,0.0,0.0,0.0,0.0,0.0,0.0,0.0,0.0,0.0,0.0,0.0,0.0,0.0,0.0,0.0,0.0,0.0,0.0,0.0,0.0,0.0,0.0,0.0,0.0,0.0,0.0,0.0,0.0,0.0,0.0,0.0,0.0
scenario_1,run_8,4.869330722752324,0.0,0.0,0.0,0.0,0.0,0.0,0.0,0.0,0.0,0.0,0.0,0.0,0.0,0.0,0.0,0.0,0.0,0.0,0.0,0.0,0.0,0.0,0.0,0.0,0.0,0.0,0.0,0.0,0.0,0.0,0.0,0.0,0.0,0.0,0.0,0.0,0.0,0.0,0.0,0.0,0.0,0.0,0.0,0.0,0.0,0.0,0.0,0.0,0.0
scenario_1,run_9,2.6654738588420184,0.0,0.0,0.0,0.0,0.0,0.0,0.0,0.0,0.0,0.0,0.0,0.0,0.0,0.0,0.0,0.0,0.0,0.0,0.0,0.0,0.0,0.0,0.0,0.0,0.0,0.0,0.0,0.0,0.0,0.0,0.0,0.0,0.0,0.0,0.0,0.0,0.0,0.0,0.0,0.0,0.0,0.0,0.0,0.0,0.0,0.0,0.0,0.0,0.0
scenario_1,run_10,2.1810906212364563,0.0,0.0,0.0,0.0,0.0,0.0,0.0,0.0,0.0,0.0,0.0,0.0,0.0,0.0,0.0,0.0,0.0,0.0,0.0,0.0,0.0,0.0,0.0,0.0,0.0,0.0,0.0,0.0,0.0,0.0,0.0,0.0,0.0,0.0,0.0,0.0,0.0,0.0,0.0,0.0,0.0,0.0,0.0,0.0,0.0,0.0,0.0,0.0,0.0
scenario_2,run_1,2.5724658072283573,1.7909775879277765,1.7914836410272763,1.7918180214915242,1.680852870854609,1.6990209541764196,0.0,0.0,0.0,0.0,0.0,0.0,0.0,0.0,0.0,0.0,0.0,0.0,0.0,0.0,0.0,0.0,0.0,0.0,0.0,0.0,0.0,0.0,0.0,0.0,0.0,0.0,0.0,0.0,0.0,0.0,0.0,0.0,0.0,0.0,0.0,0.0,0.0,0.0,0.0,0.0,0.0,0.0,0.0,0.0
scenario_2,run_2,3.097665486169403,3.0133713968496925,2.736659020131746,3.9206269420965527,3.920640600417077,3.917620142282424,3.915951889383313,3.91542585431441,3.921515819476464,3.9243578350491575,3.920499624065153,3.921740650172679,3.9284949387455153,3.944263012793469,3.957504534972416,3.701225381286096,3.64675458248816,3.647081094290227,3.645970665555153,3.5984220538577185,3.645761986984157,3.597695097554336,3.5794695782180423,3.557926528963825,3.557988238952215,3.5031203366582284,3.503160730414949,3.469686241310942,3.495050272710062,3.472108988780405,3.4236911222324906,3.2994676749513125,3.2370363126231587,3.178940761005358,3.093694953118012,3.0881811995607533,3.093757410969345,3.0703285790620454,2.941841825482025,2.929337109762137,3.4236911222324906,3.2994676749513125,3.2370363126231587,3.178940761005358,3.093694953118012,3.0881811995607533,3.093757410969345,3.0703285790620454,2.941841825482025,2.929337109762137
scenario_2,run_3,1.8430000315994568,1.971762655685576,1.973382800097156,1.762179003334338,1.6220890867779112,1.7112844701319734,1.612116071414119,1.5946221240957572,1.5354026898139266,0.0,0.0,0.0,0.0,0.0,0.0,0.0,0.0,0.0,0.0,0.0,0.0,0.0,0.0,0.0,0.0,0.0,0.0,0.0,0.0,0.0,0.0,0.0,0.0,0.0,0.0,0.0,0.0,0.0,0.0,0.0,0.0,0.0,0.0,0.0,0.0,0.0,0.0,0.0,0.0,0.0
scenario_2,run_4,3.94235340080536,2.563950367204073,3.736747586792831,3.945976763612924,3.941001231290626,3.94028650383218,3.735272648934562,3.6513037858842514,3.225302234650584,3.1707984992935496,3.044510420395442,2.863031287824545,2.8768477292099024,2.767715826643629,2.5355095180618967,2.5203827786798865,2.4849598550727627,2.464464897424902,2.455435903242188,2.4492924529456257,2.4219500088324044,2.425592717621336,2.379162177819519,2.331095179877116,2.3438051272157607,2.334255709996932,2.331130109877477,2.334970634091113,2.3208780134514924,2.3241481983922947,2.331910311947704,2.3148013795655,2.3134755201229686,2.3106254925542435,2.2694528298224688,2.2344156116125413,2.227318834610055,2.201489407992959,2.198049664195835,2.199522938484512,2.331910311947704,2.3148013795655,2.3134755201229686,2.3106254925542435,2.2694528298224688,2.2344156116125413,2.227318834610055,2.201489407992959,2.198049664195835,2.199522938484512
scenario_2,run_5,2.5373184158569018,2.112171684682844,2.44747183245946,2.5374969067909423,2.2850691410547608,2.2867950326305824,2.1920347579974817,2.196856832014757,1.6908761981837035,1.931943804340032,1.623656124720907,0.0,1.6080061594342268,1.4523361731814333,1.5926657189820237,1.525968090083227,1.5491597538111272,0.0,0.0,0.0,0.0,0.0,0.0,0.0,0.0,0.0,0.0,0.0,0.0,0.0,0.0,0.0,0.0,0.0,0.0,0.0,0.0,0.0,0.0,0.0,0.0,0.0,0.0,0.0,0.0,0.0,0.0,0.0,0.0,0.0
scenario_2,run_6,0.0,3.959657013034807,3.944205565517776,3.9145570451526455,3.908188160616127,3.905946608511023,3.846224757949836,3.815268981213456,3.845071806480057,3.4288609024011745,3.824707602170077,3.4314755788058413,3.4741594963957017,1.4807464663613386,1.4888266001862656,0.0,0.0,0.0,0.0,0.0,0.0,0.0,0.0,0.0,0.0,0.0,0.0,0.0,0.0,0.0,0.0,0.0,0.0,0.0,0.0,0.0,0.0,0.0,0.0,0.0,0.0,0.0,0.0,0.0,0.0,0.0,0.0,0.0,0.0,0.0
scenario_2,run_7,3.916264234012599,2.149751267944989,1.7829055805884635,0.0,0.0,1.3880793238461206,0.0,1.4799714984105938,0.0,0.0,0.0,0.0,0.0,0.0,0.0,0.0,0.0,0.0,0.0,0.0,0.0,0.0,0.0,0.0,0.0,0.0,0.0,0.0,0.0,0.0,0.0,0.0,0.0,0.0,0.0,0.0,0.0,0.0,0.0,0.0,0.0,0.0,0.0,0.0,0.0,0.0,0.0,0.0,0.0,0.0
scenario_2,run_8,2.912543581095285,1.7914046840087967,1.7766879853342146,0.0,1.4630836131644651,0.0,0.0,0.0,0.0,0.0,0.0,0.0,0.0,0.0,0.0,0.0,0.0,0.0,0.0,0.0,0.0,0.0,0.0,0.0,0.0,0.0,0.0,0.0,0.0,0.0,0.0,0.0,0.0,0.0,0.0,0.0,0.0,0.0,0.0,0.0,0.0,0.0,0.0,0.0,0.0,0.0,0.0,0.0,0.0,0.0
scenario_2,run_9,2.2580427007510915,2.233721601945007,1.8766515036853653,2.1319053867561424,1.7603085594878969,1.7382740832633783,1.6990053051728558,1.699370284900954,1.7002847776765595,1.6515439618371108,1.699994668516407,1.6773583651708197,1.6828904617204266,1.6770229926429878,1.67458605666918,1.6513438253629604,1.6611259705665,1.6029347345384095,1.6720941745601636,1.451364982825105,1.6711125176082775,1.4503212664153815,1.4508734214215846,1.4448180914036963,1.4453583715906428,0.0,0.0,0.0,0.0,0.0,0.0,0.0,0.0,0.0,0.0,0.0,0.0,0.0,0.0,0.0,0.0,0.0,0.0,0.0,0.0,0.0,0.0,0.0,0.0,0.0
scenario_2,run_10,1.8936829959529584,2.0373446932613644,1.886812489765741,1.7757080540591412,1.6956419326835266,1.6486795669504777,1.6479573889989003,1.6077142849050372,1.6082316561605925,0.0,1.604663803203386,1.606434061150876,1.6029944129076132,0.0,0.0,0.0,0.0,0.0,0.0,0.0,0.0,0.0,0.0,0.0,0.0,0.0,0.0,0.0,0.0,0.0,0.0,0.0,0.0,0.0,0.0,0.0,0.0,0.0,0.0,0.0,0.0,0.0,0.0,0.0,0.0,0.0,0.0,0.0,0.0,0.0
scenario_3,run_1,3.1772355490986603,3.4622693931386785,3.2104703727972166,3.2722862833081776,3.2062599182963103,3.0382468570649865,3.111105256490428,3.114251025075921,3.0863584834743008,3.016919447203411,3.0204651971609016,3.112210403728396,2.9614449957645266,3.024051675210196,3.023367300698001,2.9966199116313845,3.026104362806148,2.928819478414425,3.0233075524398587,2.837936932440784,2.9656998130948904,2.9286804047101658,3.0026476931352275,3.0214029380548464,3.089598397774504,2.855818091886948,2.9303032086796583,3.0286177577921767,3.0196326915779905,0.0,2.9180664685687034,2.996534128982998,2.9034251487568468,2.9375324884340586,2.9957725032328044,2.9294989452632434,2.928345398197409,2.9031829704695773,2.935546005793391,2.839644029992503,2.9180664685687034,2.996534128982998,2.9034251487568468,2.9375324884340586,2.9957725032328044,2.9294989452632434,2.928345398197409,2.9031829704695773,2.935546005793391,2.839644029992503
scenario_3,run_2,0.0,1.5409324046233064,0.0,0.0,0.0,0.0,0.0,0.0,0.0,0.0,0.0,0.0,0.0,0.0,0.0,0.0,0.0,0.0,0.0,0.0,0.0,0.0,0.0,0.0,0.0,0.0,0.0,0.0,0.0,0.0,0.0,0.0,0.0,0.0,0.0,0.0,0.0,0.0,0.0,0.0,0.0,0.0,0.0,0.0,0.0,0.0,0.0,0.0,0.0,0.0
scenario_3,run_3,0.0,0.0,0.0,0.0,0.0,0.0,0.0,0.0,0.0,0.0,0.0,0.0,0.0,0.0,0.0,0.0,0.0,0.0,0.0,0.0,0.0,0.0,0.0,0.0,0.0,0.0,0.0,0.0,0.0,0.0,0.0,0.0,0.0,0.0,0.0,0.0,0.0,0.0,0.0,0.0,0.0,0.0,0.0,0.0,0.0,0.0,0.0,0.0,0.0,0.0
scenario_3,run_4,0.0,0.0,0.0,0.0,0.0,0.0,0.0,0.0,0.0,0.0,0.0,0.0,0.0,0.0,0.0,0.0,0.0,0.0,0.0,0.0,0.0,0.0,0.0,0.0,0.0,0.0,0.0,0.0,0.0,0.0,0.0,0.0,0.0,0.0,0.0,0.0,0.0,0.0,0.0,0.0,0.0,0.0,0.0,0.0,0.0,0.0,0.0,0.0,0.0,0.0
scenario_3,run_5,0.0,3.3531164089710086,0.0,0.0,0.0,0.0,0.0,0.0,0.0,0.0,0.0,0.0,0.0,0.0,0.0,0.0,0.0,0.0,0.0,0.0,0.0,0.0,0.0,0.0,0.0,0.0,0.0,0.0,0.0,0.0,0.0,0.0,0.0,0.0,0.0,0.0,0.0,0.0,0.0,0.0,0.0,0.0,0.0,0.0,0.0,0.0,0.0,0.0,0.0,0.0
scenario_3,run_6,2.925080471078521,3.2512085239514787,2.440951850413852,0.0,0.0,0.0,0.0,0.0,0.0,0.0,0.0,0.0,0.0,0.0,0.0,0.0,0.0,0.0,0.0,0.0,0.0,0.0,0.0,0.0,0.0,0.0,0.0,0.0,0.0,0.0,0.0,0.0,0.0,0.0,0.0,0.0,0.0,0.0,0.0,0.0,0.0,0.0,0.0,0.0,0.0,0.0,0.0,0.0,0.0,0.0
scenario_3,run_7,3.698080592116448,3.543986217577727,3.5443680640331268,3.3415743916016813,2.5419631742587288,2.1995723589116616,2.0126935443925933,1.6138014432187358,1.871381696276284,1.92024802745581,1.930345378401128,1.8411360225949247,1.7858182580334565,0.0,0.0,0.0,0.0,0.0,0.0,0.0,0.0,0.0,0.0,0.0,0.0,0.0,0.0,0.0,0.0,0.0,0.0,0.0,0.0,0.0,0.0,0.0,0.0,0.0,0.0,0.0,0.0,0.0,0.0,0.0,0.0,0.0,0.0,0.0,0.0,0.0
scenario_3,run_8,0.0,0.0,0.0,0.0,0.0,0.0,0.0,0.0,0.0,0.0,0.0,0.0,0.0,0.0,0.0,0.0,0.0,0.0,0.0,0.0,0.0,0.0,0.0,0.0,0.0,0.0,0.0,0.0,0.0,0.0,0.0,0.0,0.0,0.0,0.0,0.0,0.0,0.0,0.0,0.0,0.0,0.0,0.0,0.0,0.0,0.0,0.0,0.0,0.0,0.0
scenario_3,run_9,0.0,0.0,0.0,0.0,0.0,0.0,0.0,0.0,0.0,0.0,0.0,0.0,0.0,0.0,0.0,0.0,0.0,0.0,0.0,0.0,0.0,0.0,0.0,0.0,0.0,0.0,0.0,0.0,0.0,0.0,0.0,0.0,0.0,0.0,0.0,0.0,0.0,0.0,0.0,0.0,0.0,0.0,0.0,0.0,0.0,0.0,0.0,0.0,0.0,0.0
scenario_3,run_10,3.2242230364190942,0.0,0.0,0.0,0.0,0.0,0.0,0.0,0.0,0.0,0.0,0.0,0.0,0.0,0.0,0.0,0.0,0.0,0.0,0.0,0.0,0.0,0.0,0.0,0.0,0.0,0.0,0.0,0.0,0.0,0.0,0.0,0.0,0.0,0.0,0.0,0.0,0.0,0.0,0.0,0.0,0.0,0.0,0.0,0.0,0.0,0.0,0.0,0.0,0.0
scenario_4,run_1,0.0,0.0,0.0,0.0,0.0,0.0,0.0,0.0,0.0,0.0,0.0,0.0,0.0,0.0,0.0,0.0,0.0,0.0,0.0,0.0,0.0,0.0,0.0,0.0,0.0,0.0,0.0,0.0,0.0,0.0,0.0,0.0,0.0,0.0,0.0,0.0,0.0,0.0,0.0,0.0,0.0,0.0,0.0,0.0,0.0,0.0,0.0,0.0,0.0,0.0
scenario_4,run_2,1.4821327021817376,2.27925762934812,2.3437511676865204,2.514548478778625,2.4811952206962675,0.0,1.9435728555542675,0.0,0.0,0.0,0.0,0.0,0.0,0.0,0.0,0.0,0.0,0.0,0.0,0.0,0.0,0.0,0.0,0.0,0.0,0.0,0.0,0.0,0.0,0.0,0.0,0.0,0.0,0.0,0.0,0.0,0.0,0.0,0.0,0.0,0.0,0.0,0.0,0.0,0.0,0.0,0.0,0.0,0.0,0.0
scenario_4,run_3,0.0,0.0,0.0,0.0,0.0,0.0,0.0,0.0,0.0,0.0,0.0,0.0,0.0,0.0,0.0,0.0,0.0,0.0,0.0,0.0,0.0,0.0,0.0,0.0,0.0,0.0,0.0,0.0,0.0,0.0,0.0,0.0,0.0,0.0,0.0,0.0,0.0,0.0,0.0,0.0,0.0,0.0,0.0,0.0,0.0,0.0,0.0,0.0,0.0,0.0
scenario_4,run_4,0.0,0.0,0.0,0.0,0.0,0.0,0.0,0.0,0.0,0.0,0.0,0.0,0.0,0.0,0.0,0.0,0.0,0.0,0.0,0.0,0.0,0.0,0.0,0.0,0.0,0.0,0.0,0.0,0.0,0.0,0.0,0.0,0.0,0.0,0.0,0.0,0.0,0.0,0.0,0.0,0.0,0.0,0.0,0.0,0.0,0.0,0.0,0.0,0.0,0.0
scenario_4,run_5,0.0,2.9653992897362,0.0,0.0,0.0,0.0,0.0,0.0,0.0,0.0,0.0,0.0,0.0,0.0,0.0,0.0,0.0,0.0,0.0,0.0,0.0,0.0,0.0,0.0,0.0,0.0,0.0,0.0,0.0,0.0,0.0,0.0,0.0,0.0,0.0,0.0,0.0,0.0,0.0,0.0,0.0,0.0,0.0,0.0,0.0,0.0,0.0,0.0,0.0,0.0
scenario_4,run_6,0.0,0.0,0.0,0.0,0.0,0.0,0.0,0.0,0.0,0.0,0.0,0.0,0.0,0.0,0.0,0.0,0.0,0.0,0.0,0.0,0.0,0.0,0.0,0.0,0.0,0.0,0.0,0.0,0.0,0.0,0.0,0.0,0.0,0.0,0.0,0.0,0.0,0.0,0.0,0.0,0.0,0.0,0.0,0.0,0.0,0.0,0.0,0.0,0.0,0.0
scenario_4,run_7,2.29293703924978,2.7749124086729604,2.252503709029769,2.745426249915832,2.6075769494882106,2.554750800855142,2.4214540761850385,0.0,0.0,0.0,0.0,0.0,0.0,0.0,0.0,0.0,0.0,0.0,0.0,0.0,0.0,0.0,0.0,0.0,0.0,0.0,0.0,0.0,0.0,0.0,0.0,0.0,0.0,0.0,0.0,0.0,0.0,0.0,0.0,0.0,0.0,0.0,0.0,0.0,0.0,0.0,0.0,0.0,0.0,0.0
scenario_4,run_8,2.6629685106195726,3.968255420781692,3.0718849175747045,3.0765264024589465,2.598056790367544,2.4392417596936067,2.014357166148669,2.0046111530106896,0.0,0.0,0.0,0.0,0.0,0.0,0.0,0.0,0.0,0.0,0.0,0.0,0.0,0.0,0.0,0.0,0.0,0.0,0.0,0.0,0.0,0.0,0.0,0.0,0.0,0.0,0.0,0.0,0.0,0.0,0.0,0.0,0.0,0.0,0.0,0.0,0.0,0.0,0.0,0.0,0.0,0.0
scenario_4,run_9,2.883915635526765,2.1057400642322706,1.852362617138665,1.7932947048135968,2.1022726143160035,2.0873792402518405,2.0368614696350287,1.7500203023859011,1.7312441494635598,1.6669147126552155,1.5346594042623711,1.6432835601612357,1.666102536342225,1.6492837758943888,1.6520551103025571,1.643220819147602,1.6629525574838109,1.6518293260932695,1.6514761086391407,1.6595384008982947,1.6531931399947468,1.6573242511429256,1.660619807293486,1.6597614585361136,1.6543496324016842,1.6580848873938137,1.6558227549619482,1.5463840799683015,1.6566915628741,1.6576912944986228,1.6558108279700396,1.6530295807396882,1.6529537764330184,1.6557044354983133,1.654674279639834,1.6555958988016866,1.6298856200149612,1.653616198444577,1.6549380754190506,1.6277269566595611,1.6558108279700396,1.6530295807396882,1.6529537764330184,1.6557044354983133,1.654674279639834,1.6555958988016866,1.6298856200149612,1.653616198444577,1.6549380754190506,1.6277269566595611
scenario_4,run_10,0.0,2.514720289699861,0.0,0.0,0.0,0.0,0.0,0.0,0.0,0.0,0.0,0.0,0.0,0.0,0.0,0.0,0.0,0.0,0.0,0.0,0.0,0.0,0.0,0.0,0.0,0.0,0.0,0.0,0.0,0.0,0.0,0.0,0.0,0.0,0.0,0.0,0.0,0.0,0.0,0.0,0.0,0.0,0.0,0.0,0.0,0.0,0.0,0.0,0.0,0.0
scenario_5,run_1,4.864182908973777,3.0987843173129743,2.0503504538213995,1.951550221807588,2.2088238880549445,2.0954966915743105,3.5507642819977803,3.5507642819977803,3.551335738846128,3.5508841620388307,3.542456828249488,3.542456828249488,3.542436105661426,3.5377262046920444,3.5305312747195567,3.529775575384005,3.5292565660861337,3.529196222385536,3.529293750389217,3.529604493205672,3.5296046899877465,3.528028720805935,3.52973251136436,3.529572688122616,3.5295724544392053,3.529541037072282,3.5295724544392053,3.5295410182966336,3.529541170390104,3.529541391486337,3.529541391486337,3.529541391486337,3.529541391486337,3.529541391486337,3.529541391486337,3.529541391486337,3.52925123954833,3.529572388151428,3.5295724028169384,3.529572401478557,3.529541391486337,3.529541391486337,3.529541391486337,3.529541391486337,3.529541391486337,3.529541391486337,3.52925123954833,3.529572388151428,3.5295724028169384,3.529572401478557
scenario_5,run_2,3.297577126911156,4.767246128436014,4.49594025702115,4.634143675916312,3.6490434539008247,3.856036854659756,3.2210967298989828,3.749495160437944,3.683422659302444,3.732179936383284,3.663260131941367,3.6561375284525854,3.598849910364524,3.5728462068457985,3.608613036416729,3.5510601633414414,3.548110099497967,3.3795442515576664,3.424511599071264,3.195005118380426,2.143662194122979,1.862742065832636,1.8543357484292888,1.8918770628446115,1.841031337528934,1.8673823624415893,1.8633116406648007,1.8398540145384268,1.8600803949407885,1.8406174161531912,1.8569098082342768,1.8544252232309928,1.8476455576780608,1.844917501273728,1.8451940817004413,1.842755431948865,1.841438042648346,1.8440158506883164,1.8441328089789275,1.8481011834391683,1.8569098082342768,1.8544252232309928,1.8476455576780608,1.844917501273728,1.8451940817004413,1.842755431948865,1.841438042648346,1.8440158506883164,1.8441328089789275,1.8481011834391683
scenario_5,run_3,2.755495838119567,3.345586892739692,0.0,0.0,0.0,0.0,0.0,0.0,0.0,0.0,0.0,0.0,0.0,0.0,0.0,0.0,0.0,0.0,0.0,0.0,0.0,0.0,0.0,0.0,0.0,0.0,0.0,0.0,0.0,0.0,0.0,0.0,0.0,0.0,0.0,0.0,0.0,0.0,0.0,0.0,0.0,0.0,0.0,0.0,0.0,0.0,0.0,0.0,0.0,0.0
scenario_5,run_4,3.530907337515424,3.5318023582046103,2.531488571295147,3.530890143841788,3.5313046010429074,3.529456362866874,3.516345134648076,3.5322811666230414,3.5306956646461227,3.52868707690474,3.528546103392208,3.526447507370296,3.526755785319458,3.5267570151588234,3.529194905482868,3.529194905482868,3.529234947894861,3.529234947894861,3.529234947894861,3.5266063304772786,3.529234947894861,3.5292347698957345,3.5266341650043675,3.526606344991618,3.5266341650043675,3.5266341650043675,3.5267826822037875,3.525698239177378,3.526531624933688,3.5266341650043675,3.529078593348719,3.529025109145367,3.528987947463166,3.526537960060788,3.528987947463166,3.528807686030608,3.528999396197847,3.528999396197847,3.526535966062331,3.526535966062331,3.529078593348719,3.529025109145367,3.528987947463166,3.526537960060788,3.528987947463166,3.528807686030608,3.528999396197847,3.528999396197847,3.526535966062331,3.526535966062331
scenario_5,run_5,2.8115773091083733,1.8042245242527688,2.6599324641125173,0.0,0.0,0.0,0.0,0.0,0.0,0.0,0.0,0.0,0.0,0.0,0.0,0.0,0.0,0.0,0.0,0.0,0.0,0.0,0.0,0.0,0.0,0.0,0.0,0.0,0.0,0.0,0.0,0.0,0.0,0.0,0.0,0.0,0.0,0.0,0.0,0.0,0.0,0.0,0.0,0.0,0.0,0.0,0.0,0.0,0.0,0.0
scenario_5,run_6,3.2244412144523418,3.198508274315219,3.172544090481201,3.563949546645762,3.563881874498786,3.563881874498786,3.5624457824824045,3.55401648393626,3.5572289296215254,3.5537335699950843,3.539907550942233,3.537817851120481,3.5317419173209945,3.5317419173209945,3.529484029632989,3.529484029632989,3.5294839720558766,3.529136344508735,3.529094173276511,3.529081003167572,3.5290816770347813,3.5290870126402627,3.5290870126402627,3.52908525414206,3.52908525414206,3.5290870126402627,3.5290870126402627,3.5290870126402627,3.529086846952913,3.5290869021779074,3.5290869021779074,3.526801982158624,3.526801982158624,3.526801982158624,3.526801982158624,3.526801982158624,3.526801982158624,3.526801982158624,3.526801982158624,3.5267843581735163,3.5290869021779074,3.526801982158624,3.526801982158624,3.526801982158624,3.526801982158624,3.526801982158624,3.526801982158624,3.526801982158624,3.526801982158624,3.5267843581735163
scenario_5,run_7,2.621235525554154,3.562439488807927,2.0255844420166977,3.5623354918799333,2.036004878569224,3.562522271839854,3.5624144920281724,3.558143309928512,3.5631182767313407,3.5631206467317664,3.5633559400649064,3.5623684372450657,3.562381829826746,3.5866964624357363,3.564154451616159,3.537750465799456,3.562954955889755,3.550451465646152,2.2302196635721776,3.1859675808526684,2.697588796439271,3.540386339985744,3.5371473873457964,3.529230824065467,3.53644413271589,3.5298693377186416,3.539860070118815,3.5371331538841373,3.532605158268319,3.537089843894951,3.537106627789671,3.5369177733998525,3.529578838337778,3.529449293756972,2.705776431485305,2.910105061588347,1.898519000283005,3.5293010858021705,3.528073070751333,3.5369793733754933,3.537106627789671,3.5369177733998525,3.529578838337778,3.529449293756972,2.705776431485305,2.910105061588347,1.898519000283005,3.5293010858021705,3.528073070751333,3.5369793733754933
scenario_5,run_8,5.659943098759068,4.950114915717457,3.9696572999120896,4.000144534804333,3.5815455414778525,3.5561109980160643,3.5354132676955503,2.8162446103892003,3.2751576638590776,3.15300068140386,3.03581095654934,3.140372859173713,3.1000212242620897,3.059258020427467,2.986454794418364,2.586952019423066,2.895778901639854,2.8917181646315755,2.57177574824452,2.649660434239654,2.4784842692482503,2.61977340658778,2.4795897068539845,2.507889810988773,2.4477874249016462,2.500132820440052,2.4415374390469458,2.492802549826846,2.4562179074439734,2.461055273630872,2.4805296584586114,2.477249266135724,2.51777656790773,2.440275524299169,2.528127316675995,2.4467723770819583,2.4406386627775776,2.4462390978378394,2.432513465657564,2.4363582878253114,2.4805296584586114,2.477249266135724,2.51777656790773,2.440275524299169,2.528127316675995,2.4467723770819583,2.4406386627775776,2.4462390978378394,2.432513465657564,2.4363582878253114
scenario_5,run_9,2.977548997330489,2.467450620350564,2.155424739694872,2.1169011483355207,2.32359751067092,2.4432594498263085,2.2997280720745823,2.139176316158357,2.1028557353585327,0.0,0.0,0.0,0.0,0.0,0.0,0.0,0.0,0.0,0.0,0.0,0.0,0.0,0.0,0.0,0.0,0.0,0.0,0.0,0.0,0.0,0.0,0.0,0.0,0.0,0.0,0.0,0.0,0.0,0.0,0.0,0.0,0.0,0.0,0.0,0.0,0.0,0.0,0.0,0.0,0.0
scenario_5,run_10,3.2512988547826107,3.130231140784879,3.1362225461606785,3.207939867353248,3.085667155541862,3.347716046300201,3.059989335525581,3.135915502620115,0.0,0.0,0.0,0.0,0.0,0.0,0.0,0.0,0.0,0.0,0.0,0.0,0.0,0.0,0.0,0.0,0.0,0.0,0.0,0.0,0.0,0.0,0.0,0.0,0.0,0.0,0.0,0.0,0.0,0.0,0.0,0.0,0.0,0.0,0.0,0.0,0.0,0.0,0.0,0.0,0.0,0.0
scenario_6,run_1,0.0,0.0,0.0,0.0,0.0,0.0,0.0,0.0,0.0,0.0,0.0,0.0,0.0,0.0,0.0,0.0,0.0,0.0,0.0,0.0,0.0,0.0,0.0,0.0,0.0,0.0,0.0,0.0,0.0,0.0,0.0,0.0,0.0,0.0,0.0,0.0,0.0,0.0,0.0,0.0,0.0,0.0,0.0,0.0,0.0,0.0,0.0,0.0,0.0,0.0
scenario_6,run_2,2.08819926322589,0.0,0.0,0.0,0.0,0.0,0.0,0.0,0.0,0.0,0.0,0.0,0.0,0.0,0.0,0.0,0.0,0.0,0.0,0.0,0.0,0.0,0.0,0.0,0.0,0.0,0.0,0.0,0.0,0.0,0.0,0.0,0.0,0.0,0.0,0.0,0.0,0.0,0.0,0.0,0.0,0.0,0.0,0.0,0.0,0.0,0.0,0.0,0.0,0.0
scenario_6,run_3,0.0,3.073237390914141,0.0,0.0,0.0,0.0,0.0,0.0,0.0,0.0,0.0,0.0,0.0,0.0,0.0,0.0,0.0,0.0,0.0,0.0,0.0,0.0,0.0,0.0,0.0,0.0,0.0,0.0,0.0,0.0,0.0,0.0,0.0,0.0,0.0,0.0,0.0,0.0,0.0,0.0,0.0,0.0,0.0,0.0,0.0,0.0,0.0,0.0,0.0,0.0
scenario_6,run_4,3.9218828767632665,3.8465292739037418,0.0,0.0,0.0,0.0,0.0,0.0,0.0,0.0,0.0,0.0,0.0,0.0,0.0,0.0,0.0,0.0,0.0,0.0,0.0,0.0,0.0,0.0,0.0,0.0,0.0,0.0,0.0,0.0,0.0,0.0,0.0,0.0,0.0,0.0,0.0,0.0,0.0,0.0,0.0,0.0,0.0,0.0,0.0,0.0,0.0,0.0,0.0,0.0
scenario_6,run_5,2.542240338264857,0.0,0.0,0.0,0.0,0.0,0.0,0.0,0.0,0.0,0.0,0.0,0.0,0.0,0.0,0.0,0.0,0.0,0.0,0.0,0.0,0.0,0.0,0.0,0.0,0.0,0.0,0.0,0.0,0.0,0.0,0.0,0.0,0.0,0.0,0.0,0.0,0.0,0.0,0.0,0.0,0.0,0.0,0.0,0.0,0.0,0.0,0.0,0.0,0.0
scenario_6,run_6,4.54049092882641,4.21212768794621,3.4772373859472747,0.0,3.594747304198286,0.0,0.0,0.0,0.0,0.0,0.0,0.0,0.0,0.0,0.0,0.0,0.0,0.0,0.0,0.0,0.0,0.0,0.0,0.0,0.0,0.0,0.0,0.0,0.0,0.0,0.0,0.0,0.0,0.0,0.0,0.0,0.0,0.0,0.0,0.0,0.0,0.0,0.0,0.0,0.0,0.0,0.0,0.0,0.0,0.0
scenario_6,run_7,3.350175105185572,2.170282780811346,0.0,0.0,0.0,0.0,0.0,0.0,0.0,0.0,0.0,0.0,0.0,0.0,0.0,0.0,0.0,0.0,0.0,0.0,0.0,0.0,0.0,0.0,0.0,0.0,0.0,0.0,0.0,0.0,0.0,0.0,0.0,0.0,0.0,0.0,0.0,0.0,0.0,0.0,0.0,0.0,0.0,0.0,0.0,0.0,0.0,0.0,0.0,0.0
scenario_6,run_8,3.302947411775601,3.337534454037108,3.226189925478519,3.2409229374567747,0.0,0.0,0.0,0.0,0.0,0.0,0.0,0.0,0.0,0.0,0.0,0.0,0.0,0.0,0.0,0.0,0.0,0.0,0.0,0.0,0.0,0.0,0.0,0.0,0.0,0.0,0.0,0.0,0.0,0.0,0.0,0.0,0.0,0.0,0.0,0.0,0.0,0.0,0.0,0.0,0.0,0.0,0.0,0.0,0.0,0.0
scenario_6,run_9,4.260594056807824,0.0,0.0,0.0,0.0,0.0,0.0,0.0,0.0,0.0,0.0,0.0,0.0,0.0,0.0,0.0,0.0,0.0,0.0,0.0,0.0,0.0,0.0,0.0,0.0,0.0,0.0,0.0,0.0,0.0,0.0,0.0,0.0,0.0,0.0,0.0,0.0,0.0,0.0,0.0,0.0,0.0,0.0,0.0,0.0,0.0,0.0,0.0,0.0,0.0
scenario_6,run_10,0.0,0.0,0.0,0.0,0.0,0.0,0.0,0.0,0.0,0.0,0.0,0.0,0.0,0.0,0.0,0.0,0.0,0.0,0.0,0.0,0.0,0.0,0.0,0.0,0.0,0.0,0.0,0.0,0.0,0.0,0.0,0.0,0.0,0.0,0.0,0.0,0.0,0.0,0.0,0.0,0.0,0.0,0.0,0.0,0.0,0.0,0.0,0.0,0.0,0.0
