scenario_1,run_1,6.286115202177616,4.559237864439572,3.346497826728821,2.340035104717568,1.3000246537047997,1.508306236544271,1.811251454370041,1.2032133340110749,1.83525643753674,1.7832673569485096,1.1081081555445376,0.900977902446184,2.0077013315911927,1.1440960027350349,0.5659606886127634,0.8417063016953445,0.9099907301917994,1.6714884392739304,1.0597371480301283,1.9517294578621047,1.5334241357345344,1.1369393324501942,2.536164557870742,2.1079958209815346,1.05015858213803,2.146071750339454,1.8596309690945096,1.6033369941225704,1.1233004529783526,0.8591198649918214,2.7757605663369254,1.3353651677302183,1.1453508001696788,1.3537394824299092,2.1077326535681893,1.374467313910275,1.3861496213201394,1.5890417106602484,0.7631223302160466,0.8112640929160502,2.7757605663369254.1,1.3353651677302183.1,1.1453508001696788.1,1.3537394824299092.1,2.1077326535681893.1,1.374467313910275.1,1.3861496213201394.1,1.5890417106602484.1,0.7631223302160466.1,0.8112640929160502.1
scenario_1,run_2,7.420382743045306,4.560461370042425,1.7187963458335929,0.3006307208273654,0.4028036400976132,0.3309016452063253,0.7393300896889287,0.5309472011248447,0.4492295635256665,0.5651337517324214,0.8903935457871164,0.1720186004009254,0.1558581014172172,0.2035410373837968,0.4841372503957705,0.3603416929935582,0.1494736264384724,0.4594976671318987,0.1541711188215239,0.6072438215567754,0.3754669652749774,0.4285081992370149,0.8309336048154441,0.5402948356851891,0.5636266225231119,1.307392281761323,0.3989244542600546,0.3488979013458904,0.4824416176980683,0.0,0.1967183979821666,0.5620472893247873,0.7099558579113809,0.2868326973922646,0.0,0.321945292019422,0.6041988679102841,0.8145575196342941,0.1502831177052629,0.3709473936356279,0.1967183979821666,0.5620472893247873,0.7099558579113809,0.2868326973922646,0.0,0.321945292019422,0.6041988679102841,0.8145575196342941,0.1502831177052629,0.3709473936356279
scenario_1,run_3,6.656544700811996,4.81319652402656,2.390277969245141,1.8643392700209696,1.4300215481640364,2.1218359916676777,1.2109263879063965,2.6767586111332355,1.5996102533302627,1.8480315842581,2.110609379513688,1.484770382163038,1.2643480027009726,1.56045407916269,1.7473473990482409,0.8533372107892603,1.5394205717018123,1.5835054265216135,1.527606562911127,1.074497470587738,1.4420704448975736,1.6873957060046894,1.7494138712227028,2.495093355610151,1.2205537737668763,1.5363405283872005,0.9740956271768116,1.4630085135432374,2.41346358157758,0.98578461695722,2.0120045926082306,1.2019468956568973,1.6033673685748973,1.8724656720439965,1.5892325823249207,2.5958827109436635,0.7613259976665547,2.310462160489929,1.7962682756220825,1.903689129454735,2.0120045926082306,1.2019468956568973,1.6033673685748973,1.8724656720439965,1.5892325823249207,2.5958827109436635,0.7613259976665547,2.310462160489929,1.7962682756220825,1.903689129454735
scenario_1,run_4,5.816134934612882,4.15238233615902,4.14440374732401,3.7343214132064255,3.6359436301922967,3.6223096654003504,3.280484070678817,3.278529753466368,3.1478842704230057,3.089130311235227,3.0883528345714764,3.217759442663712,3.06670650859484,3.104560925520206,2.964620983270671,3.373916244970072,2.865509075179033,3.094287473814806,2.70915991527177,3.0129595364616573,3.117076661682749,3.100510747351743,2.93185391990212,2.8111359328397114,2.9718198504451325,2.0150001498255383,2.7720528369246247,2.369282018096141,2.5571639011456986,2.8042372561840376,2.085107459609352,2.636737212727527,3.0483449397751814,2.050835298931489,2.6635361723708613,2.265466864943928,2.759024643233818,2.3934184466865425,2.677871916819097,2.3222178592808693,2.085107459609352,2.636737212727527,3.0483449397751814,2.050835298931489,2.6635361723708613,2.265466864943928,2.759024643233818,2.3934184466865425,2.677871916819097,2.3222178592808693
scenario_1,run_5,6.623084681420293,5.62390988690094,4.863454779705034,3.619596896098292,2.9378072319256403,2.512875670871829,1.6416937214970797,1.9866832742956584,2.681233819859385,1.1479783673154778,2.0260371946515403,2.147700312335956,2.2507078623723658,1.618613576499099,1.8077409283401944,1.3867569108792916,2.287632765178064,1.741171208486294,1.6575283320467598,2.082870555389781,1.9862345350580832,1.7076357405129212,2.1636710865688955,2.3641477815829344,1.888588602239132,3.163853855356151,2.036780676876666,2.059462746419856,1.5539929683038312,1.926853516830986,1.9437861449434588,1.7936126511885035,1.9986778343052856,2.187334427086413,1.27019514229035,1.5941232268627148,2.1455539201538474,1.180703429355746,1.9388370843685183,2.2909991341585902,1.9437861449434588,1.7936126511885035,1.9986778343052856,2.187334427086413,1.27019514229035,1.5941232268627148,2.1455539201538474,1.180703429355746,1.9388370843685183,2.2909991341585902
scenario_1,run_6,6.221814546050131,3.927938821232105,3.996834972961977,2.6410490421351414,3.5128035662902137,2.995942002921727,3.758689617165087,3.77988558602402,4.147724790233527,3.5000774870585154,3.335504730607622,3.628445513566534,3.0789427298505165,3.729665513636824,3.7260304506809576,3.814468696724364,3.539601666691978,3.3424948485134807,3.281719623719829,3.461414848022043,4.324607256262799,3.36358356298922,3.031706845475507,3.542474580886102,3.9646736819147135,3.283032339753676,3.1767153760792266,3.3070036943770824,3.5639882791345747,3.731465317160911,3.548960655582468,3.8058215757898566,3.3114599149406687,3.110416877746247,3.227684120086338,3.5285644967651537,3.756095731267032,3.758462112526576,4.403890808223395,3.242330770621157,3.548960655582468,3.8058215757898566,3.3114599149406687,3.110416877746247,3.227684120086338,3.5285644967651537,3.756095731267032,3.758462112526576,4.403890808223395,3.242330770621157
scenario_1,run_7,7.501825506568442,5.783863801857364,3.638520422111696,4.128099671694175,3.0360418228463435,2.723820593167727,2.349247566619993,2.3925291487825646,1.822813439500744,2.216507793787776,1.8712811766436777,2.073652208211896,2.3832684829523467,1.797238423683524,1.856927390668992,1.9603888519884127,1.158138434287301,1.736988542656222,0.7738181050910161,2.2603788979615422,1.8494980056406387,1.9879309141061583,1.5969435043856772,1.3768067034399123,1.541943953609565,1.1054354604713934,1.9963591175867523,1.0470379389950817,1.3390155626198277,1.5471066650590843,1.3575004706005325,1.8521645630588777,1.378564434738044,1.860039460145816,2.145155573897248,1.3313657583883547,1.7108172314237895,2.328141948630252,2.118678416008464,1.741374118397382,1.3575004706005325,1.8521645630588777,1.378564434738044,1.860039460145816,2.145155573897248,1.3313657583883547,1.7108172314237895,2.328141948630252,2.118678416008464,1.741374118397382
scenario_1,run_8,7.346691527680036,4.9065040854365485,1.801876106490201,0.8699360706556046,0.168318000465039,0.1686695276754949,0.3503454904423909,1.242232351147567,0.8498965860947552,0.5396466090944689,0.0,0.7156095861780137,0.3736633551986028,0.8250402920109199,0.1981203019764007,0.0,0.191554711045426,0.3488085222272129,0.3205478643788314,1.129717045054656,0.1561210218910768,0.0,0.5484393515405787,0.4055916621982003,0.8115549924597145,0.3677617181992727,0.7365169666314844,0.3328691827620685,1.4245381857261228,0.179115664050484,0.0,0.181506641836631,0.177824192646771,0.4571332465311203,0.3377707641701712,0.2460467223818377,1.2157633726063373,0.2402133091404211,0.7046394675856922,0.5127767763879202,0.0,0.181506641836631,0.177824192646771,0.4571332465311203,0.3377707641701712,0.2460467223818377,1.2157633726063373,0.2402133091404211,0.7046394675856922,0.5127767763879202
scenario_1,run_9,5.803770150787714,5.004288946412169,4.477877983771636,4.283141407451656,3.8681647600095297,3.3980968202019453,2.40996097553508,1.7168598416622458,2.041548526890092,1.3702585785297026,1.4776508547238334,1.9994307517278893,2.281179584474828,2.32787541093042,1.832305741830713,1.3107628335103507,0.7379661595527361,2.7876442411522,2.4851871739740643,3.89765613283916,1.5126609638413968,1.6957986740637865,2.062680534626221,0.8456271623837687,2.021757345223243,1.72835560420733,2.207875413613029,1.5286125371966497,1.0014700966713568,2.2239260302165342,2.885418332078307,1.8104443349588333,2.2290677021027525,2.365178779079584,1.1960896006534532,0.6488532740521047,2.990314782130347,1.3028077461471697,2.5767847772411696,2.1035749744960106,2.885418332078307,1.8104443349588333,2.2290677021027525,2.365178779079584,1.1960896006534532,0.6488532740521047,2.990314782130347,1.3028077461471697,2.5767847772411696,2.1035749744960106
scenario_1,run_10,6.445994496220202,5.406593281597994,4.289737607404884,3.064407698237116,1.285724055716567,1.0283229761983077,1.6109713978351217,1.8946843484605247,1.9868682642310704,1.730882576013807,1.0167402428907988,1.506978318476861,1.9377213645954288,1.7749871896769531,0.8642738209451519,1.2779673511685974,1.4434942217098914,1.3133833463367997,1.4546813783650334,0.5150170427303102,1.1289365760607872,1.940883525779124,1.768702796053472,2.2296848963640032,1.716523949858376,1.7855498967160812,2.287918089725673,2.019882774982106,2.0923487041402016,1.6505270557579572,1.0602438140059836,1.3760118918493789,1.7794214078205437,1.4211440687511163,1.3859025559386775,1.8688803489727543,1.385013107754044,1.6371384288202329,1.0539547757237515,1.1922550304174464,1.0602438140059836,1.3760118918493789,1.7794214078205437,1.4211440687511163,1.3859025559386775,1.8688803489727543,1.385013107754044,1.6371384288202329,1.0539547757237515,1.1922550304174464
scenario_2,run_1,5.8829264771173015,3.469739581993,2.3914641319624024,2.496308162703283,2.104386549371618,2.082797794251116,2.065972174531227,0.990263151901884,0.3123648948129118,0.3575792573410796,0.1311788088629565,0.7787291142852307,0.0764178887846449,0.5984201118251187,0.269724560542224,0.3436299660909064,0.4586194338219235,0.7567429993924347,0.402434286591617,0.0766225980690274,0.5694269306918439,0.1838942792702437,0.0759980908023528,0.3185133675692465,0.3401111422317107,0.5787056332298904,0.2927876574353326,0.5889876795233138,0.3548333933816451,0.3187764726619472,0.912689521385648,0.4193022933028398,0.3196874721017617,0.4453752440827195,0.0750417888518246,0.4030933577034211,0.0752364735656717,0.2763435038552463,0.0,0.2804357295603518,0.912689521385648,0.4193022933028398,0.3196874721017617,0.4453752440827195,0.0750417888518246,0.4030933577034211,0.0752364735656717,0.2763435038552463,0.0,0.2804357295603518
scenario_2,run_2,8.388751478859765,5.6902692042004,3.920455321000442,3.932711684046031,3.9301512595308177,3.92571219596186,3.921791045731029,3.922988064603617,3.927154012189853,3.929005714720815,3.931671882652528,3.945498730436417,3.967344171790472,3.970348901887481,3.970064710589901,3.956339501930609,3.873310680853898,3.785881445274356,3.77807729200598,3.733223445799406,3.7543655861166174,3.671660183289671,3.689131338967876,3.665315792157468,3.678535051029048,3.640033493776932,3.634127977737714,3.5983510201234488,3.5532642729717474,3.574699914973986,3.572713065030476,3.519519744311886,3.5644279027312407,3.5035846482181854,3.253370273683696,3.223124227779336,3.282732841317865,3.141798758798392,3.119997593894772,3.067298638470043,3.572713065030476,3.519519744311886,3.5644279027312407,3.5035846482181854,3.253370273683696,3.223124227779336,3.282732841317865,3.141798758798392,3.119997593894772,3.067298638470043
scenario_2,run_3,4.978554957833107,4.219853244023273,3.4340934273639467,3.286522804494809,2.272334175567069,2.300329202326453,2.435367554188718,2.2643432717219327,2.276783241646385,2.3454830002024005,2.0268790777310786,2.0224237058590604,1.9410764596886807,1.6057450570862135,1.6666150284704335,2.6842709298388,2.507179037906794,2.2359124645419595,2.097814273586091,2.1600532273397874,2.2736782191202813,2.2818527621923463,1.5417275142716005,2.210773383199224,1.729648390212147,1.801976175345121,2.395788081588659,2.195095550960708,1.9895519087947888,1.9815012842932027,2.020433626712381,1.54693538253937,1.5274373610324377,1.882209586027615,2.229296531209356,2.390087605379489,2.072393046463557,1.8998929096178443,1.6025473781741528,2.014675472530512,2.020433626712381,1.54693538253937,1.5274373610324377,1.882209586027615,2.229296531209356,2.390087605379489,2.072393046463557,1.8998929096178443,1.6025473781741528,2.014675472530512
scenario_2,run_4,7.309322462836836,4.959069039504783,3.995375663612388,3.965832658840688,3.953084080254224,3.951963512040956,3.9224996040052247,3.799235837869297,3.671451819246076,3.4681427310073665,3.2042868817847774,3.038542235175668,2.993425670988027,2.944894819433592,2.779228579356104,2.669909083725312,2.552391204244044,2.56281014810932,2.502562358884421,2.475077373817357,2.47406907701746,2.450378189565506,2.44672125619494,2.420230781731315,2.398995803192624,2.370740308664592,2.358729850546849,2.35868121935701,2.3580599784897696,2.37114313583469,2.378284603548355,2.372212090396218,2.354191797299744,2.3584880984555405,2.3438468593495627,2.310423781539613,2.309541950011612,2.2867887303640697,2.2495830542284465,2.287468612875471,2.378284603548355,2.372212090396218,2.354191797299744,2.3584880984555405,2.3438468593495627,2.310423781539613,2.309541950011612,2.2867887303640697,2.2495830542284465,2.287468612875471
scenario_2,run_5,5.599998897579534,3.931523440626696,3.596138555406115,3.3923037440272914,3.0892076448634755,2.7548665712810445,2.464883504798318,2.407295825417278,2.4548663500441097,2.3237935607522022,2.39791747321874,2.20979047882821,2.179158376444595,2.463988622523582,2.1881798867961466,2.3095517444410083,2.2868807735235768,2.266570439961701,2.10182853815707,2.2342424954774147,1.805868081457059,1.7712955964562354,2.6729144066750234,1.783011344890772,2.6580585727243133,2.133145165469078,2.463802175347962,1.4248364245685017,2.404080273953197,2.504640590080024,2.684301976471964,1.81110704962572,2.1054651935592714,1.4547065061323012,2.2810491287375183,0.8851462061119802,2.4399445881487263,2.665435772305304,2.1277464632852974,1.833504929142164,2.684301976471964,1.81110704962572,2.1054651935592714,1.4547065061323012,2.2810491287375183,0.8851462061119802,2.4399445881487263,2.665435772305304,2.1277464632852974,1.833504929142164
scenario_2,run_6,6.176784591868747,5.727871398780745,4.696113785104201,4.266411823832593,4.510401237831664,4.363043136844185,4.294670230638886,4.124644748702047,4.079188636554907,3.882524442807802,4.145611090309194,4.159277805135361,4.206236127544278,3.2133812381740725,3.634885130780698,3.2560070105601744,2.4794493755688416,2.4085116234806105,2.41664349737084,2.712477559318478,2.448431323897718,2.6801041427605643,2.4629000683147835,2.400321810195602,2.347697072494715,2.287419397664993,2.6455908350846906,2.06859787981703,2.124936793462249,2.3820213709478173,2.7422934894833846,2.5700780671511305,2.4088078406823046,2.3268247675802582,1.924845040892827,1.9676226805794064,2.940517072534686,2.8673397365327817,2.43405173785199,1.84016006506346,2.7422934894833846,2.5700780671511305,2.4088078406823046,2.3268247675802582,1.924845040892827,1.9676226805794064,2.940517072534686,2.8673397365327817,2.43405173785199,1.84016006506346
scenario_2,run_7,7.527114235774896,4.512503213319488,3.387273751603053,2.1257558125278013,2.390078018741156,2.731523699083332,2.2531317139497107,3.193698614369981,2.748527252460053,2.892939600702201,2.7657542187035835,2.855086777973887,2.8293895077691253,2.34527741500772,2.581150028135175,2.3878875852714216,3.186112308206176,2.643184222449713,2.330094219038904,2.944698544074212,2.510747181512024,3.067929625304937,2.832545263996098,2.611809718035759,2.537130892600618,2.5879696409007305,2.707923969314052,3.2022824299220174,2.692846564620898,2.68326455430978,2.5467149724671536,2.7148992302905386,2.9861405080327623,3.139810062828894,3.2353201690113265,2.7406261082534806,2.977126764185144,2.048665105088696,3.117995399956269,2.463339179038944,2.5467149724671536,2.7148992302905386,2.9861405080327623,3.139810062828894,3.2353201690113265,2.7406261082534806,2.977126764185144,2.048665105088696,3.117995399956269,2.463339179038944
scenario_2,run_8,5.236044879018266,3.818612547071337,3.2731106232059064,2.759870572096625,2.387083238339421,1.6018636387575171,1.5696939377441608,1.0687376462782257,1.4899473520180428,2.164685762735328,1.1749917804789214,1.934929959216216,1.0563929485694707,2.0360610756385094,1.3521934778704716,2.0068152217781887,1.7013570632458292,1.6238057387036289,1.3553691245993726,1.910134462371448,1.1744047399226925,1.6078989159187802,1.646737226881536,1.1177188378553105,1.8639281094095472,1.4424327904292085,1.6202125818237558,1.68520630098623,1.5845941135931896,1.5380870109603415,1.7189133324985946,1.3873603735443794,1.610667827960127,1.4257478162988502,1.662080778234433,1.6820137531237684,2.016970801323099,1.2960835901061725,1.245705505621043,2.0340368557814967,1.7189133324985946,1.3873603735443794,1.610667827960127,1.4257478162988502,1.662080778234433,1.6820137531237684,2.016970801323099,1.2960835901061725,1.245705505621043,2.0340368557814967
scenario_2,run_9,4.774565675118279,3.9756889074009294,3.107910779612576,2.8064234760468127,2.947541036830595,2.6328147160748108,2.550573227722322,3.063491262900539,2.594253751726616,2.6241537717528103,2.545482562382776,2.526972148909376,2.531161514826021,2.2352115921001747,2.4679835329511675,2.330657850282857,2.434909260045593,2.498012548896135,2.605624044206525,2.401631893852209,2.524395690304538,2.445555736679475,2.304481748944761,2.344423545104436,2.4649033256368145,2.2383433800026262,1.8865021740069767,2.866715535152747,3.074131547795477,2.305202496766873,2.830377903022091,2.3678032569948537,2.825753002121913,2.8347664233746905,2.5166648599126304,2.379548743334548,2.5526100110051297,2.2492317182229224,2.445920521817423,2.445163217569168,2.830377903022091,2.3678032569948537,2.825753002121913,2.8347664233746905,2.5166648599126304,2.379548743334548,2.5526100110051297,2.2492317182229224,2.445920521817423,2.445163217569168
scenario_2,run_10,6.121485195931141,4.823096086766555,2.7760579144689173,2.053372838890533,2.0718631619275083,1.811551506222468,1.891028430561588,1.8670774201415823,2.1076097824412328,2.2312758822000607,2.236907548509426,2.282168533156116,2.3396071983214304,2.2810036267883507,2.3353551131961288,2.1078037891746995,1.457346550998872,1.5050222338837544,2.0338151619188367,1.460399513480866,1.6731321519741296,1.528373356453363,1.471593676350031,1.3910844161075169,1.1700879638277877,1.1680882608042291,1.1724873533172118,0.985282803213138,1.877449372944784,1.2011254214219924,1.3345463249232026,1.2177376712776018,0.9748004747233944,2.0496841962692227,1.4508004945931887,0.993192338090296,1.029276885575824,1.2846304682109788,1.4749596851194524,1.3838275895003147,1.3345463249232026,1.2177376712776018,0.9748004747233944,2.0496841962692227,1.4508004945931887,0.993192338090296,1.029276885575824,1.2846304682109788,1.4749596851194524,1.3838275895003147
scenario_3,run_1,6.585852738707963,6.433359721255651,4.939148452487318,4.402849533313596,3.822758909890765,3.538519852113358,3.7470694286672455,4.274571729668855,3.685303660845425,3.838703156351955,3.7461962598325975,3.9889345319274745,3.509109508401162,3.818951825151621,3.749419979769015,3.4872479001810204,3.5419760776180618,3.2558119841275164,3.490944414591576,3.5052776043075298,3.655517928689609,3.168566014591556,3.3239838764371195,3.5499713592657605,3.646400186678156,3.771187768840188,3.4090350237089373,3.668998993261496,3.459175555015944,3.151804286277709,3.190548846952059,3.467673306887165,3.4131292551323527,3.47416314699421,3.405700229395844,3.2328847820602595,3.2232310581534263,3.385623442849797,3.3261786526083883,3.2646167819834617,3.190548846952059,3.467673306887165,3.4131292551323527,3.47416314699421,3.405700229395844,3.2328847820602595,3.2232310581534263,3.385623442849797,3.3261786526083883,3.2646167819834617
scenario_3,run_2,7.208643919785902,5.435999076104526,3.322065931704344,3.24209437824764,1.933742619307484,1.4790563428281165,2.8398296797975533,2.0335462126422144,2.1160983240031777,2.087016411119417,1.8932363918953352,1.794470302636335,1.6238372717975789,1.8346219007433835,1.7687701128526716,1.6091780195379244,2.519461483178881,2.27466924696252,1.6963397910168596,1.8897835149453543,1.6427460385884642,1.3993365929163424,1.0502682053057002,2.32059559836276,2.015819278846801,2.053867733048759,0.9970198916834374,2.225823699476632,1.968418217741568,1.8809114599297465,1.2589692120059448,2.079747843888395,1.8528416229761,2.556078677981912,1.6706027479676095,1.6812484700663823,1.9582309515018987,2.020310319297401,2.8489283219373203,1.234044575489756,1.2589692120059448,2.079747843888395,1.8528416229761,2.556078677981912,1.6706027479676095,1.6812484700663823,1.9582309515018987,2.020310319297401,2.8489283219373203,1.234044575489756
scenario_3,run_3,5.285951798500959,4.276072755823222,2.399991805666553,0.8975544746719322,0.0,0.7506271114405187,0.2061795741828441,0.670369266351102,0.9942226339734092,1.0663417312547927,0.2501677878670564,0.1811095781860484,0.1772312508043022,0.7385524323999763,0.9303403459979644,0.4920288399699165,0.833503001492972,0.5365531261163788,0.6145657493232377,0.9964739945640024,0.4304352095191968,0.2626018907473436,0.1296834680716889,0.2240123840412323,0.7435744707522053,0.532695459272098,0.2585941417759229,0.4667785702100932,0.4795631677901076,0.2392510454120816,0.2912483817401661,0.1935694953984414,0.7232027501593059,1.6019046143798803,0.493962955787566,0.9385436722107062,0.4891932643258396,0.4300038528390894,1.066126849192545,0.4974764549153168,0.2912483817401661,0.1935694953984414,0.7232027501593059,1.6019046143798803,0.493962955787566,0.9385436722107062,0.4891932643258396,0.4300038528390894,1.066126849192545,0.4974764549153168
scenario_3,run_4,6.402489074118601,4.154173626665712,3.5572686949462087,1.9596277487759333,0.4889296497104391,0.9975865496194524,0.7674654943777102,0.3800798655208217,1.079601521252325,0.939687584107084,0.9548343425550176,1.0933401051075022,0.8950303734779373,0.6207784822606426,1.0726892858068615,1.4735562334863812,0.8323458491203051,1.3856575290196966,0.8105890592187894,1.4952306159342748,0.5553231172942736,1.6034319534566197,0.314757077109745,0.5693080982691693,1.556358988337561,0.9447996620033235,1.94215965177808,0.3595345923245897,0.8411256412957367,0.543285498539847,1.853988548571202,0.7868606434224896,1.0406287400314282,0.9539930035936308,1.0477888878429842,0.816667156583563,1.1104056546971486,1.2366259464918652,1.3995402779101294,0.6683476806507478,1.853988548571202,0.7868606434224896,1.0406287400314282,0.9539930035936308,1.0477888878429842,0.816667156583563,1.1104056546971486,1.2366259464918652,1.3995402779101294,0.6683476806507478
scenario_3,run_5,5.992892253037214,4.610377651339442,3.6293907160866254,2.662599387893302,2.091367412908489,2.384870214626444,2.419353350220072,0.518059275709302,1.576879660539332,2.319321012888592,2.943324687172521,1.500259773379797,1.6142165861891566,1.6189008305267454,2.212795141999964,0.7238271346902825,1.8973845584439364,1.6440304736717692,1.1274692884053477,1.643900263610826,1.7057356207914716,1.5869083021374013,1.387921621669549,2.4452385392210334,1.7772351648462972,1.894492999741566,2.4692876263793293,2.1982779382433413,1.9413448508809588,2.0251273121794595,1.60795863618926,2.04963975163066,2.7347327398785586,1.3035538294580893,1.8081892106529192,2.3120071584126847,2.020941558166545,1.9326738158065688,1.5418193581059678,2.90350407716483,1.60795863618926,2.04963975163066,2.7347327398785586,1.3035538294580893,1.8081892106529192,2.3120071584126847,2.020941558166545,1.9326738158065688,1.5418193581059678,2.90350407716483
scenario_3,run_6,6.388400540797038,5.446740447668784,3.471037036161608,3.069199019705468,2.7577434534655154,1.976472548486493,2.9146871607085405,2.308821926100763,1.8333805841400408,2.334741484263281,2.352446015082156,2.250879841793224,1.8607367276580955,2.317623586666006,2.206514256334644,2.398767929799448,1.817144836422985,1.7160268997990795,2.098764991346633,2.1340977927010063,2.0540251238272527,2.8162986585596155,2.2758528910681624,2.4292102797629047,2.614983809268128,2.2452385278505087,1.5964314167721256,2.296584654217271,2.0558455968724845,2.39997585607506,2.249284442262616,1.7901068911623637,1.5519800527355865,2.2834234123663912,2.380443133653974,1.4862585697832733,2.607659936994558,2.571142855955055,2.499267701679536,2.0187852735236094,2.249284442262616,1.7901068911623637,1.5519800527355865,2.2834234123663912,2.380443133653974,1.4862585697832733,2.607659936994558,2.571142855955055,2.499267701679536,2.0187852735236094
scenario_3,run_7,6.670594264859727,5.252492202945337,4.189043215716302,3.7761162735685554,3.41556329637631,3.260314455981704,2.799213474356551,2.9373508662780843,3.124707285970333,2.886855973635168,2.992185643766329,2.586547465555757,2.828754348615442,2.0631584653300896,2.070072265981844,2.3016826428098343,1.792556876869962,2.512675736647517,1.924812520813565,1.5958405138292855,1.183636335814676,1.4877563613587892,1.8214615759597912,2.5110252696671584,2.8433104901679696,1.6597234752038212,1.898046738593348,1.804884088129801,2.031449868028876,1.8139551065537105,2.0088835818319084,1.2414441023924971,1.5530900888342298,2.178519403543888,1.648728258372266,1.7490554092828152,2.9771092322534365,2.104034245844702,2.391815582551847,1.6368419624212798,2.0088835818319084,1.2414441023924971,1.5530900888342298,2.178519403543888,1.648728258372266,1.7490554092828152,2.9771092322534365,2.104034245844702,2.391815582551847,1.6368419624212798
scenario_3,run_8,5.139494417827492,3.685655894393908,1.9517107620386205,0.5887965225765859,0.4088905060038256,0.8738985726275391,2.1900750266381923,1.3480957218471734,1.088896312062834,0.8996914368643647,1.4676437585505255,0.8613442951563262,1.1860090084170478,1.7671085163426246,1.0203159965655888,0.8067794151398697,1.3618143909829994,1.4463230446465891,1.004197569663803,1.466643237151401,1.055330136962463,0.8812058941253944,1.0176682715597716,1.46664182023008,0.418798689660005,1.7844483784245575,1.754337883772615,1.0259856869570814,1.5945983854391588,1.4757804000829988,0.6474104573914762,1.4259777317338258,0.6192225330632147,1.029346337012664,0.8229818631861651,1.4630408310494274,1.003135339603514,1.4800821476627453,1.29449753389572,1.1271565849690235,0.6474104573914762,1.4259777317338258,0.6192225330632147,1.029346337012664,0.8229818631861651,1.4630408310494274,1.003135339603514,1.4800821476627453,1.29449753389572,1.1271565849690235
scenario_3,run_9,6.818437691812551,5.728408461012672,3.654054729602455,1.212691686231628,0.2018495397938053,1.106413979649973,0.0,0.6861321906841409,0.8595011049635076,0.8474897754995308,0.4897210878336732,0.4908664028742649,0.7269252099522561,1.1450768461770509,1.813409951677752,0.5014381487542584,1.463273803034863,0.677281444843276,1.532951229887198,0.9058551446962818,0.3838265658623189,1.0194485610285056,1.3669299148520029,0.403672296639103,0.7603804918087869,0.9874015728307176,0.884583926212535,0.7502398326880183,1.5172665312835492,0.8689344286753012,1.4546860596123226,0.4620721345411726,1.0182300567647204,1.5503907099795626,0.7812612136959822,2.019961857949567,0.490285947202876,0.8959331635848333,0.5942609562814444,1.105736128784952,1.4546860596123226,0.4620721345411726,1.0182300567647204,1.5503907099795626,0.7812612136959822,2.019961857949567,0.490285947202876,0.8959331635848333,0.5942609562814444,1.105736128784952
scenario_3,run_10,6.162356289342424,4.721243275051698,2.053513545902589,0.5635125275434849,0.2713374418732328,1.2616613068225544,0.5040471317349409,1.0528842225836084,0.0,0.992386775945318,2.2199698048483123,0.9742460124137302,1.2609568800531068,1.811655476812239,0.0,1.5642283897051423,0.42351240484219,0.9848654494183144,1.143017732307476,0.6892139808357204,2.077467763930903,1.1699064935357992,0.5887044335866738,1.2722839611727297,0.5040852611440145,1.1403616191505594,1.570850313466822,1.6027521352428458,0.5743990613970884,1.2049306456572375,1.0457311143507844,0.7637416782329329,1.7699977759847356,1.0400821478357003,2.4184719093190674,1.0518185068058348,0.8692455870124943,1.4502517550005822,1.7412988660956614,0.8220491744014377,1.0457311143507844,0.7637416782329329,1.7699977759847356,1.0400821478357003,2.4184719093190674,1.0518185068058348,0.8692455870124943,1.4502517550005822,1.7412988660956614,0.8220491744014377
scenario_4,run_1,4.98672225254643,4.904518018760981,3.461493674022267,4.029822924498459,2.728494435552732,1.992690463783336,1.941970440204677,2.3360351799274666,1.6555779601024838,1.296206608031539,2.661256496523972,2.2754789142787843,3.007695907139996,1.9144002723565865,2.1928045675806667,1.800153541692087,1.896589458805564,1.770794711222926,1.6303468661535234,2.6238093605313395,2.110698163851124,2.5040534843990327,2.504685602100696,2.751687626290124,1.3858607976105817,2.2487828465256454,2.997672578229035,1.912173006992744,3.179206065575159,1.822291283521896,2.57266131430875,1.4106422091465591,2.6678656624374777,1.829759263065218,2.0563924457352902,2.8355011924084828,1.7238200580245582,2.1680474560380265,2.1711685678814896,2.373653843113185,2.57266131430875,1.4106422091465591,2.6678656624374777,1.829759263065218,2.0563924457352902,2.8355011924084828,1.7238200580245582,2.1680474560380265,2.1711685678814896,2.373653843113185
scenario_4,run_2,6.5391567606846905,4.358468735202092,3.841026512982877,3.5499479621812484,3.363118143120468,2.6484393183228607,2.569982888795935,2.1987675703515657,2.0854983135905902,1.7174402629067658,1.32743965455494,1.151536458419426,0.9879048919468044,0.9918677679382022,1.0543056366604489,1.4038884676037262,2.103777244726088,1.684159344155176,0.8170242007119615,0.8982588987898994,1.077003589736236,1.5483449822466917,1.0521300830147389,2.26668837305716,1.3415234936003846,0.5051436374109978,1.07407783907893,1.6181373325743134,0.8654010555898054,0.7889578719813153,1.63470559608948,1.6568030603947217,1.2848086010259514,1.2892157526989938,1.1142214868840177,0.6577563348544946,1.5410010473638025,1.052373395588979,1.0777001988037749,1.899369656828444,1.63470559608948,1.6568030603947217,1.2848086010259514,1.2892157526989938,1.1142214868840177,0.6577563348544946,1.5410010473638025,1.052373395588979,1.0777001988037749,1.899369656828444
scenario_4,run_3,6.824349093052798,3.968771902455779,1.282593566511897,0.0,0.6364646750004563,1.2995126716837095,0.5708055105867919,0.9151690223475012,0.4267460377017705,0.5202455556106559,0.9745432862245916,0.975320463277833,2.130581514405213,0.2013522453214843,0.0,0.2173341051620851,1.0476974858573311,1.5097349030191989,0.8142869912130883,0.4553617485198781,1.4202164946035525,0.9248102926302458,0.4843347268336839,1.665975967786142,1.0021018626733416,0.2166323321066457,0.956888561088463,0.4291997849805704,2.24621101199728,1.5235804376380946,0.8349514639273125,2.043753612037412,1.041940126203786,1.5053107122012297,0.9983437746535052,0.6509700593201989,0.9351192266026104,2.198429439800574,0.6257032122529148,0.3692513378994809,0.8349514639273125,2.043753612037412,1.041940126203786,1.5053107122012297,0.9983437746535052,0.6509700593201989,0.9351192266026104,2.198429439800574,0.6257032122529148,0.3692513378994809
scenario_4,run_4,6.952132778357509,3.883922481796039,1.7271548862266262,1.0030180878501531,0.7900346577206905,1.3269729488189566,1.821403163136504,2.070479523224329,1.790373403741968,1.3771738013512866,0.8030542306021126,1.386759180173608,2.356587081340042,2.041297942214769,1.8294014294753795,0.6495030803580729,1.84441660998966,1.3166461374123604,2.5094339379489754,1.2593183611453225,0.8472171649535408,0.4460641914625691,0.6916572568937921,2.740379055753916,1.32447226507319,1.541746840995339,1.7918342355831924,1.7802986186613845,1.4632710951387329,1.3608439893266904,1.2531331929425165,0.6499463153155369,1.27768671621853,1.8823549517485367,2.1725817823943405,1.2536963557775374,2.704901784564407,2.0093191829975248,1.8899551803517247,1.2464541263736355,1.2531331929425165,0.6499463153155369,1.27768671621853,1.8823549517485367,2.1725817823943405,1.2536963557775374,2.704901784564407,2.0093191829975248,1.8899551803517247,1.2464541263736355
scenario_4,run_5,6.371816789571102,5.325180335694021,3.386454284932696,2.753933523728912,1.599478861235832,1.5440593165499792,2.1326276459163203,1.3042012711540174,3.1103046246348502,1.756864852866252,2.2201942159965955,2.933256640795963,2.9511307352605707,1.5426916116512874,1.944779917385257,1.4364619391333613,2.175414307944936,1.8685606578003529,1.6750303841124452,2.380342290035665,1.5192117971857937,2.1866878805551715,1.7245236436330926,1.8700144350214365,2.892214038287035,1.295264407145427,2.786073513454405,1.9318838518652768,1.4895652055351405,2.748508609530403,2.6587120364437733,2.205002972903761,3.146646748348772,1.9817035597629964,1.869212641757337,1.3786984885033058,1.5163062186628844,2.5843837860203305,2.4307848459445607,1.1442119795128791,2.6587120364437733,2.205002972903761,3.146646748348772,1.9817035597629964,1.869212641757337,1.3786984885033058,1.5163062186628844,2.5843837860203305,2.4307848459445607,1.1442119795128791
scenario_4,run_6,6.16757910425129,2.925666930208604,1.4452110264014233,0.6409583769696607,0.3154705369825394,0.6985814663825919,1.4173900418931191,1.3917605993651685,1.4750771268420693,0.2142714434449956,0.6027804184663037,0.250232755348007,1.1712856156531226,0.4687885406332944,0.5403663969168724,0.7858861318753416,1.1322395588639238,0.7499598140799519,0.6425334486498843,0.1907586516308837,0.7806352525124209,0.6899321837865806,0.536573291062991,1.4947525081791628,0.0,0.606222654132267,0.6249185288822507,0.7627534856145937,0.6913178220068599,0.9145038816570448,0.6740474777683669,0.1623364811041898,0.3435636612797865,0.8750974294592366,1.0002921006851109,0.2159829226380856,0.2359157137734825,0.6156089376797109,0.3990572756579,0.2160678998435999,0.6740474777683669,0.1623364811041898,0.3435636612797865,0.8750974294592366,1.0002921006851109,0.2159829226380856,0.2359157137734825,0.6156089376797109,0.3990572756579,0.2160678998435999
scenario_4,run_7,5.809778155734866,3.62755043821459,3.197200485845183,2.8543624317157765,2.747111434201815,2.722465764538367,2.590562930707704,2.196411592555047,1.6093720265622171,1.564048673921997,0.7452901677184739,0.4927251490426935,1.3711541294426912,0.9984067610474874,0.8733648584500863,0.8392005552906584,1.3246746966948293,0.7381842549832991,0.3008759724586153,0.2062902960341232,0.4845603113219218,0.4779105947627892,0.6798622184305064,1.0430236981335186,0.2376436378306485,0.584652367006718,0.7764042539435485,0.8323678608084559,0.542783360174638,0.1948304979549091,0.3816954901794082,0.9898838606925424,0.7384764044538827,0.9278771119602446,0.9291347292863767,0.8592645824679049,1.0009796868169651,0.6303345515523767,0.5203177735814661,0.3971879878474078,0.3816954901794082,0.9898838606925424,0.7384764044538827,0.9278771119602446,0.9291347292863767,0.8592645824679049,1.0009796868169651,0.6303345515523767,0.5203177735814661,0.3971879878474078
scenario_4,run_8,7.146325094611226,5.548670342606783,4.8859417425259375,4.156170242307266,3.5330141889240183,3.307002483608823,2.638158813188463,2.230114030143917,1.8622809959798936,1.4849099310262337,0.3523648387729252,0.4581253205343303,0.4955107223015209,0.1759233082770012,0.5280003718498945,0.5836795605024093,0.350685278746177,0.495381586287429,0.0,0.5280219159983636,0.4036752089763462,0.5281013084623595,0.8435896297759051,0.7014436233834245,0.0,0.0,0.6135695265452725,0.3476285602068386,0.2336065048437829,0.3642587380331553,0.5277014953887098,0.2637743892368288,0.3519812101400782,0.3721947919952669,0.1126054769958178,0.1031227888332364,0.2826228190808364,0.7951918624640492,0.2396820418664035,0.6343190343746039,0.5277014953887098,0.2637743892368288,0.3519812101400782,0.3721947919952669,0.1126054769958178,0.1031227888332364,0.2826228190808364,0.7951918624640492,0.2396820418664035,0.6343190343746039
scenario_4,run_9,5.878752990482099,4.133572457949876,2.353472668459905,2.699986172068375,2.5268479381750764,2.477219951820209,2.255477779531012,2.358309141323562,2.4427010431473475,2.0974551136349966,2.3729058004447547,2.071881969429727,2.131466334016737,2.3135234748658893,1.9551160276850643,2.032923197588709,2.0608561208436136,1.953531548133063,2.0326272483288133,2.305799152311517,2.2147245145871155,2.2057445529602235,2.318985136808526,2.261657953563194,2.257118977678479,2.308781804133208,2.3398192444462707,2.110576536109682,2.448961454649992,2.5390934350009937,2.1111640208495848,2.2228911149789763,2.348841993908131,2.158297557617023,2.3010052747748864,2.1338891830962523,2.173041131522009,2.453737696744565,2.436124006245548,2.0930862594961246,2.1111640208495848,2.2228911149789763,2.348841993908131,2.158297557617023,2.3010052747748864,2.1338891830962523,2.173041131522009,2.453737696744565,2.436124006245548,2.0930862594961246
scenario_4,run_10,5.183727455159583,4.366560408680803,3.5912050847090136,3.325786493921464,2.0581922468990395,1.055645491376024,0.6814713321660089,1.4731356958103636,0.4410922482332286,1.019663257661199,0.1816649127688569,0.0,0.4505308409407112,1.0010886246445914,0.4470149747699155,0.3660180146186362,0.8821077375259213,0.5801755278975342,0.4370630706655919,0.2260393572656187,1.4494371393209398,0.0,0.8035999381367658,0.0,0.6540937101162978,0.6379328068061989,0.2453562501322125,0.7315835003862853,0.2400620268941932,0.1951840881943517,1.518511765752689,0.799145867648185,0.8025804851289504,0.4356872170906387,0.6052273904200522,0.4450727115187536,1.1724389276900118,0.6842839734313844,0.5750528241864256,1.0321246057149618,1.518511765752689,0.799145867648185,0.8025804851289504,0.4356872170906387,0.6052273904200522,0.4450727115187536,1.1724389276900118,0.6842839734313844,0.5750528241864256,1.0321246057149618
scenario_5,run_1,7.683701660458442,5.676341696391526,4.755440399856256,5.392383614449164,3.9725885222676447,3.531598621532164,3.600393525722106,3.6619583719116,3.553638522041779,3.55407055885948,5.200166808046533,4.373708020828721,3.613815272967519,3.745156805062928,3.835428525124384,4.429348303615183,3.8958409910101337,3.930884218817924,5.178815543903748,3.795882401113637,4.885991622879285,3.5298856873029374,3.8618809957752944,4.651443775201339,3.66155549526376,3.760197060202379,3.596901067300993,3.5299279759881856,3.529768860778445,4.546581389049552,3.734405039704333,3.724863431064608,5.374014548606962,3.830063292061237,4.550484145382039,3.594842318884247,3.604435199182169,4.586994466287111,3.662494502576657,4.417799040278799,3.734405039704333,3.724863431064608,5.374014548606962,3.830063292061237,4.550484145382039,3.594842318884247,3.604435199182169,4.586994466287111,3.662494502576657,4.417799040278799
scenario_5,run_2,7.916555705873593,6.738119129572425,6.144259283331012,5.561046880463656,4.892481146466426,4.875225088131503,4.174696131837521,3.875679323572869,3.885540270060964,3.791738777550146,3.8359421086048977,3.706213888471228,4.048090969736546,3.828988884084041,3.772078239952748,3.687493702826365,3.728213444365665,3.6567253472553767,3.713616646227156,4.481529157439173,3.655847760322223,3.4681355882499085,2.7104539592579755,2.4843756914827937,2.30661492021206,2.731303835252139,2.593810424531148,2.362370496023721,2.959377383885628,2.329964292733717,2.831038167819931,2.5933918115078747,2.1695448218482305,2.607566682388073,2.531489119522577,2.8262568486628354,2.863918050855057,2.426195294557513,2.3466258504477,2.977909212906508,2.831038167819931,2.5933918115078747,2.1695448218482305,2.607566682388073,2.531489119522577,2.8262568486628354,2.863918050855057,2.426195294557513,2.3466258504477,2.977909212906508
scenario_5,run_3,7.378482078896624,4.9778518084144086,3.279362258778161,3.8122350949833694,1.7384805990963357,1.9744407417001293,1.217751701532534,2.033230926560868,0.7565190356972911,0.8280778112883784,2.376219067959904,1.9344096598069704,1.643137665895738,1.7565955734541838,1.5806756221270324,1.7181847205703793,1.0993754213622315,1.6003810468746371,1.4395860032119574,0.5183841494006536,1.5358853574692946,1.3549671737033686,1.5331838612823758,2.176520020111698,1.171228607745739,1.23474001532557,1.3832684891426887,2.393862690767968,2.150689205839547,1.3964188002632727,1.9424554659964528,1.151057647870178,3.2253273617650984,1.7893151526016091,1.6401825495481392,1.8399602762174785,2.9654490133291107,1.9259671909545075,1.5207419779050486,3.121486851327993,1.9424554659964528,1.151057647870178,3.2253273617650984,1.7893151526016091,1.6401825495481392,1.8399602762174785,2.9654490133291107,1.9259671909545075,1.5207419779050486,3.121486851327993
scenario_5,run_4,7.533510647607332,5.852528661359035,5.068399757219951,5.138870003936924,4.3032002548150885,3.7814067259219017,3.7167882908768535,3.62505955160999,3.5502144520337056,3.796749464923682,3.6007447582992747,3.7291080802431713,3.8664744901519184,3.913924115410206,3.789668247780905,4.036477812550965,3.6706654676294215,3.663554021575988,3.869883416262529,3.7031904159979945,3.813131554722908,3.596697325562128,3.67308739466712,3.5967588931158496,3.6596089637016993,3.5350891129114865,3.599889493714153,3.529059024870332,3.936280164038643,3.7271281380455177,3.5951188538222896,3.733832209087093,3.799215241241172,3.6613391694519386,3.738002696162852,3.6399207017330304,3.80621630780448,3.810180616673115,3.940773480913813,3.684577342598816,3.5951188538222896,3.733832209087093,3.799215241241172,3.6613391694519386,3.738002696162852,3.6399207017330304,3.80621630780448,3.810180616673115,3.940773480913813,3.684577342598816
scenario_5,run_5,9.720740832995244,5.810964995777317,5.787606181936877,5.55455630526401,4.49189540932571,5.049296601261908,4.582169282276637,3.9768550964192704,4.533151165887697,2.8492809373258945,1.2307250731805484,1.3403436394570385,1.5754353688921117,1.7150541344863826,0.6785418390964368,1.2516523926485985,1.3862403812200204,1.3000424327228213,1.9730840068891096,1.593209204482252,2.688104646427389,1.5891613751526714,1.4873331408964714,1.0286766034048218,1.867834786852685,1.5231269596499135,2.310364668844125,1.819191876059356,2.3193546287325253,1.4679276960406635,2.154321677606945,1.7627342458382684,1.7420160947225225,1.6221801377940843,1.6605724734885183,1.6185392704755794,1.140258800756549,2.3623325775369866,1.1264873932232136,1.8765627104569524,2.154321677606945,1.7627342458382684,1.7420160947225225,1.6221801377940843,1.6605724734885183,1.6185392704755794,1.140258800756549,2.3623325775369866,1.1264873932232136,1.8765627104569524
scenario_5,run_6,8.39018302885456,4.9289644247227065,4.437418597363174,4.094663062269285,3.587218256747124,3.5639593254610524,3.804581155870157,3.722158897088357,3.7077048598026665,3.681401183188007,3.673167097693585,3.5451540744090417,3.781036478449989,3.662940423390365,3.900468355926145,4.01938838925784,3.65956817391114,3.7789726065481126,4.015711371709314,3.775143693879053,4.234622051271077,3.5291170993043712,3.7722988046104433,3.894348201942514,3.529643566696657,3.6527241102186014,3.650813338085483,3.6527513917334864,3.7733633506157753,3.651379132256032,3.651749590357247,3.8118692142456174,3.650318518478672,3.7714654115880615,3.803721472576632,4.692686640045768,3.885750773336811,3.616706934146785,3.5286254265713426,4.588962545493937,3.651749590357247,3.8118692142456174,3.650318518478672,3.7714654115880615,3.803721472576632,4.692686640045768,3.885750773336811,3.616706934146785,3.5286254265713426,4.588962545493937
scenario_5,run_7,7.393750748824611,4.248720250392862,4.647988870697419,3.917428730495593,3.5116773071746046,3.59923186461666,3.702546707606173,3.562661888169657,3.5711631150146865,3.608268689823844,3.6667394603037655,3.6991590623271327,3.6934949098759136,3.769521375630714,3.707010229436706,4.0365353761507725,3.930170221528358,3.844131441941073,3.549000764251231,3.8296726848096334,3.533610660937311,3.5966190284320696,3.617152335365172,4.103051584049324,3.619830915989725,3.546398073548827,3.6024394221638296,3.582139172452039,3.65248248689272,3.878050616675473,3.753115179749417,3.578270703025905,3.6503719779585126,3.5875549221662,3.45623860356367,3.581412992286213,3.483854345226913,3.767040814928413,3.592520350128246,3.591157093666735,3.753115179749417,3.578270703025905,3.6503719779585126,3.5875549221662,3.45623860356367,3.581412992286213,3.483854345226913,3.767040814928413,3.592520350128246,3.591157093666735
scenario_5,run_8,9.560600404072042,6.881272222126452,5.369476664141501,5.42538571577917,4.932868953518963,4.221374926900767,4.08588230105109,3.6125020779089896,3.617353005033581,3.617017125022533,3.565299984698421,3.932047928548633,3.6666021238030537,3.66571180101595,3.55626349072717,3.6700628967770976,3.487824735950253,3.3459839081644445,3.3626672880434376,3.1213515950207444,3.167439159984645,2.976543010093089,2.853557918321369,3.2027484711693583,3.054591204141053,3.230296418063739,2.915185378120655,2.951563301098683,3.02452958875778,3.058438487829135,3.06887582595014,3.0079869757043887,3.221687834380341,3.159377263392365,3.1060166869211776,3.021913125304064,3.0150754531220967,3.316253916527393,3.0029600745809657,2.930870315125806,3.06887582595014,3.0079869757043887,3.221687834380341,3.159377263392365,3.1060166869211776,3.021913125304064,3.0150754531220967,3.316253916527393,3.0029600745809657,2.930870315125806
scenario_5,run_9,7.930329022797909,4.790297760604316,4.908460787533518,4.488254876305333,4.747735214167498,4.228920485131118,3.596076973481602,3.147310573609474,3.2553908286790056,3.7315015569773458,1.596098458154822,1.163178321781707,1.0842818780514694,0.7104492197918107,0.9756553126553392,1.5076049517324166,1.3994441243530684,1.6180364000517868,0.668388354234575,1.957866282901487,1.1830264969178714,1.4689622039626884,0.6972690945411154,1.1027479432689924,1.1995499024361516,0.561203881892089,0.9610737252753012,1.7798336129727848,1.2767900991167696,1.5073323927232287,0.617281457488161,0.9334495565799072,1.103912763277815,2.1039945481027216,1.5411465808206697,1.191546165487717,1.362670965124541,2.090776188693563,1.2727250984314966,1.2083189329724615,0.617281457488161,0.9334495565799072,1.103912763277815,2.1039945481027216,1.5411465808206697,1.191546165487717,1.362670965124541,2.090776188693563,1.2727250984314966,1.2083189329724615
scenario_5,run_10,8.110548220360968,6.400420383249196,5.483582793684692,4.764702207193987,4.587333577624883,4.064178853734156,4.132743811550627,4.010571878231401,3.540737265882329,3.249462444540302,0.9916820109556496,0.8552944253283951,1.0182332924288091,0.629320119753473,0.7517503938475011,0.5090282339725885,0.9577341354527136,1.0237120497825818,1.7058993825561646,1.1658009507241214,1.1232367012786688,1.2500619682954102,0.1591039304322014,0.6828553664717882,0.1726061405669209,0.9101882535643436,0.5330323880834802,0.8887954779695424,0.7957590000003175,0.1886884404289446,0.2938210464951067,0.3042174304756245,1.3709279742027198,0.0,0.9230051574646588,0.8194395089396025,0.3434263707771056,0.501614700558928,0.3189135095093102,1.2724655453857387,0.2938210464951067,0.3042174304756245,1.3709279742027198,0.0,0.9230051574646588,0.8194395089396025,0.3434263707771056,0.501614700558928,0.3189135095093102,1.2724655453857387
scenario_6,run_1,6.4746617131778645,4.715439947616107,2.6948391298054863,0.192744622247377,0.1117378135289029,0.0,0.3013442764653351,0.1816809418510414,0.1772108626453611,0.2147990341788578,0.5066901857531797,0.0,0.1798042155450289,0.3192884349418295,0.779735159541399,0.1739990430605468,0.5662642782595924,0.3616301762844872,0.3203919066137466,0.9447175294132546,0.09732896226535,0.4180719786122279,0.4539425641341113,0.1810810190770169,1.0534043205056334,0.0,0.3706143219625494,0.1422015406794602,0.0,0.619630870909285,0.5185102354773083,0.0,0.222971488092602,0.1796304949958078,0.1102393746614674,0.4809153314782084,0.0,0.3865654366235048,0.0,0.4453707532747818,0.5185102354773083,0.0,0.222971488092602,0.1796304949958078,0.1102393746614674,0.4809153314782084,0.0,0.3865654366235048,0.0,0.4453707532747818
scenario_6,run_2,6.047887155704723,5.245297014389025,4.129039618039565,2.523214969242286,2.590679290887296,1.4624406527597409,1.666945981101705,1.3459049304374349,1.2849299781722094,1.7754827746152273,1.437726718440095,1.3773086806449495,1.918974504400752,1.855140610580536,1.7580857042296771,2.122341788358505,1.9409608589902136,2.0993438296455897,1.721416425880984,1.153306881199871,1.8187940264751248,1.8839862363650552,2.209780561736919,2.079474859467456,1.670420366053763,1.3095851792515951,1.5468729206677276,1.3450025784690072,1.5822285318085836,2.554384304835973,1.8902374714118184,1.956757852907768,0.980867223065406,2.365623897170764,0.9574165193823948,2.135598412620726,1.5449310262651244,2.103382484771628,1.1128330049278867,1.3890545453706706,1.8902374714118184,1.956757852907768,0.980867223065406,2.365623897170764,0.9574165193823948,2.135598412620726,1.5449310262651244,2.103382484771628,1.1128330049278867,1.3890545453706706
scenario_6,run_3,6.5573625931164425,4.874340056763789,2.5437067614113795,2.666711271980168,2.166380750452368,1.2682393948179818,2.686952611220507,1.757418226787562,1.561204366679949,1.6191733798601409,0.9608482336852052,2.046692654697545,2.5676426940138257,1.3044831805976762,1.1199293402025134,1.8262763423777613,1.210818123667846,2.535352508428095,0.8869809280764482,1.6690603973427691,2.26952743612223,2.483969083644561,1.4130029954085737,1.3636109330748274,0.3384803784600564,2.381142211194934,2.171681120837887,1.6550869561571933,1.2919407632326512,1.8710910209386944,1.6589675298281776,2.261052281399852,2.2913959654396248,1.848661345119172,1.450008373339536,1.5627823683539477,1.7974343456553807,1.9672873546188177,2.065633987593112,1.8662836272083785,1.6589675298281776,2.261052281399852,2.2913959654396248,1.848661345119172,1.450008373339536,1.5627823683539477,1.7974343456553807,1.9672873546188177,2.065633987593112,1.8662836272083785
scenario_6,run_4,8.452681598195095,6.171333805913669,3.4993590889504538,2.26599112208464,0.2878518292966894,0.3220172363833886,0.0,1.1482967406704638,0.2291019413912964,0.1766881765492507,0.0,0.3433879758473036,0.1924580169053495,0.4214318671779812,0.2663404696076771,0.1756987913744579,0.5082749291730921,0.2892558282691506,0.163090943882957,0.3616806489522157,0.7455533046018628,0.0,1.123519945722198,0.1830051432891194,0.3560403204982685,0.3077210444369129,0.3024120584516163,0.8450378965663985,0.261311364690561,0.1502292278833903,0.0,0.247625535819412,0.0,0.2614168657875331,0.0,0.6318083750544664,0.1731859120818447,0.2259975458295036,0.0801594736004996,0.3220358097211679,0.0,0.247625535819412,0.0,0.2614168657875331,0.0,0.6318083750544664,0.1731859120818447,0.2259975458295036,0.0801594736004996,0.3220358097211679
scenario_6,run_5,8.070285578589461,5.971523554549641,4.372198949043844,1.435887779970467,0.3931103644181226,0.4443834552373616,0.3430845144202301,0.7509131443698045,0.0,0.0,0.5052631858815384,0.1477043982467357,0.6997693478960955,0.5330349729142275,0.8345545988193841,0.2382020873935559,0.4695993165846381,0.814453425915206,1.232429372584456,0.7249474729290324,0.170754705144233,0.5642409427076835,0.2783806601488874,0.2899400400207375,0.4465923146315739,0.2672326255374926,0.3749296635099158,0.450594881374809,0.1806946254292975,0.5030028288988234,1.1659368671340509,0.6954885834017521,0.5600269111419747,0.8737592978635329,0.2697364079065369,0.737679088430045,0.3398071772951141,0.9511231913222372,0.5070618375573819,0.9427337878875918,1.1659368671340509,0.6954885834017521,0.5600269111419747,0.8737592978635329,0.2697364079065369,0.737679088430045,0.3398071772951141,0.9511231913222372,0.5070618375573819,0.9427337878875918
scenario_6,run_6,7.627419023954213,6.758051525112306,5.393932813503831,4.44069581243136,5.51334740714208,2.88717814226756,1.9306034423791825,1.058371407011172,1.8876405389765207,2.384348975009103,1.7846812801123186,2.0807488526777767,2.528827919434144,2.016999049779608,1.2412082155490718,2.2877448103918403,1.597748592529023,1.4801619199099711,1.372407881227954,1.918725716530364,1.9649282405831163,2.22072216359893,2.1019592693655804,1.4202576264368136,1.574877150910711,1.9228486678644563,2.1123266402414447,2.00541380245874,2.608238645945494,1.720605151634405,2.402960883115605,2.448321617563386,2.3745265829075883,1.592856879624553,2.2884692667320623,1.2288814156296717,2.339942181070159,0.8132406644752773,1.2359505288448378,2.1525171547115747,2.402960883115605,2.448321617563386,2.3745265829075883,1.592856879624553,2.2884692667320623,1.2288814156296717,2.339942181070159,0.8132406644752773,1.2359505288448378,2.1525171547115747
scenario_6,run_7,6.909649420710724,5.593284971087945,4.065833382599735,3.123957447012896,1.6227144267842195,0.7767982119581546,0.7853461647639429,0.4066598798056488,1.1831200716395407,0.2852458711776346,0.6243727831976209,1.2683900545853677,1.075107413918854,0.7585946450655163,0.6153836642828996,1.168732313902752,0.8135310244725249,0.7241208925960521,0.469430095803147,0.4237084537998173,0.2846081638058287,1.079041514376118,0.957147015981256,0.8438997437802591,0.7888563792027898,0.8682965242779437,0.9809778733932532,0.6281877977589984,1.2780609293421905,0.94247618403533,0.6499685950070723,1.0314398568391023,0.8655701165688081,0.9381018577668704,0.9637786325092286,1.004542041414333,0.6104512130098232,0.549306264152518,1.0989455941091666,1.3222192165206192,0.6499685950070723,1.0314398568391023,0.8655701165688081,0.9381018577668704,0.9637786325092286,1.004542041414333,0.6104512130098232,0.549306264152518,1.0989455941091666,1.3222192165206192
scenario_6,run_8,6.677086560732287,5.862949941261444,4.721672159404867,4.249395303415154,3.093085640541103,2.511721547142709,2.980955762410345,2.915769304923161,1.950774593746836,2.0671522704087613,2.053210924175303,1.8954673820990595,2.16110550180519,1.3153592981623796,2.5614181703506627,2.905616048356465,1.6769061866458657,2.897992050073331,1.6963916498309566,1.9485013884787257,2.302172203242235,1.8914247970410147,2.063367944248045,2.200843623890824,1.7969457691602522,2.5520502251158974,2.515870030557106,2.314787736463758,2.9528922789809307,2.8398861966697138,1.6556947458060622,1.9073550996456,1.9987860288422463,1.9592974465968096,1.660401572712998,1.7979040969841376,2.2149700188458548,1.6855137363517252,2.748518367821748,2.0122350287607498,1.6556947458060622,1.9073550996456,1.9987860288422463,1.9592974465968096,1.660401572712998,1.7979040969841376,2.2149700188458548,1.6855137363517252,2.748518367821748,2.0122350287607498
scenario_6,run_9,7.915707583219957,5.500750342667877,3.423373954846376,1.0654603022912663,0.1485930087156018,0.233644462197723,0.0,0.5710066745932032,0.0,0.2003119832156382,0.1466339170652421,0.0,0.0,0.287516798799308,0.3531668530984505,0.194744197313812,0.0824074796942462,0.2892857890615625,0.3535182883908742,0.1922045947482545,0.0,0.4695444931418479,0.328364566679546,0.5171093274924697,0.2578170682082722,0.2494009561309353,0.1424110805845694,0.0,0.632319750466427,0.2254604426871915,0.0,0.3201809006547433,0.1666176780079527,0.0,0.2451199987757698,0.9135928578114856,0.7787211538893836,0.3944344298333605,0.402761791144332,0.5450977112591443,0.0,0.3201809006547433,0.1666176780079527,0.0,0.2451199987757698,0.9135928578114856,0.7787211538893836,0.3944344298333605,0.402761791144332,0.5450977112591443
scenario_6,run_10,6.082419951446703,4.642678609918103,2.809599174516415,0.4805695888524682,0.775833659237877,0.6495201986486874,0.8618107943018487,0.9978032165675575,0.5214918062020001,0.7081405523417823,0.962090793249886,0.1565037093821614,0.8734444756940036,0.8423649819703393,2.563558199775423,1.2697901205249391,0.1926302180131004,0.5741725067761483,0.8055104366891402,1.2051003345753348,0.9253149842270504,0.632571663357874,0.7964527448619222,0.8889667170369704,1.071889736462658,0.7723048714342673,1.1363961947230463,0.8324359374424235,0.7826262943001432,1.420996670254462,1.6865069071710592,1.2002145414569791,0.5289514401528299,1.2731772526176914,0.8082092028802661,0.6666258342013128,0.8042533306992639,0.940965120627751,1.0534173882697453,1.0959675774318434,1.6865069071710592,1.2002145414569791,0.5289514401528299,1.2731772526176914,0.8082092028802661,0.6666258342013128,0.8042533306992639,0.940965120627751,1.0534173882697453,1.0959675774318434
