scenario_1,run_1,6.453642013062034,7.575347609535638,4.696368805152818,3.570144660993589,3.877815800344004,4.07941447502723,4.608875775316198,5.011104690881586,5.023100733199763,4.597963747770759,4.535110425008047,4.03048634105005,3.296702170023793,3.328164451741312,2.943054565335431,3.2205351941641225,3.254617939709162,3.064695896034184,2.963746805268125,3.5093965418250948,3.1097645740221536,3.3964734473194502,2.993680309443462,2.8852998230872307,3.280817379228213,3.530455411237308,3.0830850431674097,2.763139603707873,3.178551084880432,2.890765706869223,3.525663037169051,3.0733199980400405,3.441719101789316,3.2876216989072184,3.008195803550395,3.483837534916045,2.91418356953446,3.432984595461646,3.039121734046392,3.337781609002067,3.3927506473460447,3.628938104859968,3.194528168808102,2.7228810602653377,2.89228769061679,3.400367202910997,2.998828446389438,3.7075507083032826,3.3564040796171666,3.826975051180571
scenario_1,run_2,4.20153174964666,1.2153472529413802,0.0,0.2130028986832602,0.7050262792733661,0.2814116465505915,0.0,0.4140220647218878,0.6461695378738846,0.3890540700341195,0.7830400871843896,0.3856630893941484,1.248867063246383,0.613395781952289,0.7652260505971256,0.3431042159924273,0.3784895362494287,0.4248543969387935,0.0,0.573464058544164,0.2118416216156684,0.0,0.0,0.2240991241773202,0.2000356220355566,0.0,0.373978995557252,0.8856847847259471,0.3998857606182193,0.2719875308276856,0.8090045249034521,0.2105181550248814,0.6345738571877687,0.7322202125010511,0.583865664646998,0.4625315361521632,0.2457631906436425,0.6705682723958133,0.9520160443897812,1.256450041203084,1.460655478556601,0.8429185393073603,0.1955980677188246,0.2549951257497682,0.1895420720603362,0.3814968170321441,0.2473762055460784,0.0,0.1757738028268618,1.364329358283977
scenario_1,run_3,9.814832928540904,8.637867838336387,8.065394709591564,8.120185562192841,6.396239598107183,4.983710581664095,4.98237704080754,4.8935483616413,4.860338079770058,4.85070741136297,4.831334177043754,4.959348449350975,4.822662321935596,4.935315830499787,4.825309239734866,5.057098755343184,4.8191576073459625,4.9370294395511545,4.840939359679952,4.815998555732596,4.825449941644863,5.5803022993948925,5.089375905842405,4.830549871068267,4.904229998035024,5.006782845040518,5.5766814864870495,4.998687918545069,4.914878930828998,4.9074928159109446,4.819062235073878,4.921261024672037,4.8245834017712825,5.040354491680531,4.907859782261448,4.093357128990236,3.949429436031165,2.364989987673706,0.499597146826011,0.4683302279485685,0.1790481680935461,0.5375891649751299,0.5503517725889997,0.0,0.6156713267592384,0.0,0.0,0.6320285221810298,1.704332601488329,1.6216240284671417
scenario_1,run_4,8.146928905764527,7.919058412765533,6.915295200998118,6.680956836694193,6.743559244175989,6.862565216395704,6.750878967724219,6.806537240947686,6.668507210305064,6.618121973189328,6.56917619164876,6.688867468183048,6.314138842439682,5.928183026769814,5.888618538450524,6.017169570443558,6.062863862893545,5.993831483715063,6.012504760742815,5.906204587992389,6.035320158580332,5.836100417354425,5.944543374512347,5.948397753849535,5.911506080684012,5.940644074178134,6.096161034120781,5.929972976977362,5.862952473297442,5.945935073937823,6.057708210320592,5.971324253489007,5.878652688397913,5.877127613918744,5.949118440395568,5.981221421342348,5.917834314789165,5.850019305869654,5.9133919734752025,5.810263321509655,5.894235003769717,5.908085291650396,5.980613598179412,6.219069667490011,5.964437455659786,6.101376910504317,5.841424147997532,5.862638669593609,5.9897954647113645,5.895231742103823
scenario_1,run_5,7.305857580479383,7.435914900163302,7.6345344546249745,7.506189382330385,7.339590995265818,7.2892908770318785,7.105731121683195,7.074753029635554,6.958711927247198,6.9507955407132815,6.921003495309907,6.781723889848799,6.802769194036709,6.887899662841829,6.783878360167449,6.74804999744925,6.745562858840207,6.848177540478231,6.619940941952362,4.78468967023083,0.5685502802042312,0.8179441955197614,0.375985646872078,1.0500324047164749,0.9649040704295496,0.0,0.0,0.2169219555644081,0.0,1.3484314945960758,0.815353222422614,2.048662817015129,0.5824855208781441,0.387755170119295,0.5015649662800314,2.98607544899848,0.7250115529217662,1.9839551638618207,0.940808631167053,0.4014351559802436,1.3320047818505276,1.1743973352458552,0.5591522322290287,1.9094951881470592,0.6181229327590194,0.3721912224636835,0.4012204817943455,1.4592234105141093,0.5538077324148603,0.4629529471443696
scenario_1,run_6,9.003311350932325,8.870312450895828,9.03025267650651,8.940099561636867,8.952700056762113,9.10481128175159,9.059766984908435,8.748707720781777,8.413576824639488,9.150793791348663,9.087795037470904,8.874739575568714,9.124737492103488,9.0990398216605,9.100397375587354,9.13404643791898,8.36605721335326,8.795328733291003,9.041904239325168,9.087661371241614,9.149059720716997,8.384414492289363,8.922251699952756,9.17746006512832,9.035027962224756,9.14255771422242,8.695489576486032,8.769281787076585,8.77032701257001,8.772058458564633,9.13702560122896,8.11863970015333,8.545075246863231,9.118348692273615,8.726973949871523,8.219017780778977,7.143810135631002,7.246166967079622,6.9813068582399085,6.689732816538116,5.733132200711209,2.607684814105006,2.3459843775301743,2.677551128111059,1.073013233307316,1.2781191833184398,1.8643421425452595,0.8622154652014794,1.3271110242337305,1.4129099183113758
scenario_1,run_7,5.97265673951342,4.0199443625616045,2.943415164904401,2.9982288583536145,2.204055695250113,2.037558424486265,2.2342998412576582,2.683624302500129,2.334147055505208,2.522350387530463,2.151191301962231,2.125498136656244,1.954853604507275,2.251051189879761,2.1008440857871595,2.055178999693105,2.1528046344388803,2.3953889188160784,2.164183570225126,1.9817105910322272,2.425975423320886,1.9845804110935088,1.8398172039947032,3.0521927428004902,3.1175976481205843,3.203915831469541,3.512359164621336,3.055650887566144,3.189257989005007,3.46449322096759,3.916056383101515,3.070805174941256,2.8085986222847925,3.576690043525428,3.010277599603645,3.688977363171971,2.8735041200164813,3.1889929092741864,3.9481600787365614,3.207971822832933,3.541744278018624,3.163074068542876,3.3221405005948377,3.6861019696050783,2.780459553716403,4.146534068593676,3.019471699847565,2.9894001969459163,4.043494007455605,4.159196911082093
scenario_1,run_8,6.208493732792262,6.513669126956327,7.124727725696657,7.376871053858149,7.1717038231338766,5.28538743229633,4.0642015221729375,4.520432684680825,4.331063504047295,2.7761228806157066,0.762295078661961,1.5512572455336808,0.3607569217035827,1.1065300252139454,0.1884318059864785,0.2724065110973862,0.3487796846666175,0.0,1.184725011841543,0.0,0.0,1.4129217885109706,1.6891011887059508,1.6652634536919884,0.2480027635462954,0.0,0.0,0.4228559885718372,0.0,0.5338016251980353,0.0,0.4416626252673937,0.1763622150774328,0.7174226953376934,0.511115317384401,0.5703113733801997,0.2614672504532053,0.0,0.0,0.2110253018665101,0.0,0.0,0.350117315095559,0.3617699174644921,0.2121616480553391,0.2726075636638123,0.4187639554627723,0.0,0.0,0.9620150217096076
scenario_1,run_9,5.4766161500686135,7.320284756983506,6.753731616770831,6.673143953383013,6.014777763302713,5.226578143921188,5.035418129514166,4.894289975409104,4.906166804959993,4.898351052841664,5.078195245753816,4.927230386012624,4.938726198305432,5.770092475225855,5.013754964827629,4.905948142278461,4.903693520675827,4.922466337543556,4.902032496460795,5.218824908598235,5.009076048025798,4.947918018377324,4.993259876252922,4.877602881033156,5.001583236664912,4.920483260006096,4.872224229289815,4.86305281586019,3.021334833388347,2.166454973637386,1.5184345990053312,0.4492551139426591,0.6550320733174051,0.0,1.0338982572799271,0.4845973462295105,0.0,1.4863110035033378,0.5055928674399859,0.2375132954218591,0.5135809247417751,0.6550427364197311,0.9651164852125298,0.3508691728662569,0.3842868442174152,0.2217176734148742,0.7896845742251015,0.3435518230155631,0.2708013765886962,0.3570264180714846
scenario_1,run_10,7.483031844403678,7.420767969797209,7.0781102557337805,6.072406776574862,3.5045665436191618,0.4635109299730244,0.349109942693094,0.0,0.0,0.0,0.0,0.3343843113119132,0.2135121544302315,0.4254579883984696,0.0,0.5665554334928453,0.5644918393506803,0.7455539693226372,0.2266846347483389,0.4847292528359513,0.0,0.5952471022769142,0.5409617914673213,0.4386191197552864,0.0,0.7681962916082836,0.7237604851261067,0.3437570248453048,0.3849305179156557,0.5516309028785009,0.6039121122786397,0.3692937788464432,0.6374167678580237,0.9446821650461484,0.2970108236989696,0.2406494599837234,0.4875292011875439,0.3542401611108852,0.18387578635373,0.5299864255486231,0.5262310832343351,0.5379092396439435,0.236947868969665,1.1130251453430131,0.3593357182380822,1.276664291458923,0.1764831831826837,0.7070282993877022,0.3435393199938812,0.6972386611488779
scenario_2,run_1,18.133860608622133,10.689182205615271,11.653172879384408,9.734058496053429,7.529428462442292,7.448821956986788,7.1925263101259045,6.286515113864302,6.640795647922805,5.201555493495933,3.250189692053511,3.9835372544640593,2.998793177979023,2.7775170586656057,3.428359831803218,1.5117451435343716,2.468845569319026,2.481288668465642,2.476551575274026,1.721588361640792,2.0716558480338394,1.5665931343501724,3.232563656352001,3.102372745948828,3.953332503908115,5.070344985139128,3.3964140000852723,1.4311644161630368,2.3179881257266044,1.7358844239913196,0.2878931130107637,1.489510942272084,1.8276744505805025,3.142752030866868,3.5777393859756947,4.035090358580973,2.3129037049938304,3.403798627837405,2.751271975016003,2.168803733093619,1.3031401780975207,0.4186005560545663,2.583574651128646,1.0289070638479485,0.6784053906161227,1.2501849220411467,3.0781740246311404,1.1430986170591793,1.433793775855691,2.570181201195468
scenario_2,run_2,4.782528294834419,4.937087499921448,4.782466090451679,4.77827675213441,3.971212357884276,3.972795776611579,3.972013781883148,4.771278643517207,3.968152183319939,3.9663489380004,3.964363480046155,3.965548573103219,4.770095017536823,6.371884310999549,3.96612251593901,3.9652224578134345,4.766873796823642,4.766750785885901,3.965177377520232,3.9647736834334166,3.966236314004946,3.969180608638593,3.966877257769082,3.965699357431695,3.950377853625235,3.763373613534233,4.569885155284473,4.576621499546259,4.492267566466885,4.470151111097007,3.682344383091081,4.494895077125406,3.669874773379513,4.490768973122546,3.6882139398876665,3.671040348663,4.505850697888804,4.287192169851597,4.299506565866094,4.238565048246281,4.152319945337672,3.294017739949273,3.310198977120128,4.887210953029699,3.2621424715035374,4.101121830030031,5.749185218031167,3.2840294399660266,4.1052791000923055,5.745067608358246
scenario_2,run_3,12.608235990854537,6.531895860636778,3.5632447494276134,3.478049949894148,3.960651437085383,2.488155904038764,2.645074933987252,2.543759728214398,2.510030610041072,2.5368554430475805,3.537675662718672,2.381213330251886,2.3903210224978566,2.6366883894362028,2.431917779878894,2.43293153825629,3.246150616326817,2.32156422597988,2.1671169350076367,2.5916534568411795,2.12989446678937,2.769895536615977,2.404271233170612,2.807797430339685,2.1593504604376497,3.0269128520432287,2.2351946639892626,3.1085958572793007,2.014193578704996,2.1381288349115337,2.052812818102302,2.007954196564878,2.471759552317438,2.006798401192701,2.0516183488133546,2.1957695003750257,2.162439874386853,2.915364958443388,2.2564786293606898,3.300341598833058,3.0127591256374613,2.974549755681652,3.2091769451851464,2.2909838141839693,2.099580737385096,2.3705373314390585,3.249980770885877,3.038871284902383,2.0726741023781616,2.235446044291459
scenario_2,run_4,9.72808047599723,8.888324349757657,7.967532830302547,7.500329329223959,6.110883212262507,6.897638113133965,5.706667058498342,4.822638103766583,4.636444101191686,4.054670436235602,2.61333308683962,2.31678729704483,2.12882230016588,2.1073806778422988,3.125937111153182,1.7256411257302573,2.013560857642541,0.7185876649877476,0.9520083268054428,1.4264312009927922,0.6008525130352627,0.4171742477237367,0.7329829227695948,1.5100221261572009,0.9220104708769437,1.9750452618887395,3.90856040834016,2.705090261281754,1.442282124465584,0.9645738409660526,0.9396230768154928,1.2333692772482436,0.5288004931353899,3.333259830985768,3.39304941505672,0.9052709031987468,1.2434770328794464,2.397210548684563,1.7126401256685846,1.7569011633719658,0.3952260682858646,2.8760143486552057,1.7089756424376668,1.0403434437440082,0.828568989285948,1.9033676307384464,1.0119914189601185,1.6793392631871835,1.3958971756640406,1.751176798002313
scenario_2,run_5,4.784934963589691,6.317853150557435,5.630077271912294,5.545207932688369,4.985480766036418,4.825110803227509,5.183788811454248,4.720249737788267,4.733043332956636,3.000094355581614,4.603515702524068,2.6525387936598674,3.420031916150351,2.4403417006706705,3.360644679883449,2.315789273184336,3.9661632616228752,3.0554667697180937,3.0940493492418955,1.9764921748756508,3.795750501405772,3.932732761766308,4.624555178513495,2.7413942403266964,1.6684721060297705,3.378673494115863,1.834331342914856,1.6924842270574274,3.9296187337950337,2.4105202520774047,2.3781575388458807,2.107171143166605,3.713747218635569,1.3173913187112347,2.738970975045208,2.555702688320125,2.748406843862326,3.1602534453393183,2.476696676079725,4.249481651360272,4.890345002893531,7.098602239821444,4.052190801713459,4.727806130685035,3.8898382773752,4.270978724828142,3.346516118031593,4.393205780539651,4.982814268964436,3.816961123801073
scenario_2,run_6,20.0,20.0,20.0,15.041820742354693,7.46340289271064,8.46938572579314,7.729463809397112,7.154576358103968,6.944152015419324,7.367366182430341,7.718333930425963,7.081461271840292,7.052081110997477,6.206139062664935,5.777773364905751,5.691426271453198,5.9280118854437145,4.437850193857896,3.986928394762935,4.551073502566063,4.275970825685813,3.3634569464937307,3.3388877896186555,4.267842699899429,3.333686743998549,3.696558251288388,3.366282230083793,4.146495918478329,3.074572845572988,3.100332066458782,3.1203413471711308,3.290307770007173,2.999327604339406,3.261444876457253,2.9396201717951262,3.014678552838526,3.094598905272353,3.1179384594126685,3.742847632816317,2.711108689247152,3.8549932335526633,2.7545076072464445,2.8918060160897885,3.0015599736417906,2.820836232590003,2.88433014676039,2.796174794089997,2.767384825634152,2.827671008814953,2.97449378385896
scenario_2,run_7,3.989480093524005,2.5345568107326053,1.0749764079660198,0.5437273372950292,1.7329525727660249,0.9163418149546728,1.5991928257884889,0.7408008401641736,1.0444038820489934,1.3352748322701586,0.2314141193753805,0.8929303520677646,1.4538444439964906,1.141633114033722,0.8976096385361089,1.6260502190740869,1.4266457367118492,0.6450021718833014,2.6780652019424163,0.7320205245393143,1.0832231837380255,0.6318667884257436,0.9423417655785272,0.7028003004066042,0.2941318485416213,1.486032186214032,0.7277956725210544,0.2535207764759964,1.4000206140753175,0.114730804465932,1.2849642342275376,0.6980125830204491,1.07522312867388,0.4117373619841578,0.6270642594238849,1.4760032157010226,0.4036223469274985,2.7557500712422818,2.925121977692808,0.726527839711588,0.4456057663768632,1.9956335075333471,1.6615506028673337,1.3663661455868394,1.3398006849827888,1.6806203335763918,0.9675049674723832,0.9604533135130772,0.0754632333450731,1.834068062710888
scenario_2,run_8,20.0,20.0,20.0,20.0,20.0,15.990878931034018,5.566797360545165,3.963048956795114,5.466702561942124,5.41734812032958,5.387508098530923,4.628839951061787,5.772275592422245,4.9111792368683815,4.014801035876049,6.561688919087271,4.866588699797381,3.909935957506725,3.935580025511449,6.305083556544239,4.581400960717197,6.348064705641994,6.261532796997132,7.142148992805369,6.095412142645382,6.957855679431728,5.392937512257307,4.669829200218461,4.599110992777747,4.37430777892981,6.104843890583354,5.089836881395256,6.076671495294599,4.499032582885816,5.262053828886773,4.535858515335041,4.311224420762907,5.1749091516104055,6.234534951562607,6.274541436664551,6.993679130933283,5.407034682949195,6.944141333162132,5.64389809523801,6.041398649249301,4.597045173861231,2.7990063263098603,7.334696747658313,7.118947073496417,5.553035947791633
scenario_2,run_9,9.637091865265765,4.786247264039881,5.590528598763968,5.592554949544778,5.594007731901455,4.793641270574201,5.627737115273463,3.982899374755354,4.780604790771002,6.383080567303523,4.781040629251608,4.780131294409911,4.776607398197264,4.769950075072105,4.767816142440308,3.9648582478125656,3.966195713958198,5.567827705386132,5.568363680928006,4.767617188775384,4.766435745546126,3.963487023191086,4.765976090254879,3.9639123279097896,3.98038228535338,5.566997102163951,4.76523988963661,4.765951101704446,5.568287480843779,7.972854077152405,5.568648192760139,4.766499697643718,6.36946970224534,3.964260420357185,6.35966154305425,4.705138551971942,3.632344599086693,3.395606684322372,3.4020475199624456,2.659288814592218,3.3832755020189595,2.5513803843337657,3.549646058601424,2.71695178411993,2.87729435018886,3.546943695478768,3.4940317014466062,2.6399742005032865,3.039186570265887,2.592241532080662
scenario_2,run_10,3.984754306494058,3.97939082546313,3.977519656361705,3.984354251517554,3.9855951280225375,3.9859206935353257,5.762582690708049,5.582984744051499,4.781669571474294,3.978216661698332,3.97530042754588,3.973671256344137,4.775369455645132,3.9696929033373953,3.968803194877968,3.964707446762948,3.963847688663999,3.968728263938429,3.962780783785965,3.959631040591455,3.962914784569559,3.969620040078429,4.773336727550613,3.9718292407235,4.771254646898518,3.968481484437533,3.969171973030158,3.96880629400518,4.76622122842336,3.964201809379445,3.99729505340708,3.967972285100721,4.76907751485397,4.767981104511253,3.965373047898288,5.564814131187151,3.954124092589956,3.968376438634086,5.569606118727675,3.966078327822128,4.755619102577175,3.967795335154245,4.7686092280231085,4.768659932461433,3.966979476064984,4.768404532844487,4.768101286502473,4.768288235717008,3.966616031964218,3.966090781767241
scenario_3,run_1,9.42773354084776,9.20393227703651,9.521047091001538,8.041528188376503,7.538235385445548,5.22116722210922,5.285860999864883,4.766509751453271,3.6858795949880223,4.627038140665409,4.855803523507387,4.063800056950545,3.261970121759151,2.5793399351475026,2.1075239991396835,3.7257121340249526,2.774474043946693,4.071408354681328,3.646913772208724,2.933522196009153,3.2854378191821696,1.969548211421862,1.834753002374493,4.715347161102057,2.6723751986442315,2.487249994101433,2.7879624571760946,4.352405399192407,2.052810318555886,5.1368903750148105,3.169625381234646,2.108349167491919,3.282707481892585,1.911760765753884,2.813741545619368,3.626286565527657,1.8569997471806183,3.412282284733858,4.902909264787602,4.195934224066583,2.194292344867219,2.720480366114756,2.3628218163715493,3.803757815643876,2.6404497858841087,3.441544057076394,3.749884711397403,1.781799351933712,2.4059385962534785,2.930183485138432
scenario_3,run_2,10.427863573806022,7.477533500863376,6.312267545193234,6.343085347314611,6.255890330180622,6.265412111770954,6.258360242718519,6.166489046986721,5.281758785920218,5.952961699890202,5.158204369310299,4.98666809765807,4.882945605862672,4.8742853809481925,5.20273783776844,5.804968395618753,4.876788027503557,4.873194209356215,5.802113891315004,5.044897978161101,5.786099814745519,5.2374570254206585,5.623556787301874,5.228952336920901,5.030012826502876,5.767140162493037,5.0576223753423415,5.592744373656485,6.3451363374777054,5.713733655956885,5.600800478897503,6.3447453996395184,4.832048364484617,5.590959000723988,5.634343397997598,4.811013568266164,4.844736722871173,5.8911353294364455,6.494666175412664,5.596598455526596,5.591852731568656,7.901387419060069,5.003195168317937,4.820668526017245,4.853660677693259,5.582372505641239,6.359338838867837,5.559804882504508,5.775798624660076,4.843947914894786
scenario_3,run_3,6.934458580270366,6.6351306560971866,7.466666847769686,6.342535023321375,6.161097232978934,6.127335436358238,6.125511415681992,6.200355918543838,6.142284553198788,6.121856266318657,6.067780548258893,6.063003993090591,6.082194942084187,6.046908912903264,6.06694538517141,6.032009903929568,5.996577310209416,6.0605206671263305,4.97017546288494,4.920958571565011,4.902460237341159,5.007184178430569,5.096126308770449,4.8367255789588,5.66350216885094,5.00303535317938,5.696733799344142,4.991726755776044,5.7475880951985,4.870154519234753,5.026401634998839,5.011752262170125,4.962752605017721,4.851527914957799,4.914449286315174,4.902197057349552,4.8535713815213,4.8493897857883566,4.912206268314124,4.99519396348429,4.910284366995886,4.855990555009187,4.898798103555562,5.661520853655303,4.85520394223155,4.858526139280509,4.906755694400943,4.940243735044205,4.832736819612879,4.911211564215501
scenario_3,run_4,6.113475939776199,6.181063446238014,6.186389027833554,6.17927769184911,6.295508362601986,6.201995570268524,6.229168298733278,6.876746413067326,6.879838806203035,6.1924298786788645,6.20786861530424,6.188735908799769,6.199949166539048,6.193974557138584,6.19444842053348,6.218257950775636,6.211452347514094,6.191740959761399,6.193644001605261,6.189300710897251,6.188657308420365,6.194236586528273,6.204218010613807,6.1869045920794505,6.209716944916845,6.186339909119939,6.21678224082242,6.22363184571392,6.210980525094383,6.209675703602459,6.194249674318586,6.209992927950057,6.222352259744392,6.2436406624455145,6.1945007549059685,6.196103400093062,6.211656327077605,6.881263119418247,6.186604581232627,6.20608058901969,6.190803283598156,6.190869194901677,6.21806346450093,6.188899285892669,6.892738055071544,6.235828683906944,6.205488675075607,6.205558590596479,6.239322959046694,6.200713612688213
scenario_3,run_5,7.2275373990828,7.114422385903813,6.954925788517443,6.940579805392126,6.070716706759378,6.454785870461907,6.0085277411177485,5.018981809948587,6.514156362229599,5.002295722786025,5.028041999756852,4.966305741593724,4.932434237641985,5.64675475289846,4.8854849055541205,5.621670160509554,4.826964037707159,4.837824782186865,4.683310764934433,4.5833843262155805,5.258913088208015,5.379113600308353,6.919899831493092,5.322089292713798,4.739197282877797,4.5338280492950975,5.235863519987099,4.484651916115762,4.359713836733918,5.357552494972257,4.636152056755462,5.404254465071839,6.835827955246524,5.924936726175768,4.564200960313231,4.611364615481407,4.463042264671339,5.372235696599429,6.04263555514256,4.540673433995145,5.438624129758511,5.292192350651684,4.605533645088987,4.613602809046126,4.671496903274516,5.188178348766323,5.382675880047746,4.521681178090516,5.331075726709683,4.572328413344304
scenario_3,run_6,11.644218338982771,5.094312607788681,5.85937754220198,3.983746206421378,3.824820193295144,4.286059891006137,4.397924553638316,4.663373357000553,3.69719635616961,3.5812160173830376,3.433085341011548,3.9316201348746382,4.625740946994772,3.998655498236662,4.981606389128729,4.41795263697969,3.458116235908436,4.7297519200455485,5.233372656190796,4.728826676410014,4.581657459828,5.1929624130526495,3.6894783125407296,4.6418406059750925,3.964562282395177,3.980754737376905,4.7149980685465005,3.967758554303594,5.341764156586818,4.36287513322636,3.9924683918350254,4.681535156157059,4.36584554806422,6.104170994228883,4.448819419365213,5.467473327696678,3.612118151719028,4.753217148055902,4.614425243051854,4.502205658477057,3.5921495346382573,4.511531095117749,3.505466372415552,4.441260996815776,3.4270525951980844,3.79466983152976,3.484559371535732,3.937273333236355,5.252614681206321,4.09504710440122
scenario_3,run_7,6.897268035208278,6.248708365130902,5.223719119781245,5.008824391637183,5.008829644970865,4.904301094882216,4.447163223571073,5.646357271489256,4.942474428138466,4.875180900407652,5.0487428728116015,5.007406917576428,3.493374058584209,3.463937719443661,3.5347409024785192,3.670052354536279,3.8476811463473823,3.7779180547016766,3.973182446429044,3.781335029536104,3.5790450795196747,3.8759491115811486,3.4646179220953286,3.580374191843043,4.092004154796163,3.663849356956197,4.470763958174463,3.550116994549557,3.7614521235029073,3.77759222902651,3.1555972316468663,3.760655000455823,3.901401725561232,3.407881848308463,3.145138549541332,3.5323069618501544,3.240704817838348,3.59395453547111,3.700390539258666,3.5743094686464354,3.914469562632729,3.714632278929989,3.5127768556379046,3.45988404497823,3.78711346936021,3.745087313388557,4.069638913074785,3.645827893326218,3.9859082432163007,3.994910600176651
scenario_3,run_8,7.99106735278937,8.04001637385799,8.00250448790244,7.970116789403126,7.906634176770234,9.785635041398006,5.191760591455431,4.405845108815531,4.16140357266065,3.2834485653645844,3.2533665810594874,4.100357835237828,4.1495945078694,5.095734760411025,3.3467759785839464,3.268903390718536,4.091316649385928,5.863084462567145,3.36855740120908,3.27249743914214,5.76502834983906,4.088454730652258,7.718485791798519,4.159686467183734,3.2483735832357525,5.867275383348495,5.767297179933208,3.249705220503504,6.648689804270208,4.924976305342824,3.249615008768508,5.779447535319862,7.438791362902295,5.764063264860441,3.252808900719277,5.8014469584806765,5.005879802804376,4.0869692704864,4.169808094568131,3.2779877782217346,4.097902441068795,7.435346608797642,5.0035947527255455,4.939140790919192,4.925386861096611,6.607438841266715,4.110946482101668,4.1630053675498,4.082118685582784,9.269264307645711
scenario_3,run_9,9.948209724095744,9.886803882564733,8.028987921797192,6.931563560261854,6.290672964462862,6.326896410097316,8.350024525499036,6.059491417804831,6.057414082822094,6.854602413463813,6.053490612482666,6.829587211373346,6.344292858326073,7.443583738701696,6.153938103626404,7.593371233471716,6.198442029458155,6.143341587111696,6.798475757549831,6.1186696402984735,6.1019704763475096,6.79208120662499,6.084281822369229,5.337404363286664,4.486201378173397,4.694624531866406,5.378704429235025,4.878650323234855,4.715597882902058,4.355368288464378,5.01434786158694,5.678220493168152,5.562081121725838,4.621621579691129,4.990142007377941,5.072864714070414,5.858706792751149,4.994654834955679,5.712185357604314,5.726969529867705,4.190110712065048,4.918280194555666,5.004199575672568,5.475911828662314,5.889647041558292,5.568824504525729,4.652472954280795,5.038243527521525,4.832313797096515,4.789047543482406
scenario_3,run_10,7.741210825407,7.668716750187751,8.124841153647804,6.085033330677312,4.168843610734401,4.850890026222094,3.842830506994365,3.1870000208638567,3.242331438055185,2.329186305858184,4.727999564318187,3.32892779118515,2.057753093735708,3.2844503412981867,3.197977678781949,4.781247161958054,0.7986518201953414,1.0748068543658975,0.756417501705761,2.219753971479036,4.307236935321856,0.6596279759029238,1.0808205578245784,2.8695484557718225,3.3857605169784186,2.5388697358001564,1.5493487672445594,2.8939561721197355,1.253693161048808,3.741546480378896,1.6428774909180852,1.3758366194013607,1.2873303270432577,3.306259436694159,0.469639738122769,1.8611624896726569,1.5107491178363857,1.182344522877535,4.524952743857178,4.088219662061482,2.4191845323555308,3.340223688505233,1.1095280853610745,1.9155166183029773,3.200748071850312,2.138546389161553,2.0530843286374774,1.3107350867722345,1.836588338445992,3.662950421969666
scenario_4,run_1,6.024314681092649,6.541500055086866,6.58143204948677,7.348554308754835,7.417282653360274,7.238084021108738,7.081351391090964,7.069835105247023,6.3665515619882695,5.679975083616802,5.609560383543625,4.965265823658924,4.953189758270798,5.605731137109841,6.380307874185534,6.421601507412528,6.389653877894201,6.41890372182254,5.627986675499806,5.638152278507263,4.89496223969209,4.905802720819695,4.874214596049296,4.884247744756728,5.636561680355283,5.658873728229016,5.631161652048407,5.635022151803003,4.897301262935207,4.915862492742348,4.880063545945785,5.6218556359990135,6.384032564300319,4.856497883712812,4.862032448616263,5.619087758799649,6.388117961622972,5.62675552446103,4.868543246296236,5.642567175145885,4.855317182587623,6.404111951214287,4.870129957923764,5.630613697664505,5.624236359739553,5.646493207795087,5.625098452492132,4.868457032659424,5.6239034439449975,4.865859674584808
scenario_4,run_2,2.9852062579631613,3.539932371066384,3.099955235226006,2.352001467607588,2.48291185470202,2.283554889045555,2.476222225871518,2.4947828386271302,2.35928484945081,2.117934248713832,2.4653837531387413,2.31059941207124,2.7296283219175645,2.6783175367794807,2.7680106187651328,2.971615457390256,2.5272432137130973,2.483604283026651,2.7125752458890573,2.348611074784647,2.305096926853424,2.726786310259369,2.237621003901913,2.5637785980255057,2.5270490448655982,2.111138770174496,2.0320196509265456,2.942497061530022,2.2892051713555426,2.2442418412634857,3.4381718735466658,2.866389598087911,2.9176136731769176,2.532377776757209,2.670270388512628,2.508518687037082,2.391353804869616,2.2271721626621206,2.837693782289302,2.227357266190711,2.4885911310283384,2.422778972584383,2.5876036645968234,2.438045695108596,2.4613435257499345,2.5647430656442256,2.442080141062273,2.58778828361112,2.490282959887872,2.254798758165614
scenario_4,run_3,2.7084031297120976,1.91713635668533,3.077831757638619,2.3263169068003484,3.392612108904809,3.1991709628245992,3.271952161324124,4.282078157560129,2.2019122341762865,2.825604112888164,2.197657254315775,2.578591244981686,0.6054292965763693,1.8810394515745883,1.299325186826974,0.7130938568755262,1.0171220808867203,3.024139165261233,1.6124140936556146,0.5736225859246545,0.6560654854091841,0.5756958512661337,1.3125132875552197,1.6415078691824636,1.5838456973864228,0.6997077975861365,2.8698008288638035,1.553521832291922,1.6329953958535803,1.53520007760376,1.7259255710867845,0.958347708286915,0.6580369710523494,0.4382662384685575,1.1955671882910406,0.8857393270923293,0.760405254053776,0.685998578276456,1.3782460204615012,2.086874648849024,1.3264143296361477,1.2504898877378468,1.6628049910407183,1.0151156958723908,1.5039721548204108,1.2276574873277772,1.809698110283768,2.2027987462906937,0.8988641639074494,1.4623582426596584
scenario_4,run_4,9.475465254942534,6.3847134510354415,7.073403362902115,6.634155382513602,8.6587383221453,7.202390997961378,8.817898824655241,9.54861320773564,6.703299628273283,7.390416240889621,8.764127799122157,5.191536926323877,6.608001804872465,5.939052951256079,5.961473565975355,6.640442600725544,7.321653144052165,7.259185189369724,7.995963947284591,5.2262284946291,5.445155460111467,4.964168573031178,3.6885752876917337,4.6990941113771,4.010557046141696,4.811325755701178,4.686281543089717,4.546971768364187,4.052256981998753,3.939724771486365,4.745030979583566,4.754173712927919,4.71924117899139,4.867839773334718,6.409375663355801,3.887811789338346,6.185241759106047,4.560370018503897,5.478992676381713,7.1103629383274525,5.612883390842571,4.7308380088786,6.339966711892691,4.792626650695544,3.998522086606672,4.544240663865176,4.65459059544796,4.053057582506838,5.050332278796125,3.990407387629781
scenario_4,run_5,9.54954308964513,8.103437004709956,5.095716608467218,3.706592556131175,3.584807388036855,3.588935828663326,3.5871109777311987,3.49399313988386,3.5055536730790804,3.5740526518518925,3.3314351868300216,3.249676104506604,3.1654980773508568,3.946692376679612,3.257867625613039,3.141720149316074,3.2170099466740694,3.3049010264876104,3.1491000560255418,3.276536343289415,3.204311078989152,3.4133856985388364,3.265326292929673,3.439603266595067,3.218351969495012,3.152740707176348,3.896191738438369,3.9041813131378142,3.234122566392068,3.499302602749735,3.2384172023247246,3.466178299465105,3.497506302775674,3.151817643128205,3.2753299016886315,3.3803815235893446,3.235409032892634,3.445975427729691,3.4162489287610547,3.513107939313629,4.499727842255729,3.5515148155461915,3.125357264262205,3.072516358699963,3.3112671945440413,3.312301118282734,3.5593313017207,3.426084495950504,3.425083427472147,4.043239706661885
scenario_4,run_6,7.452879388790936,7.399671849277878,7.398305727299541,7.409769869652115,6.554046478348766,5.909296684685769,6.690326791475998,6.000269674425903,7.25855991080591,6.629758917334425,6.612340751648605,8.021241923625922,6.703064502384352,6.70577265488545,7.334422303033298,5.918448159472944,6.614493090607686,6.692196875009726,6.623958965285996,5.892990572768565,6.622721434680381,5.904233148401118,5.890585525800843,5.965549321576892,6.5885422716578415,6.578963067151056,6.5174677512101455,5.877048347747966,6.660050649295549,5.8811876098083165,6.578963067151056,7.285160090096115,5.890935394255514,5.453376846166046,5.439759087788262,5.472134257439056,4.682106917599429,5.517806271943764,5.456369149942718,6.230857229466627,4.808392560198877,4.742373053098717,6.180084226188924,4.739291201787673,4.651494034186905,4.641037562556224,4.6098566514417465,5.396140409237709,4.623750305390239,4.7253055898681895
scenario_4,run_7,7.792060821855427,5.725166185308487,6.635075341496618,6.582332815353183,5.767921001075783,6.438596110283915,6.496949364687794,5.868657667073073,8.079097523686073,5.3390179889128575,5.194285527475589,6.667717620951699,5.102044352243563,5.135402298605412,5.812582764258859,5.179229341183902,5.8648642581363815,6.569844845381387,6.595363446689504,5.104269168276249,5.840716397928373,6.604600335328648,5.805913164851846,6.582225630457506,6.553325966628728,5.184789630374822,5.813535369601733,5.810172170905032,5.851948263591115,5.811157509661122,5.049504738767434,5.805032492502803,5.818041500109167,6.531021568601867,5.759712539404353,5.661482422869527,4.924330537610507,4.898854449292089,5.658686220251582,5.644604744106214,5.645308712603994,4.898143419818103,6.397162777200162,6.402444538301131,5.662957522171535,4.922426111092431,4.905767939120407,5.678925620024235,4.909147424252045,6.4091862987697
scenario_4,run_8,4.72841028745245,4.955741466234626,4.567861770211935,3.660939867465271,6.063673054366925,6.0882567840363055,5.5360721662390535,5.520411775369291,5.201993124542912,5.3921490279874105,5.006370557532148,4.963957549343038,4.941544548238495,4.644049423263489,4.28190464349329,4.070013709874617,4.537803489344685,3.4199334565957136,3.4289492072155694,3.440568430697349,3.37447005765679,3.575514961702185,3.3510206619516163,4.037746393558613,3.1844165896440004,3.190120964423089,3.097367408478152,2.992030765347901,2.930544943879441,2.9706892896930954,2.924436422564402,2.956448944111473,3.659372689559095,2.666258430657349,2.804815380384425,2.6286229708338733,3.2775814638764773,2.4490243660416064,2.1188739985923903,3.080246948790748,2.2223152014608027,2.026477114633595,2.5033265918838428,2.1499318426794263,2.6438999011347435,3.538880334160185,1.989943469865072,2.347146022991134,2.5069088397409978,2.318120850027641
scenario_4,run_9,9.22150216137612,6.91940531986925,1.8051379855956764,1.1737710485444703,0.8430104481157257,0.0,0.8117848537693367,1.2340077805051142,0.4101961060560128,0.6618406481909929,0.4957830074375834,0.1757879102240926,0.9026899805759352,0.5147738752953022,1.1320969645374472,1.646634934419739,0.1606277310230904,1.777898778798317,1.179113821717441,1.0718180734348777,1.2114480232308158,0.8516154748081826,1.1217270384053664,1.22183468551116,1.2025239503131906,0.9230335879899804,1.0876128459036964,1.2390955002719686,0.6133283449585514,0.4818136640637528,2.4518142111578443,1.4529227010532846,1.121235347794456,0.7211803653866089,0.9067954577989584,0.826934293521904,1.9139470024532188,0.5323950894005748,0.4140431952881623,0.6526660385147328,1.16392964775283,1.3045104810466033,1.009429416673448,0.8768448509383964,0.5799643217001702,0.2458279337426436,1.0669875940702334,1.4756305027593035,0.9195015602213013,0.9991349993721488
scenario_4,run_10,3.712403489753516,3.5874182681998583,3.605428433260793,3.603479138550246,3.602891319944866,3.789983673682516,3.788940840930533,3.710114519618671,4.420871425004048,3.5875581378735126,3.854830951777611,3.657529294179896,4.736027857530887,3.571260532664946,3.803260619172173,3.6680248522891374,3.5665457584030165,3.564699442487926,3.5643063334234504,3.5790768657142493,3.665599301662024,3.7926045516715896,3.661478489886457,3.5678088498301235,4.500054920463628,3.6985661170144986,3.561682805900559,3.560320488826904,3.79879211955858,3.766585954303101,3.5661378646741326,3.563268483110181,3.883895449413449,4.607174505282458,3.698767210697671,6.04724428589452,3.565207045176251,3.9468900760969614,3.933688504799663,4.385750789801889,4.484643821350811,5.347246263406181,3.606173345044475,5.320158285495484,3.8621916551445774,3.690232115123088,3.65781924144527,3.560236252662355,4.392830967481705,3.5699683305725074
scenario_5,run_1,9.14690355589647,9.039600829051484,9.080624705154094,9.126598899897768,9.087097766328393,8.338663347272501,7.579483594947336,8.747141755874026,6.850267417279376,4.712481726645306,6.329724581112982,3.9343258187992207,4.010626822002365,4.086113349446223,5.0692397420965465,4.7045378485944,4.181848762349784,4.191205090011845,4.688781325633114,1.8905566013876285,2.561471907982455,2.539127931850468,0.7389848935939829,0.1590997363725894,0.3470030267773031,3.069574029379585,0.5638952311541502,3.921326915484853,2.3081537557349976,2.475146690193024,2.131797918347804,4.0,2.3418846677018195,3.1988168942826727,1.9679185596654432,1.0,2.234305573927588,1.5333011794525675,3.529486705551073,1.7723827804010153,2.150742686523426,0.8385903512892252,1.0418125116293226,1.351111715428326,1.4288465263620822,0.6075746925015802,1.4294347158953813,2.243769549048379,1.914335424206592,1.8459194653445583
scenario_5,run_2,20.0,20.0,20.0,20.0,16.68036649208169,7.363909663921906,6.627322575979349,6.144464888311083,6.514369758548469,5.818238595923178,7.06066772545056,6.9368884574395935,7.201154179361015,6.808155994236877,7.174671174674406,4.73323469392336,4.499665644441336,5.62811550074928,6.377293513241606,4.688095276239367,5.275089769957706,4.611999456281397,4.928164297510197,5.458441073275509,5.877807826678351,5.198595880723696,6.71258848761845,6.568522317219856,5.120480025996435,7.93143434777235,5.91495944426218,5.688496732034674,4.8521600195774734,6.5689384201425725,6.492245534284069,6.001559308534405,7.324574309879947,6.665015859061657,6.41597752978397,5.857069014250783,5.25032544023099,5.271448515232336,5.900746222994596,4.97194362118633,5.4777296701518505,5.724231632384078,5.6333429468458105,4.616939912772283,4.774212735918406,4.979785919438461
scenario_5,run_3,20.0,20.0,20.0,20.0,20.0,17.42945329309737,4.28623671483855,4.258606955067316,2.3146437216243507,3.109732063720096,3.2670422124926004,4.80832089427523,1.8683668525203088,2.996662577922462,1.0457593315007103,3.669624671533553,1.6682881098807478,2.1095097017458464,0.3260878289702071,1.0,1.8651952036016897,1.6167444048106272,2.326118261127707,4.398917476548895,1.7632845622861093,1.2940899632753375,1.493617170781837,1.0,1.0,3.1302092121685106,0.0,1.1489626573633651,0.110252855943953,1.7732636194654685,0.1926737234563459,2.304532886213798,0.6268521564510855,0.6522386162798894,0.4147785504533335,0.5708159476677503,0.4071750320275937,2.7349756355270656,0.5940992917928558,2.3140324792453137,2.638225381124971,2.289832310657664,0.0783186906518318,0.4613670792223587,2.321086399090696,1.2201566174952212
scenario_5,run_4,5.041246248991984,6.191723019846156,6.671665094993891,8.193475790572455,8.073481741227935,6.00475256585339,5.320488260301186,5.038822738730528,4.936138131761141,5.282098889679096,4.800852140546783,4.850973366053997,4.796122269383657,4.796758556922413,4.930251687220295,4.926633958643576,4.915582808918513,5.169031138117734,4.790460641322008,5.028091307318912,4.9290175982738,5.032663198891837,5.022214786444469,4.795335574395288,4.823484958506596,5.045507557330696,4.790066332677668,4.7889605068322245,4.795449450325736,4.8966344474608,4.811668356737789,4.782908856420084,4.784681907793967,5.188089413624466,4.894982144710321,4.791901317330909,4.89813780826256,4.789529205998375,4.908051541997512,4.788441929607446,4.803476223846329,4.883968951461633,4.788268255398149,4.784297804687576,4.797651977636775,4.792496679402472,4.891480708105151,5.082226770156794,4.897520520177639,4.937799745445401
scenario_5,run_5,4.394225949653593,4.50062162762195,4.523864294794894,2.1276512832409784,2.981898637315827,3.2499458483777324,3.472471155150588,5.255307643021663,3.591959300617521,3.7982112603842006,2.4867778834309795,3.8609305909043217,2.7335460093558783,3.3228780975789234,3.51667162154498,3.549859665698727,2.969637015037453,4.01253152628319,3.117911752687898,3.588626159582084,2.957649326603653,2.101148369121303,1.9422928840927365,2.453252618731145,1.9648826843520824,4.367417994028736,3.6438832895344966,1.8426184024876755,4.232863934676091,3.610810357960777,3.0201435183898235,2.361573483420168,4.465257645678993,2.51975450303548,3.211506694525112,2.0781795328133064,3.660910989135423,2.3213101812332084,2.8014791880978027,3.666220786029952,5.050757332108778,2.088456647485329,2.42638979434587,3.063788166679497,2.145111358385136,2.5013744118952985,3.981273658166858,3.0932285336186616,2.442217292338732,2.7425208972577058
scenario_5,run_6,14.558685585581884,5.791102128253449,6.99229129666764,5.655833567759585,5.698082923035546,5.068356467273775,5.13596592386193,4.87779741945257,6.45087146470915,5.687498121786904,4.857468902561315,5.542266093795573,5.5309947915051385,4.74573636076601,6.392892919306041,5.498601033419087,5.401178515017821,4.621471134643165,6.266812887607874,4.763862385620297,5.622491257697535,4.852427866183359,6.283474056368884,7.036318205365561,5.676273413149515,4.848674751172851,6.311191029984094,5.571892984565284,4.808216674497982,5.401411386199181,5.417157147688494,5.408642971910106,5.663092157793015,6.349360612329827,4.856045846725345,6.347397290919652,6.30988578231526,5.827986165770279,4.79315753464892,6.2823915388213845,6.491666926286733,4.907437453977252,6.368951910239033,5.552627114465034,4.877811891883578,6.20507909965658,5.549086390385996,6.240359462193303,4.918149826874918,6.318553027721509
scenario_5,run_7,4.823359278124936,4.732389783759473,5.6265302255825285,5.568356894095232,5.785055228025344,5.612865425865162,5.608406178791113,4.80481398682427,5.138294617283175,4.821712857644915,5.012828606667672,4.724406768585524,4.653122226083958,4.884500910748851,4.887941961379865,4.6578297691591874,4.87585516897737,5.132176633601178,5.002779724918004,5.986444004881919,5.793681791886948,6.081613236591753,6.220473113093088,6.374379256000411,5.294979193172565,4.95566601409249,5.237896094589312,5.099382456588144,5.401920171236324,5.124638985162819,5.621782031163327,5.16888595279894,5.413999538435726,5.676989432639361,5.140746548600999,5.523206341340623,5.163443972702926,4.482659180145364,5.305954102023103,5.2881905329247045,5.413654347642859,5.387237893012509,5.613616674520648,5.821838266490638,5.224419856900902,5.720387176870082,5.629486101398971,5.561021175800098,5.538195460417574,5.016922122867015
scenario_5,run_8,6.943687586053922,6.4290582463872905,5.4082025237536095,4.383415316207419,6.672962746935593,4.5236728775693935,3.36519958446874,3.378883931704124,3.222409713127772,3.0018234510781787,2.0164238411913407,1.941193682658516,1.972692725661812,3.0301094315116712,3.1403137062913307,3.065748688094574,3.0943387866225325,2.2775462864393674,2.947368838663293,2.561811246722153,2.2251908872071464,3.51360938792348,2.706951413887034,4.715258272128788,2.546704255668045,3.955424857965511,2.0610543639944976,2.70462468488383,2.7567615960584044,1.933735925306289,3.2138503486625885,2.958304671168545,2.247680066957822,2.23133896146023,3.640867750300315,1.8682930859616973,4.7361514718230335,2.3163633879784307,3.096952614312245,1.966180885448508,2.9826063062810007,2.198271876091161,3.2776414229616604,2.451328501736368,2.8314253455040683,2.032900682116432,3.47722465906526,2.536683888939797,2.29821635063429,2.000974713918917
scenario_5,run_9,6.290089802968081,5.454453853936375,5.433728410998294,4.915977624994463,4.463290856577933,4.862687514313365,4.541758599918284,4.4538660162799415,3.4720494348665065,4.042891064268234,3.784919898438424,3.8643724230227336,4.120226978721663,4.254016445513532,3.938887762065614,4.199143432027573,4.127023888170004,3.946061561142616,3.724177582575411,3.9760180265532186,4.007621922823996,3.975379888587673,4.163669783291263,4.024765600771287,3.9769565516513,4.016921707089028,4.068560433890064,4.029959106264781,3.990577821144045,4.080685934051161,4.0268653719840986,3.854758309238455,4.1432664492859335,3.962431200931452,4.05753002584986,3.990866613627934,4.216795639118116,4.047966894516858,3.866293226657085,3.868583885037907,4.096934550236249,3.920245714039035,4.0575256330776615,4.137231984826148,3.942554318605137,3.923959882399804,4.104225095613777,3.9456195752248617,4.076464253581702,2.516789454913888
scenario_5,run_10,10.762036943945663,5.481957236622088,7.137603291502311,6.822733265926286,8.135514291212738,6.850553698616837,6.849591508627883,6.5975561866503,6.554411269619727,6.614303426887753,6.530041682988215,6.382582479473507,6.370932534135848,6.400593889551208,6.24144970385622,6.8255661219353225,6.183226504023248,6.047692361421595,5.191555414575644,4.930401056053519,6.042385305641209,4.948049274759179,5.791293674883622,5.789292018004547,5.754060547670992,7.138854398492773,4.946879913333276,4.952477593673042,6.461707726889962,4.845789594183107,4.947014841872514,4.835102328013267,5.041644771713391,4.824855385926654,4.921976922810802,4.824971631486477,4.816574102168056,4.933668793755114,4.814259829778424,4.936819220665533,4.821996056520628,4.820233067991798,4.821995259342202,5.040047267393552,4.821589377497051,4.833356351099698,4.926120043979365,4.9263675647182845,5.032196877393433,4.933412625325301
scenario_6,run_1,5.17214248796584,4.513806140606378,4.551768740657374,4.921571471770594,4.706957420974541,4.1755765182796605,5.088566018813285,5.6222360570269885,6.1511478921416405,4.690009183055099,4.478755843501995,3.908110836089519,4.191133788840304,3.4645925964568045,4.2310444716198266,3.231927874967247,4.792381623939402,4.070444660526694,3.816084733291522,3.102036357565834,2.6735258391671204,2.5933299222724684,2.6427108886494346,3.84846676596638,1.999691660537776,3.2257838123913816,3.310391705993728,4.681964918454287,3.73852736746187,2.882933643255864,1.7848740625638733,4.461843413940455,2.798114875069848,1.6637194496827583,5.2253692959335885,4.527927040402246,2.318743622976968,2.240940808354905,2.9779649196466536,3.13843657624429,0.6981797037647869,4.050093985011137,1.7683895865641617,1.924503927999184,1.804943643559474,4.26355027949917,2.534870750310801,2.447626839630036,2.777630181634906,2.840015297386227
scenario_6,run_2,9.30557894654655,8.759861412938498,8.359867211929991,7.744339127711743,6.871544779719923,6.406547131477263,5.094886296446116,4.965133814494183,5.009102712060404,4.865825040048703,5.599744634699212,4.828563714503739,4.850749066663062,4.888882175616408,4.815013653823259,4.839937990772778,4.804434833494391,4.796027052068816,5.545585370541199,4.801407603962622,4.800864203590856,4.800387513831202,4.79449960560202,4.845764123068166,4.798098947975431,4.966204233355846,5.557147695427648,4.820096190179838,4.82672904115107,4.821307881067687,4.81177403564545,4.817277842726082,4.799159053350922,4.798407969241553,4.8116005674295135,4.800518519114034,4.820570240452648,4.803857556491257,4.81211615329137,4.848784079135263,4.832429132571706,4.849173275372053,4.805694369058963,4.814640494512721,5.574839433026045,4.830764752213144,4.80012119821258,4.800551884593791,4.79723394709437,4.798733850599129
scenario_6,run_3,8.538495344734594,9.284879501341404,9.457558866601282,7.553109333437116,7.439543868658967,7.89623250388197,7.290939881867301,7.259313216358274,7.271187291026115,7.280790297168151,7.907654163014703,7.303302393522375,8.923495450090194,6.699985685015102,8.106514828100732,7.406167787655713,6.773055697704322,7.408165871021995,6.934042880241793,6.736695816850957,8.09747199686279,6.777572656931474,7.407708136596254,6.779469224143599,7.448144390221103,6.742672895940912,7.448146020726251,7.448144569949212,7.405125635727508,6.848281553401158,8.21155020370665,6.745255662999874,6.743505499281868,7.404546412664821,7.408165373505788,6.745437758970522,6.782719505388767,8.067817143005467,7.488122616341947,7.433339812309167,6.782525457743168,6.825396279536401,8.131203321918132,11.384533548297028,6.740448745309424,8.073433495153136,6.803523931558947,6.745560381000216,8.067444273783043,6.739898762985338
scenario_6,run_4,2.9271784661049667,2.74878991363529,2.527106649479775,3.34115098505639,2.062690688782859,2.706204322045017,1.871572227699657,1.9919590782220733,1.0536405929727697,1.6344445575434647,1.180998489142548,2.469259214733747,3.904673010595259,1.2837215320912096,0.9363416514204804,1.632619502532588,1.062216985003416,1.26199447395895,1.9659639589805955,1.734407368878791,3.02105976285129,1.5960789901861676,1.1185209526111026,1.116723621958301,1.5243763827557808,1.3459014309195318,1.549568681256345,0.3641941096073429,0.5697193781570233,0.8703045590804832,1.17383345674317,1.382863418257848,1.7019130653768424,3.5088716156041726,2.54238544609474,0.1672357047176773,2.882982041510696,1.122361338165256,1.7675344815834972,1.237298232796341,2.7580408337540527,1.0685152780187446,1.165159382005766,1.981864421978808,2.5099638493599548,1.7389138506895505,0.7336416789190876,1.7998298445095289,1.020622331803447,1.3955830868928638
scenario_6,run_5,9.134829821889426,8.759582317335978,8.195412244106429,7.513215112991095,6.844865190665212,7.095953522789221,6.9205678101022725,6.829784573393357,6.566331137308883,3.189059136804349,2.760429153031408,5.997125825054422,6.757509028428228,5.750586605550656,3.648717606958898,3.6525299694823214,3.2985421347906057,3.119122971007432,3.298404345621597,3.49606133900762,3.202910804824905,3.1776886334692933,2.957355790905276,3.113884824361216,3.06650441412486,3.211432645638764,3.4035467357970504,2.495897362092964,3.38827790297574,3.206596847760005,3.263731556600561,2.7580075757160376,0.1625652366026364,1.9852634846441333,1.680001682202133,1.1718676514308275,0.748874523731873,0.7961751681003248,1.3878634928730802,2.4596881111537856,1.1982927451359546,1.3481808335326717,1.5126489890304171,2.278825170308244,1.0133213004570465,1.1016489428301024,0.6769613733365942,1.3664624070572144,1.00646365284955,1.3470542159316867
scenario_6,run_6,8.15894117854213,6.953896764720345,8.421319767073587,7.5077894110282015,7.459131569959105,7.565548130797684,7.791690509042402,6.703613621795387,6.442319915329437,9.36513016142734,8.470149711929768,5.598540942436962,5.359444333083383,5.238028921414505,4.756737061927886,4.50504034031826,5.076180800432862,4.752439559458582,4.572895654624824,3.8919167661027614,1.5162140636300063,1.7057939204588373,1.441613705296395,3.1087781452958416,0.6549679880446749,1.0269141272498736,1.5819747472198489,0.7388944976643745,2.247432811266417,2.675653852904461,2.2873281232583844,3.2877419749914893,4.356305110336068,1.457417177646784,0.9239403307509104,2.027707189200767,3.6061118630556734,1.143885908411272,2.33898598484817,3.337778619368025,1.5867055819116604,1.4626840056567003,1.0041317654436115,2.325896851598976,3.0627200277165305,3.180928574588458,3.661130681739241,2.288927129962784,4.472088206377839,3.374284998912293
scenario_6,run_7,8.013854397411425,7.971689565792755,7.953973141033733,7.823213340465,7.131829765615035,6.3834336974721815,5.98757674249863,7.143930659102187,4.512512683588917,4.60926557914011,3.8015749976424233,4.529986615707589,5.670209005063809,3.81429472143709,6.146619501865182,2.8888278018360234,3.748714754060129,5.749327801172734,4.535275483543635,5.413756338741552,7.126697004677157,4.40679320662547,3.562382904352998,3.7313262694077975,6.145112066162159,4.532400017560265,3.6042623390808375,2.8691558490854443,7.010905019295032,2.700727705899814,3.8102126463902137,4.780421197366716,3.736983140369033,3.020976532169462,4.566648150405461,2.738095805020237,4.71807268604811,4.8097428869476015,2.7261693539864544,3.556661913692648,4.413616151513631,4.460444608968645,5.3111797257631626,3.84368448860941,3.677402916808517,5.337929125043595,4.445505951181421,5.362520987582824,3.055949204577729,3.944873895111276
scenario_6,run_8,7.269963533759198,7.0135866012356844,7.008125873915044,6.328989043879522,6.497146330749553,6.439115920115711,6.181935009341621,8.348574621652997,6.693210958545119,5.885288564906552,8.074988413139875,6.422083724371442,6.418639418525538,8.064864045895488,7.1776894882848055,5.67431836922473,6.430186136166054,6.422536647868275,6.430155171930664,6.541628064268086,7.951202044596201,6.430921960439636,5.838116475211578,6.407696451641632,5.652346907577501,6.401061573273753,6.396193893040007,5.336733762043158,7.168855205074921,5.653534785114642,5.776282306495958,7.207561725892823,5.956014217488459,5.6845272855028925,4.900313488363,8.018257399652244,8.79165167787416,7.164023882204094,5.725208624091591,5.654163468662423,7.275445042089855,7.157295668020046,7.15969036956883,7.928780712249784,5.676210165146807,7.911442979968574,6.394721959869433,5.676475681773574,5.110042854770921,5.660923689891957
scenario_6,run_9,5.0584759509167325,4.951813767826459,5.088347618558992,4.92300327373629,4.962399166281281,5.002588321292128,2.816174308904808,1.7047018294724456,1.7185040760865755,2.186998707819513,1.6997215871045452,2.129633988494352,1.8628575359688464,2.003129563996862,1.836102335712096,1.6833521450561997,1.6669478071466135,1.993991283634716,2.033011445253103,2.054194486328567,2.3399473764403225,2.432555474128101,1.862547691301866,2.064138590177106,2.284708909165177,3.103362640555657,4.102549997862598,4.140146838887665,4.108262682795212,4.24270814239007,4.107333543974193,3.8967283688251713,3.71264808296944,3.2591141625615214,4.086360897665284,4.116932804949921,4.153626615095655,3.3383300740889057,3.5881232890645776,3.3305031286265505,4.240213991233575,3.603525987854726,4.06922791077155,4.220263590428461,4.25757793702388,4.16895954195254,3.924277563826872,3.620659750373374,3.5477054806294896,4.222054476680492
scenario_6,run_10,12.685377694006682,5.391495276978214,5.685039360212087,4.952168717501125,5.631200725987828,5.624177698500618,4.901517554639147,4.887719761482315,4.8969854211656765,4.873071410175878,4.863483343649252,4.8783103498459,4.867930229328075,4.875682707396779,5.6363968211280575,5.638111665288504,5.635812526847398,5.63002681615116,5.6286423207355565,4.898268564108902,4.874981190317626,5.641765840196259,5.624527750870949,4.875273204769477,4.864742989945265,4.916515478453779,5.65630036955848,4.875505817392546,5.6347771414452925,5.645385760352782,4.867348689499655,5.61731578482499,4.889231574219674,4.870904283697754,4.872004172390225,4.873270870742158,4.909175895342651,4.884325270864304,4.869204804173457,4.866534107333154,4.88507375014038,4.929757145750536,4.886120663589738,4.8625626609647385,4.900312826143424,4.885833629751547,6.4023206892810425,4.866063565278799,4.8884634684679344,6.381494896880416
