scenario_1,run_1,5.2023127969217695,5.774364504992113,3.2397101949504608,3.107470759901471,2.479776818987005,2.4061408432831217,2.541972579101324,2.6096221780372306,3.698219206949021,3.179291472082461,3.0670301390475228,2.504798731077326,2.4204460220418347,2.402455097082229,2.5114060937620843,2.475209959316904,2.5754629584873,2.550010533733674,2.4820966096471486,2.4958036886645103,2.4497302882880643,2.475859346774499,2.5043245374194743,2.604223663358506,2.43365804165854,2.5282885247063818,2.5014772836699306,2.522468891211743,2.4396474963629804,2.516615975910148,2.4524906963495288,2.5305528312967875,2.474379006846323,2.4532008653293005,2.510538625345645,2.5963148344044926,2.425930793107021,2.5234613724689487,2.491717039511617,2.5512077021295343,2.518013261784421,2.4815035765562774,2.585148694482793,2.4756681125178086,2.492859353244801,2.635049905750572,2.5805880694589325,2.545078462292224,2.55337724576282,2.5165551426678827
scenario_1,run_2,3.875130483287746,0.0,0.0,0.0,0.0,0.0,0.0,0.0,0.0,0.0,0.0,0.0,0.0,0.0,0.0,0.0,0.0,0.0,0.0,0.0,0.0,0.0,0.0,0.0,0.0,0.0,0.0,0.0,0.0,0.0,0.0,0.0,0.0,0.0,0.0,0.0,0.0,0.0,0.0,0.0,0.0,0.0,0.0,0.0,0.0,0.0,0.0,0.0,0.0,0.0
scenario_1,run_3,9.71414691212582,8.142642858060697,7.937853435323966,7.884661406573768,4.951460506735217,4.95145851036599,4.857175385546973,4.85471464940868,4.854194096514521,4.832655893950471,4.8132498160011545,4.80984309874123,4.809516986921412,4.809516986921412,4.808806977848111,4.808806397245642,4.808174460979767,4.808157622405721,4.808173880329672,4.808174460979767,4.807261947317542,4.803976729880688,4.806830375662676,4.806741599236645,4.806759081917109,4.806776469677245,4.806775890075279,4.806777049279897,4.806777049279897,4.806765457357372,4.806765457357372,4.806778208487263,4.806777049279897,4.806739860442901,4.806474807469025,3.8331632320218696,3.829643405528573,0.0,0.0,0.0,0.0,0.0,0.0,0.0,0.0,0.0,0.0,0.0,0.0,0.0
scenario_1,run_4,7.313534582269956,6.077464783806236,6.125758246042172,6.004146551030849,6.600818681974991,6.380052937279772,6.559020219970655,6.55353261278271,6.569782628795327,6.532911871605512,6.441004355142706,6.4825127928445205,5.885246762871551,5.839470747613548,5.687846726260558,5.8349325973541255,5.646418084555825,5.479942468450839,5.61531763954502,5.748727014861851,5.789203700777868,5.735065239984269,5.799324893852818,5.775684121536946,5.837614455522745,5.782150920513671,5.767267155012513,5.83947235522674,5.582659855431334,5.596945909514624,5.8242196925840215,5.588272731226022,5.678246668836262,5.839187768807246,5.8376463607610605,5.346839538083319,5.818421652592113,5.729464913507605,5.796732686365208,5.318408366225766,5.819840000142311,5.630980520602484,5.729286592566775,5.785847672569652,5.811707651300626,5.591870447857271,5.598767874590785,5.729946481499499,5.557950071624007,5.585707619392258
scenario_1,run_5,7.282900586896514,7.157212685498336,7.597842105260928,7.270014613941456,7.296044116902197,7.179860203056286,6.834751684100996,6.952499615363781,6.681085354817937,6.491136896653388,6.800842835467445,6.6280817787064565,6.489430373666827,6.628846911616931,6.679227564029664,6.548630767845629,6.489025104959556,6.634437916831946,5.482368427754126,0.0,0.0,0.0,0.0,0.0,0.0,0.0,0.0,0.0,0.0,0.0,0.0,0.0,0.0,0.0,0.0,0.0,0.0,0.0,0.0,0.0,0.0,0.0,0.0,0.0,0.0,0.0,0.0,0.0,0.0,0.0
scenario_1,run_6,8.583191297790416,8.61299533563157,8.34873719729103,7.977178673668504,5.107005032807309,8.307692362782461,8.153806368691374,3.1887229880411896,3.235162672431709,8.383881632064094,8.388078727510546,3.5025793527091253,8.68231884108593,8.464713722349414,8.663630590956547,7.92472504166408,3.4993720203262946,3.5276509509980616,7.854242877447427,8.652859384349453,8.743252647045109,3.4618334421813874,3.477554613676797,8.66172350043137,8.156548110415809,8.585043294283375,3.431187333661574,3.434364345249467,4.273017206059284,3.5313861249246927,8.459097491708675,2.117978624143916,3.4828193062241875,8.682326974916254,3.499845762064276,6.824312193325045,6.701659758381927,6.822374610230759,4.434597341103906,6.361073378559759,2.3342997418162668,1.932860656298928,0.0,0.0,0.0,0.0,0.0,0.0,0.0,0.0
scenario_1,run_7,4.919796865034287,3.004288177124796,2.572399771542847,2.598579748985514,2.0043914766956656,1.7783922599757565,1.704257918187961,1.5541909757046808,1.621146280784978,1.6243643483329997,1.635703519286109,1.6752079358854497,1.5688988455903403,1.601949298458672,1.6416050663090758,1.6250488998406032,1.61569007184209,1.6538667597466818,1.6387535687022643,1.6286259598524,1.6470650476969206,1.5797540558591296,1.5444167026334503,1.5115190703854189,1.4798571639529716,1.4627577628423185,1.4782692080839837,1.4904846363162605,1.4893423463926063,1.4909139949481032,1.4765458916754706,1.484475622544126,1.4740570504135972,1.4676146844182951,1.4627199481263078,1.488687664839749,1.4661121256249905,1.487667359447551,1.484664335840508,1.471443752267888,1.4655876610844691,1.4679169327058736,1.4528623072031943,1.5333356712129844,1.4718995840610885,1.5018221381664385,1.3440507578740508,1.3340620281287736,1.3550096860532694,1.370010054692652
scenario_1,run_8,6.143309232281307,6.316412322552306,6.7653566417632085,7.160058254302204,7.042685662827754,3.905315799278106,3.901452010773237,3.889023051029212,3.893514025958508,0.0,0.0,0.0,0.0,0.0,0.0,0.0,0.0,0.0,0.0,0.0,0.0,0.0,0.0,0.0,0.0,0.0,0.0,0.0,0.0,0.0,0.0,0.0,0.0,0.0,0.0,0.0,0.0,0.0,0.0,0.0,0.0,0.0,0.0,0.0,0.0,0.0,0.0,0.0,0.0,0.0
scenario_1,run_9,4.932810320006603,6.683550355097199,6.717602861334482,6.474234922706265,5.92644826447836,4.980732438879941,4.882537870910912,4.882537870910912,4.882536608966228,4.882537239938237,4.882537870910912,4.882529668317915,4.8825353470242,4.882534085084824,4.882534085084824,4.879584389011429,4.879583758594747,4.879581867348689,4.879586280265457,4.879517327843916,4.882534085084824,4.875058482432364,4.874757358969138,4.846071598772457,4.8456009209841175,4.849981821838981,4.865410629041421,4.855044345830079,0.0,0.0,0.0,0.0,0.0,0.0,0.0,0.0,0.0,0.0,0.0,0.0,0.0,0.0,0.0,0.0,0.0,0.0,0.0,0.0,0.0,0.0
scenario_1,run_10,7.407263939105459,7.381964835759779,6.800672038012007,5.263083243987433,0.0,0.0,0.0,0.0,0.0,0.0,0.0,0.0,0.0,0.0,0.0,0.0,0.0,0.0,0.0,0.0,0.0,0.0,0.0,0.0,0.0,0.0,0.0,0.0,0.0,0.0,0.0,0.0,0.0,0.0,0.0,0.0,0.0,0.0,0.0,0.0,0.0,0.0,0.0,0.0,0.0,0.0,0.0,0.0,0.0,0.0
scenario_2,run_1,10.6687469972062,10.52578828430674,11.16396982326927,7.644887172575193,7.45255514658039,7.4482123428740925,6.887167726406766,6.1223100159632,4.906498459336553,2.225555707827485,2.2048893317442926,1.9876472828805791,1.98595876741544,1.488540762580582,1.4814489508738502,1.474144360838673,1.483352165877011,1.482311688931322,1.482303131391626,0.0,0.0,0.0,0.0,0.0,0.0,0.0,0.0,0.0,0.0,0.0,0.0,0.0,0.0,0.0,0.0,0.0,0.0,0.0,0.0,0.0,0.0,0.0,0.0,0.0,0.0,0.0,0.0,0.0,0.0,0.0
scenario_2,run_2,3.9799589772724087,3.98519807296139,3.97839465493448,3.971242000743755,3.9655669911344713,3.9661393084261576,3.969561053886845,3.967778938331542,3.965607523361213,3.965417797164048,3.96343443980294,3.963416525230565,3.965150346530392,3.9648174180045497,3.964010144349806,3.9632936163066335,3.963592618144642,3.9627825354231456,3.962764465839441,3.962535948749936,3.962825597862724,3.964442599622689,3.9647099395205694,3.955700510123263,3.775243374149448,3.716529341880426,3.714405543397365,3.7131919223908048,3.6425211930507935,3.642642032411677,3.6424052009016417,3.64249801368674,3.641082659033152,3.643404701753316,3.635030390246784,3.643569956385545,3.6247970594193495,3.409233498314242,3.408891824498113,3.339743448455463,3.196088346835112,3.1961275603268064,3.1925846315867723,3.1920021582364253,3.190814651532804,3.1944033996242154,3.188858240899997,3.1922677898369303,3.1964263392835703,3.196255734023981
scenario_2,run_3,6.486489836083887,6.15478657628262,1.8548329045770853,1.8720998264384363,2.2024821275226585,2.306688175906916,2.298374155913714,2.2664274949605585,2.2569193472427456,2.2154688964178235,2.268737846039028,2.226890711072524,2.2665682843353765,2.260288148672333,2.2439395205262125,2.257696893535291,2.047846989806754,2.0356571655368607,2.033468076778288,2.035287364325766,2.0448150686858364,2.036895860101461,2.0429971321556923,2.015182035347141,1.999847551076211,1.9633069508001848,1.969210782345027,1.9616988262724688,1.9639819364116669,1.963392393500004,1.9616302650314843,1.9423956487628504,1.9355861277941373,1.941024564898833,1.933568196296416,1.937839514255609,1.9439415176746315,1.93730413634234,1.952195467845756,1.9528044615515487,1.9309550782592524,1.9383854506655904,1.946533004328212,1.942828003398208,1.936930720970332,1.937264801012567,1.9337457839422003,1.9431009489935789,1.941203955207808,1.950076287376164
scenario_2,run_4,8.308136716343062,8.30009501002664,6.106980775269195,6.110475037160974,6.1093153694587965,6.1093153694587965,4.872964192485234,4.731143717532848,4.287363791363839,2.924510942651923,2.1897810699328994,2.0126456805955257,1.9886756012433384,1.792112588150871,1.701341144266019,0.0,0.0,0.0,0.0,0.0,0.0,0.0,0.0,0.0,0.0,0.0,0.0,0.0,0.0,0.0,0.0,0.0,0.0,0.0,0.0,0.0,0.0,0.0,0.0,0.0,0.0,0.0,0.0,0.0,0.0,0.0,0.0,0.0,0.0,0.0
scenario_2,run_5,4.763894738622324,4.710672734318708,4.836762895851122,4.688151365294934,4.06506009740498,3.947350599619712,3.051930077621295,3.0151674776593294,3.0115818997384154,2.9903293759949414,2.7261502343665853,2.6455297326828773,2.3988422847176,2.3353617637271817,2.335354750605561,2.16911391287443,2.1583289370421577,2.1559654623552005,2.018119614397184,1.952023649175041,1.9055037094139369,1.9042310210603224,1.8101032881760173,1.8058627150462607,1.5093327373349994,1.4977466662334782,1.4936660028547335,1.492800915361898,1.5184833011913013,1.5230312366987044,1.489309478805494,0.0,0.0,0.0,0.0,0.0,0.0,0.0,0.0,0.0,0.0,2.082569159400516,1.5113291389479986,3.3146651029396126,1.9302719524487693,0.0,0.0,1.757086772267914,1.606479385432769,1.5036515615127055
scenario_2,run_6,20.0,20.0,20.0,7.595601718583824,7.201481599393841,7.088913749162916,7.070569004512204,6.601956695033534,6.727088136857219,6.594362989392719,6.337023581181111,6.337693273971271,6.3330389766739295,6.034425015965127,5.433027436325922,5.563683339181017,4.624634955329453,3.9680102832403,3.676405620284211,3.538705835472965,3.2484218790677257,3.1804866353703187,3.188700664328205,3.1807844649799955,3.168869289319197,3.162423670263797,3.173163566423977,3.0400940931940754,3.012118476791842,3.027242539729492,3.003640399342664,2.91667284720499,2.9022203453955404,2.8959302292781173,2.859877380988069,2.5439128026720064,2.4481911509159344,2.6810453174768245,2.6828956063560656,2.663194707711906,2.680397698039868,2.6752617032821453,2.6555351382874,2.66137013044306,2.65032584824577,2.6006405241975896,2.5984595213480657,2.590520466837174,2.593165112896523,2.5950225929440767
scenario_2,run_7,3.9873513746193954,0.0,0.0,0.0,0.0,0.0,0.0,0.0,0.0,0.0,0.0,0.0,0.0,0.0,0.0,0.0,0.0,0.0,0.0,0.0,0.0,0.0,0.0,0.0,0.0,0.0,0.0,0.0,0.0,0.0,0.0,0.0,0.0,0.0,0.0,0.0,0.0,0.0,0.0,0.0,0.0,0.0,0.0,0.0,0.0,0.0,0.0,0.0,0.0,0.0
scenario_2,run_8,20.0,20.0,20.0,20.0,20.0,3.961898805363772,3.958659137122484,3.9619376516841696,3.80155780939605,3.7762863407640967,3.7381197409216576,3.611673331648448,3.239527330364565,3.1489897672166056,3.137190363362857,3.135484532013625,3.058275894132509,3.0604753760256003,3.060254816810718,2.8576818038409777,2.8588486506133,2.8038233756500675,2.800643680441749,2.795971509268477,2.5927371290707963,2.54975667370314,2.5507147884947856,2.5491645504408265,2.5511071468881386,2.550038885160649,2.5500091750635145,2.549339019998951,2.5506345185066435,2.549751047617919,2.549748860062236,2.548913842220095,2.549801234092204,2.550483418689452,2.5506969802480817,2.5505330344155075,2.5506150396571114,2.550836725130576,2.550178111185621,2.55079973314626,2.5491282061938434,2.550575493245036,2.5505998813708404,2.5499896544922174,2.5507508375755825,2.550237573613723
scenario_2,run_9,3.9854278809015895,3.984832269046642,3.984794312922819,3.9877360741233336,3.992236481099438,3.992569183636927,3.99017164178524,3.978705471885792,3.978194964933615,3.978195337492655,3.9765771727423576,3.975799339512044,3.973639175821742,3.963686550751869,3.964119282145237,3.963273623215013,3.962958531073448,3.962540901134565,3.9628159553636046,3.962155903940076,3.962486857703131,3.962176163830608,3.9620596024763386,3.961713001190725,3.962179815492091,3.961588940201488,3.9616488950034072,3.961902129755557,3.962106780432998,3.9619163501893686,3.9617119397494456,3.962105217411069,3.9619300952942633,3.9620895830223,3.9132874668228768,3.8911079454526014,2.5593007934526173,2.397955463077868,2.353409580766485,1.7388688673780726,1.7332036698752975,1.6124440473355457,1.5281222378288273,1.7181155268126034,1.845854146032306,1.8447455694050927,1.723808168431587,1.739324781664273,1.5849994088198522,1.6117445449741423
scenario_2,run_10,3.977972290318436,3.978231858731811,3.975772236727428,3.976888418578974,3.982872382655738,3.9849004145734814,3.985764186067009,3.98015189882432,3.979992707266387,3.975207504196272,3.972490565354175,3.9717352615103056,3.9690276488824767,3.965019295137677,3.967236711683134,3.961887971630473,3.9613564599934414,3.9621594059641048,3.958490999244286,3.957328203216492,3.958148847694816,3.967764684813056,3.968674252604843,3.967343413974264,3.963915112788208,3.965518998517318,3.966288529086664,3.96582733122325,3.9621653680603215,3.962709058196512,3.964421053645021,3.9658493278718208,3.964820664217055,3.963963570313469,3.963738888834065,3.8700402169541226,3.7192256714696734,3.964219950314706,3.964337074812324,3.9637883176922646,3.721487437410562,3.9642674830148255,3.9634287363670553,3.9637924918530607,3.964315146946118,3.964363420936929,3.9633770902281618,3.963730223094857,3.96389036338924,3.963851110520516
scenario_3,run_1,8.67407127934038,9.178008526523962,8.881311738959266,8.021458116177765,5.170995974333055,5.143176846811554,5.221107608777516,3.848770608493465,3.474593423327806,3.2529187353227305,2.990430620841108,2.4694805655417524,2.0250426786053657,2.024916454980332,1.7583685643768456,1.638140392849359,1.6363367101381343,1.629037916257022,1.6195340002520815,1.6209769130389762,1.6196289107201798,1.5782730707438348,1.554127591400818,1.5603691050452415,1.5596987838022534,0.0,0.0,1.4601287401919194,1.4571461073265486,1.4602156013020535,1.4608654047729828,0.0,1.460325918637161,0.0,1.4618237733842518,0.0,0.0,1.46176365607884,1.4634033186296225,1.4603131756606045,1.4631997447246166,0.0,1.461076692634974,0.0,0.0,1.459354626623261,0.0,0.0,0.0,0.0
scenario_3,run_2,10.333594579300204,6.282790760841034,6.282790760841034,6.288543968131192,6.252262142674369,6.252254517665678,6.224411752141648,5.899934532963486,5.121272341407279,4.964565250794665,4.927506951407232,4.879701704395775,4.867763985147525,4.861862947979764,4.861862587711676,4.861338939269335,4.861335336926787,4.858513540497882,4.85157803138195,4.851578209269333,4.851400728019198,4.8510517708922585,4.851401261669846,4.851405452185483,4.83959856301918,4.839601905078276,4.824205996022667,4.816067161436143,4.813611443702286,4.813606640186875,4.813609733715621,4.813605785192441,4.805196040510153,4.805196040510153,4.8051958696106905,4.805190549832159,4.805196040510153,4.8051958696106905,4.805195527811784,4.805195527811784,4.800628038693839,4.800627508946297,4.80062786211132,4.802823061249715,4.797095295244962,4.797095295244962,4.790300799256204,4.790300799256204,4.781407318604129,4.778962804834306
scenario_3,run_3,6.598549511398201,6.573047427972473,6.4032316080919065,6.330582268519132,5.34912056020849,5.99962838017505,5.990883707406099,5.942801884114422,5.452105273322605,5.980615103788828,5.985945482375143,6.047063364555656,5.987771530032695,5.254030799385333,5.955888104932362,5.527821632504504,4.931966733087832,5.592639621322495,4.899297035552269,4.8932959446501485,4.893295301098101,4.828144404624724,4.828143923521967,4.815592342706951,4.815589850433781,4.815589850433781,4.815584074453676,4.827523936439484,4.809689216080231,4.809688769983045,4.880684946114339,4.865028437282305,4.849702610160282,4.838977854851915,4.838977854851915,4.838977854851915,4.83897774228055,4.838977854851915,4.838978079994675,4.838977291995176,4.838977967423291,4.838978079994675,4.838977854851915,4.838977291995176,4.838977291995176,4.836398046899801,4.829358326712806,4.829358326712806,4.829326442996722,4.829133959393477
scenario_3,run_4,5.848759928774482,6.1469154795408905,6.146792164574356,6.149455787630406,6.14696259051612,6.190803283598156,6.158034944604435,6.157243263539305,6.162317019293904,6.1600245305680215,6.1473363855109,6.149455787630406,6.166248170491939,6.148910943042615,6.190803283598156,6.160919601962438,6.148569161635993,6.147045439751171,6.190803283598156,6.1585337072722,6.147883780042315,6.147229466673247,6.1605810527553375,6.1511911930902805,6.156815291485078,6.147770586142667,6.190803283598156,6.14724751500012,4.945157655264026,6.178547215599273,6.154959000922131,6.14756954008295,6.1765191902399454,6.147165221462781,6.15427563758333,6.1477174679345366,6.153364320595626,6.190803283598156,6.156695940788691,6.15776957882062,6.190803283598156,6.152273788294751,6.1884796944357845,6.152723329488393,6.147121121208877,6.160170533385161,6.190803283598156,6.149945994926712,6.180542197938673,6.14726276156777
scenario_3,run_5,6.968325826393475,6.90218691098462,6.6134716077057005,6.132317531163307,5.854791628859124,5.51325582407676,4.978995771546053,4.973433024787941,4.9740020940708325,4.9698566712355445,4.974391340870725,4.873303961569603,4.900305993868834,4.789679723597798,4.879168396044419,4.596197409580187,4.369147383870212,4.711994964906158,4.023510044737945,4.059235379692801,3.782250604081333,3.611136872141133,3.750752754831528,3.750511070196782,3.878295645087295,3.229294708287544,3.23679633570781,3.5785944030290846,2.852883910658712,3.637432145927941,3.7350753351689474,4.052847502810209,3.5413695726844927,3.0887171811107,3.6578798885825954,2.716595238065104,3.568349904439027,3.7429334289988327,3.631941018783882,3.371461765637448,3.016858539794401,3.805853777481522,3.7476358560318097,3.896416978875087,4.154315708537882,2.776155893334809,4.012895165040233,2.8272469231350463,3.562071730922986,4.019965870431344
scenario_3,run_6,4.082535449573132,3.2620653990582413,3.357353770187256,3.2858632882939163,2.6532391396496577,3.062135018024162,3.0610165461704426,3.093150042884459,3.07287539898574,3.069275376830526,3.0648069762074264,3.058076587125467,3.0897874071715705,3.059676535802692,3.0687568674080947,3.075214688262089,3.073716600821536,3.0688838630258046,3.091733011098737,3.1021178530374205,3.080958559150784,3.0603847541582767,3.069116565392802,3.060142692667648,3.068078094281784,3.06038901417152,3.066212638370764,3.0689911654018625,3.0576799886866617,3.132461660166181,3.059408208480209,3.067065649922045,3.098989144834415,3.123718060494145,2.85504910353128,2.853865793998061,2.772189496577452,2.7677277585549565,2.766881643297272,2.765164554759526,2.7675126610564136,2.766184317143652,2.771729359391968,2.771667071061728,2.765649598905965,2.76743027664014,2.765915054800417,2.7678080514665258,2.7959740394901447,2.764595654539728
scenario_3,run_7,6.086129751573642,5.2732415306336975,4.893002255106084,4.857253987016021,4.677136138088716,4.234356949456689,4.233354175071468,4.237669025993352,3.6862192897311465,4.180323064964061,4.209730767229069,4.974440021673443,2.953343674355671,2.95493607977084,2.928313166646178,2.9032330607308445,2.81697342743635,2.800541448166198,2.798311228694768,2.804319062554548,2.812366887818074,2.8080787242221,2.809298453482789,2.80962371116234,2.811279173635271,2.7906713452630334,2.810791104885064,2.797217523333615,2.7866359584636804,2.790682953789044,2.786183086096365,2.781036106716084,2.783996827993055,2.7827092852955984,2.784025586956456,2.782328317918788,2.787793750887084,2.786185518457385,2.78235494820771,2.7817529285619824,2.7840685072303817,2.784288257810857,2.78140231428548,2.786527346993608,2.787220786907098,2.784242244367884,2.7948647055107467,2.784141079631884,2.784380006705832,2.791325226518909
scenario_3,run_8,7.971986520502278,7.954371315418337,7.84264188974696,7.805167499294001,7.769409606118434,7.96538657123608,3.523829176160828,3.250784724974909,3.247980110701376,3.240274628191841,3.243471051166793,3.2467305099625645,3.243654779564187,3.243759329892593,3.244742113598635,3.2399390405953663,3.2456024190910084,3.2442827934792096,3.24399721675797,3.239390321803537,3.244624586565911,3.2444092838586154,3.2461266917459395,3.243168643205621,3.24036305622462,3.240909479914313,3.2457563028211003,3.2392171223759645,3.245663540760502,3.2440578054507494,3.2428247224568763,3.241584624327737,3.2420320038533776,3.23914555490541,3.240695906975928,3.242932968319641,3.245388390806005,3.23467395006413,3.235743875616546,3.232036071176713,3.2331640795766057,3.233629760902783,3.2323941718525866,3.236451279002997,3.2337392168278978,3.235617959238679,3.234906758844092,3.2348958572542124,3.234864945758198,3.2362960262153524
scenario_3,run_9,9.685250371471556,8.238504029509732,7.189611772801967,6.145754393616679,6.271165097325587,6.326896410097314,6.048567959453351,6.032170560083819,6.048445874311176,6.048415356494136,6.048422985081269,6.048422985081269,6.048422985081269,6.048422985081269,6.048422985081269,6.048422985081269,6.048422985081269,6.0426392604356485,6.0426392604356485,6.0426392604356485,6.0426392604356485,6.0426392604356485,6.0426392604356485,3.20850458143814,2.8528134002095054,2.840860549675561,3.341373189286644,2.766317174022147,2.52436523694138,3.0098651287158167,2.983358288557133,3.744986459539332,3.288930736964444,2.9030263542322388,2.9353346602397883,3.0781741369643827,2.9813502071850952,2.807482003138728,2.72064978916492,2.841876618588968,2.5289242798468266,3.0933817674601016,3.4852018629238235,2.771501942342426,3.270851152737418,2.8139782545733243,3.003616380225124,3.4862075366286103,2.576563370107878,2.7893709252971166
scenario_3,run_10,6.382517842404704,6.037075188425821,3.529977656993632,3.537534357720931,3.1912035145893616,3.0858707618088994,2.863797836621046,2.617274257469554,2.4687202491980003,2.037505481060926,2.028147304268765,0.0,0.0,0.0,0.0,0.0,0.0,0.0,0.0,0.0,0.0,0.0,0.0,0.0,0.0,0.0,0.0,0.0,0.0,0.0,0.0,0.0,0.0,0.0,0.0,0.0,0.0,0.0,0.0,0.0,0.0,0.0,0.0,0.0,0.0,0.0,0.0,0.0,0.0,0.0
scenario_4,run_1,5.801528621276868,6.083611663527695,5.968780871376792,5.53423847914467,5.758770523435696,5.2760857848367175,5.060139814015071,5.539352931063528,5.428553916810036,5.166834190228121,5.545265648873505,4.843428628350444,4.843449294558285,4.8235943641290095,4.830088002997071,4.834476008491253,4.840299536960525,4.838528600151907,4.837396817320236,4.833764620184954,4.839897038858346,4.838720432173442,4.845914755901666,4.843534955932713,4.83009215004271,4.844160476865261,4.846566332101439,4.844522271028223,4.845962538386907,4.846100529973889,4.835084638321066,4.829176209363894,4.813912804679594,4.822760323959136,4.828339813532109,4.832805366380593,4.829772020155712,4.83343477793987,4.828606734882088,4.832524420171415,4.830849848102668,4.833176420584757,4.835378186600651,4.831928809901236,4.828920411423514,4.840084308970799,4.820672156467251,4.826929224356175,4.83090505287424,4.8361517257108
scenario_4,run_2,1.677763661667005,1.6762930185144909,1.6082478645242466,2.0629622312678983,2.0618594356597013,2.036119669833522,1.6336336900654156,1.6329077228901234,2.0376133491405497,1.5753278540967512,1.5761471023218887,1.5714966679432474,1.5755283514894864,1.5762286257997191,1.5673980367068674,1.5716974160368202,1.5746992318058186,1.577207266339454,1.5766921328162506,1.5756539717178148,1.5781967002691817,1.5792354631544765,1.5829082110082997,1.578163240932531,1.575204771338183,1.5766041335258203,1.5643709056000523,1.5835436161896068,1.5859167852790526,1.576084626014019,1.590612651677837,1.5714949761478083,1.586960718423876,1.5874638559450056,1.5914959095161316,1.5806302545947566,1.577444576965209,1.5794342469223677,1.596251875212164,1.5799840819596604,1.5882181556985862,1.5803176570468611,1.5920789301179024,1.5896131453493365,1.578989680637835,1.5738898006040127,1.5890300389913563,1.5785692305179475,1.5916331054147348,1.5752521288592936
scenario_4,run_3,2.0661728689969125,1.6300642288545506,1.8142242443441536,1.816648779377405,0.0,1.5288018099039775,0.0,1.5282685357959458,0.0,1.53033598133196,0.0,0.0,0.0,0.0,0.0,0.0,0.0,0.0,0.0,0.0,0.0,0.0,0.0,0.0,0.0,0.0,0.0,0.0,0.0,0.0,0.0,0.0,0.0,0.0,0.0,0.0,0.0,0.0,0.0,0.0,0.0,0.0,0.0,0.0,0.0,0.0,0.0,0.0,0.0,0.0
scenario_4,run_4,6.312288153833554,6.351443688762298,6.390683907518845,6.393270541790956,6.55502697837907,5.933433976452046,6.016618546537364,5.99634777290849,5.963465468386656,5.963465468386656,5.16169251561146,5.085579631468302,5.08278877676352,5.080528790374156,5.074855039503011,5.080506625093289,4.954549152719388,4.94716036873734,4.852262575511062,3.573634214698912,3.5696938477432165,3.575265365530407,3.568523981114057,3.5688122790197108,3.5725308154979696,3.576545759815709,3.5793494521946165,3.575889864963456,3.5813775838002884,3.579738325916313,3.58622069448064,3.580402441912154,3.579494168162416,3.577931953958172,3.576631714753856,3.578684046601968,3.5798858104092126,3.576079996279104,3.5812393281245223,3.578539328156176,3.571665653602676,3.5735244734606533,3.5782562268948044,3.5706825696143105,3.552361110045692,3.576829431014594,3.5789085213357725,3.575609495791224,3.5736229228398275,3.563387649392061
scenario_4,run_5,6.502885728974084,6.502899447483383,3.570410706824734,3.575830594487119,3.4698666567410843,3.5691055754987744,3.5426900481246264,3.2225056860582706,3.0090746086417206,3.0165514889343443,3.011463186196854,2.9511369947972605,2.9419734887354188,2.946933776665144,2.9449605960702248,2.935496923909754,2.951148955132702,2.9507751968084457,2.944397747134742,2.973408772772434,2.9463229538676314,2.938868713821474,2.929609471012776,2.942015769843136,2.9331756457768763,2.941440384325885,3.0519880198268483,2.938533501122539,2.950808970716652,2.957159651091583,2.941106218678809,2.9389432515000484,2.9359628446813235,2.947490611203724,2.943171086984343,2.951205439142804,2.960414379234434,2.961363792814851,2.953750830796705,2.931618481900664,2.9297630313037755,2.946275236266848,2.9323376444004,2.93141914857008,2.952557044157686,2.9465753197560214,2.928316694182384,2.9319980955667617,2.9510144927664688,2.9324042906609065
scenario_4,run_6,7.436511703013422,7.392886354087784,7.392886461453111,7.385437214779349,4.701001133407424,5.896036751026761,5.90997995111227,5.909996024087104,4.701265806637401,4.698671717017537,5.866863713134505,5.864902087124828,5.909996024087104,4.702332500106232,4.7019191151163815,5.863209937573841,5.909933378585826,5.909996024087104,5.890584874895243,5.890571074437281,5.863189225479447,5.890584874895243,5.890584874895243,5.869294367782609,5.872592702264269,5.872592702264269,4.657916317663809,5.872592702264269,5.870428804890078,5.866441568966869,5.872592702264269,5.865038635479122,4.62376438896108,4.518313765892229,4.502467725441146,4.6147920034967065,4.497267579644171,4.604444444308494,4.6611587154103065,4.572548653838852,4.432794679672928,4.634022676002405,3.779567114446112,4.4343447798991225,4.5135972094968215,4.087541014213843,4.153245267557878,4.249032964286961,3.977277822042773,4.078115471939833
scenario_4,run_7,5.522819972373768,5.607334683367112,5.896932050333663,5.711417753275613,5.711361369803175,5.693551559137776,5.691554735517438,5.688183948919884,5.89619341906862,5.238011225566917,5.039091663688584,5.051822986633595,5.047585418774586,5.044903148261184,5.0372442901963765,5.027128013321081,5.04438846234632,4.931469337465239,4.9475469289005565,4.943771006803842,4.932803805535835,4.962310928308831,4.917061254936209,5.036290361449026,4.958552449349917,5.035217665703827,4.907314307471956,5.037510593503072,4.943779629813659,4.99469875749305,4.952665190285857,4.997344793122026,4.98133013593417,4.986065588062276,4.879556865895872,4.839686156010065,4.834167372856714,4.869809190921974,4.858994494352112,4.818066660821051,4.845270314994358,4.5915534038033,4.841980167865251,4.854708393522287,4.854453457252127,4.861564712726533,4.836584893394789,4.851700092321332,4.844917886918099,4.840803530499174
scenario_4,run_8,4.414614950197892,4.156435501375394,3.709921492426608,3.458512948973961,3.479320058218944,5.500560753084272,5.457769447542359,5.457769447542359,3.3929764223052667,4.988214061683427,4.173912446674649,4.961749326206888,4.927898059914439,4.217716895167281,4.209330044131727,3.679112705298947,3.4199334565957136,3.4199334565957136,3.4199334565957136,3.371876534046662,3.3718289211240933,3.557966804870195,3.1902346238596224,3.1884258925471305,3.1777709949839377,3.1766049542460024,2.913803509705768,2.868619631662558,2.8429156088729832,2.8315797855386067,2.8370493959427576,2.6299919319791183,2.5375321655813523,2.6220727617842683,2.6208905730340977,2.516605129986959,1.9465562600665045,1.8512898956981227,1.8411537203061896,1.807943435252647,1.612024387763738,1.612628252800888,1.5071179589558228,1.4807204959468476,1.499389199400894,1.484600477147581,1.492253733061557,1.4886694305537986,1.4934612802348968,1.4915946342580355
scenario_4,run_9,8.884066770743944,1.6500690469267014,1.6974331348089022,0.0,0.0,0.0,0.0,0.0,0.0,0.0,0.0,0.0,0.0,0.0,0.0,0.0,0.0,0.0,0.0,0.0,0.0,0.0,0.0,0.0,0.0,0.0,0.0,0.0,0.0,0.0,0.0,0.0,0.0,0.0,0.0,0.0,0.0,0.0,0.0,0.0,0.0,0.0,0.0,0.0,0.0,0.0,0.0,0.0,0.0,0.0
scenario_4,run_10,3.582273114314748,3.5839739140467843,3.598305367125656,3.59403419823957,3.584722202865659,3.587684519445129,3.5736694807681624,3.5701265208149304,3.579476801744585,3.548706347080553,3.5467927413397904,3.547321973924616,3.525156948543826,3.5253676305061457,3.5479385186888823,3.549996898970261,3.5485731008500427,3.54892117998166,3.5466131686711813,3.548125451657272,3.524606822969222,3.545793988811039,3.5467921134316978,3.548650250293996,3.548915254162945,3.525127568855351,3.5478825847383018,3.5454615113710344,3.5465813288951225,3.5493660569905248,3.5490670128234103,3.547922126175843,3.5497037006978687,3.5469747040246755,3.543441303114401,3.525148903789096,3.547136957468653,3.549123774980856,3.542574688342841,3.548862616214785,3.546156950124274,3.548629045350029,3.545120520730836,3.54880637885828,3.548276865205998,3.525132722969944,3.525219585324756,3.5478771982540485,3.546973463045344,3.525899401637246
scenario_5,run_1,8.941036551123654,9.039600829051482,9.039600829051482,9.104978009665905,9.040613752321772,8.15457326102272,6.849198220188911,5.351375438724847,6.849198220188911,3.734334288005401,3.726165876682796,3.734334288005401,3.734334288005401,3.734334288005401,3.734334288005401,3.851228678720624,3.8454853517512126,3.8384495544375583,3.3016366152052474,0.0,0.0,0.0,0.0,0.0,0.0,0.0,0.0,0.0,0.0,0.0,0.0,0.0,0.0,0.0,0.0,0.0,0.0,0.0,0.0,0.0,0.0,0.0,0.0,0.0,0.0,0.0,0.0,0.0,0.0,0.0
scenario_5,run_2,20.0,20.0,20.0,20.0,6.697620098965829,6.655560996065662,6.435636116835289,4.987460310412741,4.979922083184642,4.882694061942447,4.882694061942447,4.892410724219749,4.954977911765079,4.935017653609926,3.9800173202745297,3.9247440517996166,3.897045457802729,4.0665686837206,3.986096471284561,3.904752404112693,3.707336189517856,4.136274982296871,3.836395075142121,3.904619673807552,3.950703716470376,3.627107143346183,4.110069637419478,3.831697789556881,3.912500275082014,3.75841680235096,3.9714504229201903,4.117671277149613,3.900100778037212,4.342441913578911,3.817467697372452,4.177886816125924,4.002643811623409,4.091814255033387,4.072083472953629,4.191104487356528,4.549983032639855,4.48397309470424,3.851233085928445,4.151692701488684,3.7091505176784914,4.066167007972919,3.8561732029162186,3.78527232118745,3.667311593897052,3.7472882620521326
scenario_5,run_3,20.0,20.0,20.0,20.0,20.0,2.8334937701630984,1.4090426701449663,0.0,0.0,0.0,0.0,0.0,0.0,0.0,0.0,0.0,0.0,0.0,0.0,0.0,0.0,0.0,0.0,0.0,0.0,0.0,0.0,0.0,0.0,0.0,0.0,0.0,0.0,0.0,0.0,0.0,0.0,0.0,0.0,0.0,0.0,0.0,0.0,0.0,0.0,0.0,0.0,0.0,0.0,0.0
scenario_5,run_4,4.830358854089469,5.4370403139218375,5.25982592065696,8.04137761586873,7.745283684910872,5.168014756161777,5.081945682415303,5.023237808628807,4.793110046071655,4.792673320617299,4.783999657257617,4.775511326409386,4.774799898316749,4.774741376670383,4.774741376670383,4.774741376670383,4.774741376670383,4.774741376670383,4.774741376670383,4.774741376670383,4.774741376670383,4.774741376670383,4.774741376670383,4.774688923499946,4.774688923499946,4.774688923499946,4.774688923499946,4.774643705301379,4.77463647039406,4.77463647039406,4.77463647039406,4.77463647039406,4.77463647039406,4.77463647039406,4.77463647039406,4.77463647039406,4.77463647039406,4.77463647039406,4.77463647039406,4.77463647039406,4.77463647039406,4.77463647039406,4.77463647039406,4.77463647039406,4.77463647039406,4.77463647039406,4.77463647039406,4.77463647039406,4.77463647039406,4.77463647039406
scenario_5,run_5,1.6885287199395873,1.7075119702684336,1.6732344310897598,1.713175430511073,1.755344544514049,1.7147570872180773,1.7540809703927998,1.707583255407538,1.7090704373600798,1.6928212271209415,1.7229426180441036,1.7097078353797746,1.729603938720755,1.7071246196953196,1.7135941871068474,1.7206027138779216,1.724092616644605,1.7342487627191343,1.7298088900557769,1.480124388646861,1.735638446105845,1.7535489798038493,1.7186325101251936,1.7511711102097944,1.4606380107575447,1.650961621828441,1.6083800080782402,1.5661611682557617,1.434909046503079,1.6291939080800375,1.5008095983183989,1.6300060036836976,1.6314878812781286,1.6125210752100525,1.6245590561518783,1.573058348924071,1.6056247948645366,1.5997416960778243,1.4651106086087444,1.4199170162907828,1.434930201754253,1.4453655586189804,1.4188957012524466,1.440825257700712,1.434071122272674,1.463230457178936,1.4270021489382267,1.4281677785827045,0.0,1.446188789623449
scenario_5,run_6,6.337563924594056,5.517655615834817,5.353518706481848,5.347138757917869,4.905280141193599,4.619560659801919,4.647519853093718,4.610144516476728,4.605858137633812,4.591187428291516,4.479387628045342,4.501245845727508,4.486748168279743,4.487141949752543,4.485135544957479,4.465484963409321,4.468113538973561,4.465187604380955,4.49617391825759,4.448651663859751,4.495807468702648,4.482630544959817,4.483780723690283,4.491354877793459,4.479915443294209,4.460031597401683,4.471546185686019,4.462340884337833,4.502542502824561,4.469859427805946,4.452075967107424,4.491988371562356,4.485929023871484,4.477777285916472,4.491922829550784,4.453661652123658,4.480698143827785,4.496586967240452,4.493324318341973,4.479518411485418,4.502754274818881,4.476798326775469,4.478718387160945,4.478381934812258,4.475342569133344,4.492157359363161,4.453030842270306,4.46969573139477,4.464005536783004,4.447568399092812
scenario_5,run_7,3.346458500203302,3.340264115179443,5.216803342737422,5.325254725092489,5.252785855157431,5.32507157971878,4.5243500300149,4.198117441321057,4.171531173002505,4.3882603426297,4.191026896726499,4.347490858005088,4.298395317571464,4.275196498559085,3.4662676762259936,4.265637864828971,4.434514835257838,4.478263461843558,3.492809975280462,3.9565323281117295,3.6115731312038912,3.9384297626039695,5.413951224884466,5.441147545276088,3.7626058424116846,3.807633847475798,3.8113868826113495,3.731990623910757,3.587010641690613,3.69387013632747,3.750866784004266,3.7472475431500953,3.6542741805149146,3.587249475348336,3.65362116015961,3.695825476344761,3.71337431990292,3.711775266240065,3.69556599768114,3.642864800546186,3.688671909522963,3.687613892317021,3.5579458864297973,3.7494803423313448,3.4277003564854045,3.789548555975795,3.672114627862996,3.7309204534502,3.749067945980047,3.483787325290082
scenario_5,run_8,5.697804070435324,4.551942384956254,4.366582171654748,4.039727843313793,3.994606022609547,2.3321792626072497,1.8431506710369432,1.8638491070300487,1.862425132933777,1.865927627908972,1.9015830484569536,1.6848288079760785,1.8711549877657585,1.875486390597784,1.866805476908906,1.8533576166446395,1.85465655796148,1.7781941748504446,1.4467088661266878,1.492732211647275,1.522283526307477,1.4937916747098154,1.5403347303037578,1.4723155737864329,1.4494082681897087,1.5026183921067429,1.478957843442264,1.4734159496020662,1.4772308311399205,1.4608568119909144,1.4752043008395472,1.486809739397117,1.4750858723738467,1.4827229556058183,1.452055259042736,1.4677270064971997,1.4943510181918185,1.507296738641895,1.5056668318727642,1.502618995362788,1.449748391997614,1.5244147019971952,1.484743725596675,1.4571493393988717,1.4414785696897756,1.4697370086153072,1.456297301246366,1.4574094667682256,1.4391214674345347,1.482708409340242
scenario_5,run_9,5.331489691904011,5.326762960813468,5.005245671731924,4.653079903977669,4.343599943385329,4.349811758600665,4.346418685083289,3.0720437071738744,2.433166960440744,3.3394242072942606,2.4126194595276726,3.68941485057448,2.895303199770749,3.70423152810909,2.766481323817271,3.6979152865076217,3.676535821650788,3.006657118229648,2.4195834171489707,2.4766397892955645,3.787403672675539,3.7561188972618194,3.668648155237359,3.60346100594264,3.607340843980054,3.6319256083657634,3.6998145407499297,2.6962545517364336,3.743594221689822,3.799809501448168,3.024152781609227,2.80365400682821,3.099505148884501,3.61108285664286,3.651537261225474,2.532542696250356,3.6571963934131153,3.726387568148823,2.776417020671884,3.6251299229727096,3.638335274153658,2.824223239123242,3.433671876727987,3.6045674118749775,3.690626605360083,2.715654932564079,3.743243331725614,2.3930213474022777,3.650315156864469,1.4530694110690068
scenario_5,run_10,7.313874046371607,3.146850561823185,3.1032101787922493,6.807017144533928,6.807017144533928,6.849565268280213,6.849565268280213,6.373723308445684,6.525945153287969,6.489432413028757,6.386432706264252,6.209270552825247,6.3426034750617735,6.279345149807693,6.043424095138232,6.043424095138232,6.033005566870084,5.671302900016187,4.923526534049978,4.922248155409927,4.922246742048238,4.9207788815004365,4.907490680665873,4.907492113223636,4.883445296506304,4.837411494140282,4.837410433607638,4.837411494140282,4.837411494140282,4.837411494140282,4.837411494140282,4.825211537869438,4.826321643858713,4.815525621133167,4.815525621133167,4.81053441924813,4.809665348232685,4.809665348232685,4.809663320528361,4.809628849886962,4.809628849886962,4.809623780727903,4.809628849886962,4.809628849886962,4.809628849886962,4.809624794558629,4.809621753068078,4.809623780727903,4.809624794558629,4.809618711582411
scenario_6,run_1,4.355344118809455,4.38171265487156,4.358031472963162,3.764394491911446,3.616964947340954,3.654526081899173,4.046318833655745,4.01621736393346,3.340846821771624,4.438976599835866,4.149229994932472,3.381627110863792,2.652439492993184,3.373896870582195,3.3572716459141447,2.870734586483737,2.713666314193253,2.6944654966559107,2.6354342764330445,2.627620661828176,1.9283171431500763,1.7321326277559852,1.960007863054611,1.9409674320405053,1.826193175579341,1.8414606559119584,1.8533864172503909,1.850753113065145,1.9186305353294333,1.6538420738049078,1.5208833483808053,1.587862304786177,1.62314944099014,1.4473556975805904,1.5036633250229736,0.0,0.0,0.0,0.0,0.0,0.0,0.0,0.0,0.0,0.0,0.0,0.0,0.0,0.0,0.0
scenario_6,run_2,7.865638027964795,8.342589513934733,8.342587689474374,6.814351372705414,6.785783939251965,5.183926013827398,4.948292987401264,4.914557016527968,4.887186993242204,4.819441720254773,4.819457673392417,4.811760168289843,4.799859203990224,4.799844310430569,4.799845218573493,4.775403003694768,4.774160185807453,4.773557957816398,4.776936125529383,4.774507111794935,4.776936125529383,4.776825079533521,4.77613931325032,4.775666819476041,4.775064596950341,4.772865022795757,4.77537022760214,4.775501494806289,4.792448777809404,4.7813888552556,4.792186786853441,4.7857044539259945,4.777227740495904,4.774895215584,4.761280027680482,4.774026422053889,4.780004824563009,4.780324350859711,4.79054828010762,4.801738433183525,4.789697929787313,4.773066509354619,4.784846893466037,4.772959972550307,4.805692778509983,4.773377227317119,4.773685911224047,4.773048587042392,4.761459598607817,4.774289682671928
scenario_6,run_3,8.004704763280802,9.197665818030847,9.161256912877905,7.310486150571929,7.257501058681339,7.257501058681339,7.257520112829572,7.257520112829572,7.257520112829572,7.257520112829572,7.257520112829572,7.257469301816881,6.687868248019213,6.687868248019213,6.70130784840649,6.7054760916448775,6.679073011485666,6.745437758970518,6.745437758970518,6.657112071611219,6.729117159951915,6.675759837598924,6.736283070455676,6.698594994556831,6.745414686036688,6.675833756807729,6.745434369888043,6.745437758970518,6.700143729812839,6.745401780442863,6.702045226482358,6.741792667299969,6.706792565197455,6.673068492552819,6.74542124729233,6.745437758970518,6.691509019509183,6.710532175633396,6.745411513835784,6.745437758970518,6.687657185454453,6.745427808576115,6.694282541001924,6.745414686036688,6.688341617249985,6.741750446610391,6.649800547625897,6.745437758970518,6.676440400904425,6.634651277912826
scenario_6,run_4,2.782619494281153,2.679395928139568,2.157297300072204,2.0391044091925714,1.9118120002935488,0.0,0.0,0.0,0.0,0.0,0.0,0.0,0.0,0.0,0.0,0.0,0.0,0.0,0.0,0.0,0.0,0.0,0.0,0.0,0.0,0.0,0.0,0.0,0.0,0.0,0.0,0.0,0.0,0.0,0.0,0.0,0.0,0.0,0.0,0.0,0.0,0.0,0.0,0.0,0.0,0.0,0.0,0.0,0.0,0.0
scenario_6,run_5,8.674501940411782,5.883468488769879,7.521829075298917,6.815646559497819,3.382800511863898,6.584430073145247,3.8404467679513097,4.9462143160362375,2.049763126085843,2.1539575361735217,2.305676679444701,1.4908066387856078,2.0745454993730976,2.0926819690438445,1.7296694182825825,1.7944003497006096,1.7736723802163226,1.7330041870210833,1.7328431523757664,1.772888598402346,1.7310012367267598,1.716332140952925,1.7506672071588547,1.7069727687901664,1.7478464336091426,1.7744021710091342,1.7927866771444565,1.7040247821673902,1.629682972470591,1.6842331172694345,1.64042616428795,0.0,0.0,0.0,0.0,0.0,0.0,0.0,0.0,0.0,0.0,0.0,0.0,0.0,0.0,0.0,0.0,0.0,0.0,0.0
scenario_6,run_6,5.933524250999327,5.784657699292833,6.92135609079286,6.688171995814616,6.726453053355157,6.680971967902357,6.012116462060717,5.948033357643315,5.623173778710783,5.623173778710783,5.484659918840067,5.480347872509361,5.253678016414736,5.115538461109587,4.362732589731805,4.20778087960099,2.8307621748954235,3.637594943519817,2.706562076058584,2.691585544592533,0.0,0.0,0.0,0.0,0.0,0.0,0.0,0.0,0.0,0.0,0.0,0.0,0.0,0.0,0.0,0.0,0.0,0.0,0.0,0.0,0.0,0.0,0.0,0.0,0.0,0.0,0.0,0.0,0.0,0.0
scenario_6,run_7,7.643344286922636,7.924231776919407,7.780743086461967,7.428502952420597,5.921169488323881,5.012901129991656,4.048445226827122,3.6109373958222126,3.438316798660908,3.547113280413072,3.554405134226097,3.4298368256445126,2.707555658408755,2.708303442635513,2.547427261024931,2.641310789373344,2.6096245855258293,2.63958083604966,2.651567170248304,2.5854571944433524,2.6406881755555696,2.6152080584795145,2.593316580952607,2.6532218190667844,2.547527949741242,2.650955627686929,2.4122853549339736,2.588053216331417,2.6387106496697954,2.620287642276967,2.607177707451501,2.64055826866232,2.632071376927528,2.58964543453414,2.6449630053226207,2.6123506998961097,2.471093486766081,2.640115137703203,2.638495623880051,2.648281925390848,2.515487213436185,2.6418730399302803,2.5848642718333457,2.647090910368011,2.596093844309317,2.6406590148120346,2.510827942924448,2.626155822565836,2.6430311189134525,2.56773046593478
scenario_6,run_8,6.433655484841814,6.175405368903172,6.021674453840947,5.780525054897606,5.74091670172552,5.451793390620719,5.233933317346218,5.196298913930906,5.182315233093038,5.029094795069286,4.937233815972911,4.899900672797782,4.899904318329795,4.899903508211479,4.899903508211479,4.8999016854454585,4.896235120316211,4.896218517837754,4.896228236359088,4.886342983408869,4.885653848982952,4.885653848982952,4.884518084019932,4.885653240182079,4.883973087901543,4.883958521183582,4.882324119694686,4.882327036079228,4.882327238958177,4.882327238958177,4.882327238958177,4.882326630321338,4.882326224563462,4.882325717366135,4.88232551448721,4.88232551448721,4.88232551448721,4.88232551448721,4.88232551448721,4.88232551448721,4.88232551448721,4.882325717366135,4.882325717366135,4.88232551448721,4.88232551448721,4.88232551448721,4.88232551448721,4.882326528881868,4.882326528881868,4.882326528881868
scenario_6,run_9,4.914120022080182,4.909761810500428,4.91122618515008,4.901614418689229,4.903576878056086,4.891519657169211,1.6451294339447435,1.606625566976916,1.590327115739172,1.6229962815625432,1.595742992930635,1.6071307963481647,1.6553256704245292,1.6205896707867842,1.6359827786011352,1.6212876906819451,1.6086650245764642,1.6062971946358529,1.6557860169740728,1.5881880829913742,1.6558878010731517,1.640445237873682,1.6633197049472497,1.6754972394217778,1.6248383120142569,1.558744754677711,1.5431989782224322,1.547498818711337,1.5232694034195835,1.525466143254887,1.5883930170614031,1.521443956339798,1.5256679512284914,1.5431450814077103,1.58608814584234,1.547933435804447,1.539395602464134,1.5204974230205304,1.5409478306713458,1.525619360480455,1.5548246113405486,1.5281710885116595,1.571496798505708,1.5717797311234467,1.583546996291269,1.5699202161508286,1.542625569310948,1.541562719123057,1.5683669186300715,1.5408039161814615
scenario_6,run_10,5.2959383163297895,5.106533436874038,5.06056439273835,4.873328219251209,4.833428697746918,4.79840218253483,4.83435798606604,4.812886826511916,4.807782030084828,4.830386474884596,4.827522502420156,4.85378400485232,4.798493650012208,4.844358262559518,4.822199123629573,4.818694969338879,4.824563217925322,4.820866233134209,4.794797743429995,4.868330636814058,4.832581695478534,4.815950732394116,4.824720405837256,4.7881946389901415,4.813942927007631,4.835699314706418,4.8359474992866565,4.824703305474175,4.856347822516503,4.82886891066549,4.825576819122567,4.822872066512102,4.829747613506317,4.840508586279166,4.826923946724038,4.831568448953662,4.8312947391610885,4.824378848781457,4.819747617112284,4.793312814460589,4.835695501405779,4.856026084040954,4.858105966343017,4.844586488616323,4.854465261637118,4.832002542509029,4.819906061443245,4.797745851965857,4.823939626001894,4.8156444263427804
