scenario_1,run_1,7.145026300672553,6.940674273505995,7.218017818764214,6.424828714585866,5.871363956630887,6.126992416177241,5.331266393491231,5.191127063000215,5.919780627308518,5.591860187714668,5.166864642912119,6.020228547194335,4.346624433226831,3.7088234228903296,2.482380598944143,1.9745166643966752,1.8668534302634991,0.5329610793980021,0.9170283202347302,0.2516281857533211,0.8104103383484895,0.2345014157232334,1.2726277410552729,0.0,0.0.1,2.1539972559110736,2.0723234993036552,1.9873574935778704,0.8857622595259855,0.0.2,0.4321829509002386,0.360068437884013,0.4305737591540776,0.3609166182353977,1.041027134907991,0.7764637947436623,0.0.3,0.7967879836659613,0.375833374099689,0.8551782423181702,1.4347612861618717,0.5508704260874678,0.0.4,2.425784178135217,0.5693012993366761,1.1300249915501603,0.7537719724369027,0.0.5,0.0.6,0.3108308656639866
scenario_1,run_2,6.786970510144618,7.057577516255077,5.070173318881095,4.426511882479542,1.7393423326773436,1.1108366553168885,1.387282878326654,1.5625974111327938,1.2041283355881265,0.2038804126298185,0.2095335469219716,0.0,1.892104284215278,0.8084320589648193,0.3559423815382735,0.0,0.8178460646454859,0.6783372107131405,0.9831964488121884,1.4561815519621295,0.3579611929966136,0.2229660173241937,0.4997420333671746,1.208314356282458,0.5414004410193874,0.244134132300876,0.0,0.243183993900126,0.7543003912811379,0.8936291017850586,0.1488726442291711,0.5218562768746031,0.6996521322740453,0.8424315172659995,0.2248499191446604,1.3979441769839531,0.3808041616928245,0.0,0.0,0.363481223159443,0.0,0.9268941135702882,0.0,2.7256428906203585,0.6472097120695655,0.4753849234063215,0.9599537475014202,0.8237559655199929,0.6045273753328217,0.6630120413165423
scenario_1,run_3,6.570075250972977,6.72191976197288,5.52539105134402,4.974882785400493,5.68733942748685,6.60227964719863,4.319384931965891,3.60121618844312,2.599094180504195,1.5234463613840776,0.93706915508855,0.6681829695598245,0.589131028000141,2.2459100058582915,1.916412486009473,1.6420022239324978,2.1816512902705227,0.9570623323959022,1.0691297260204586,1.0251910783097034,0.0,0.357983900483823,0.5365235049589572,0.4407596679008395,0.2105175158754281,0.0,1.1460337048749898,0.946390934675043,0.7287509123909324,0.9688778079466156,0.6108231744642192,1.462384403063545,0.0,2.017907444289149,1.3922655749728583,0.8138741291611927,1.1768306455583497,1.135039743162252,0.5427843624293578,1.342358477985011,1.188533778165312,1.166872254996108,0.5549346194882928,0.5327373786764892,0.8096441399766041,0.3585274373448935,1.3831860656940176,0.6152053339060057,0.8191500058923316,0.5440121734643097
scenario_1,run_4,6.208856109435876,5.898525146284365,5.056215603727614,3.530136026526449,2.315235134133622,6.287754290627356,5.177107176677745,5.196017272642111,3.817477243319229,3.969432848542487,3.79624580168229,2.801441258910374,1.2326463161223669,1.7872799382100235,2.009109458904605,1.133113266897327,0.5576086751175481,1.6529880556264125,1.2850045872949374,1.7558529275099517,2.7323511679072032,1.958859541004994,1.9624238606939657,2.1268816012063936,1.2118672644566006,1.7219721388464244,1.313541799468301,1.2306047915808018,1.948388083648496,1.4047237385967446,1.0387292759022375,1.1503272969249398,2.2121067869820594,1.534113976072523,0.5634543740626455,0.8373567470234928,0.1648786653307906,0.5602081569311526,0.5652357666627271,1.231341132050198,0.5827412984539244,0.6986312391286695,0.926717954469706,1.5154041000789813,1.5380148795112032,0.7956525442391674,1.2923848307513728,2.537940400699907,1.49784831117469,0.9284037911560216
scenario_1,run_5,6.744180104614434,6.0295554658855695,4.458195932027882,4.620090453117642,2.4271603951002003,0.6226075450021223,1.347816105526488,0.949363372053676,0.0,0.1988809626519403,1.0428502262955892,1.1812980150206192,0.0,0.3751784741030377,0.8843270860378365,0.3744830729364691,0.0,0.8418489066198586,0.3363163420048499,0.3211020273872083,0.2448107080779646,0.0,1.1510969210344693,0.0,0.1991887802166701,0.3845462547312914,0.5326383910148941,0.5889157007638823,1.5999658587790828,2.0925649078117194,1.047468423064719,1.1113011413468916,0.9951499712400468,0.4843071310391713,0.9405599654708634,0.9190165504630826,0.3156843980306236,0.3871964247347275,0.9553498743045712,2.359392693311294,0.6347876659902367,0.3558314542734725,1.4192176611311909,0.0,1.2082390402655758,0.5988352400387564,1.627017058727558,0.3613350265740075,1.558542117582599,0.8719288693134153
scenario_1,run_6,6.536457870061506,6.649786592243169,4.50539740359507,6.007590035703997,3.4040556312650248,4.540580699165418,3.2440859946603338,1.5228887685197547,2.484589440671505,1.4871440491313226,1.776324773776636,0.8211464384843932,2.745902153361397,1.5171635498284577,1.0430460752680175,0.2712973512416635,0.219560763644341,0.3742128834533541,0.4873853838803278,0.4449259904704948,0.3711838261754122,1.0906039770991327,0.8452034313970685,1.073294675724427,0.3807544409847069,0.420647007457067,0.9122295536835974,0.5844749151395077,1.2029801880263562,0.8188391978781622,0.8051500091264927,1.4165940707461306,0.2045567270836292,0.6559861191909685,0.1961025599029011,0.1892158316812417,0.8936898666523874,0.0,0.5530884790761561,0.5799797627576306,0.7511877723526347,0.0,0.7510081752895326,0.3116969608627054,0.5916118543713015,0.3510257217587552,0.2884605879411788,0.5409066094293096,0.2517353294518606,0.0
scenario_1,run_7,7.557812075314432,6.5872517111118345,6.1431347780450345,6.373952430487881,5.010342371876443,4.5730325294879695,3.9706116804216776,4.752843797758783,3.5546061196864343,3.8549531744139,5.09303715133612,3.859031590272658,3.35756349257556,1.416516665923122,2.659220897278847,2.410709704273392,2.057220801609345,2.535033399902104,1.7846498731651117,2.259784276799981,1.3358011637694045,2.5710653081834005,0.4734247781324852,1.2475654713310262,1.015996731496049,1.2619744124389485,1.493898462447156,1.673859564928712,1.19363582352283,0.1261860597482611,1.9443285629172904,1.15818877417904,0.0,0.360601296353114,1.1752147855283666,0.3622630709003335,0.3851491427318739,0.7291549535731248,0.4814297125763939,0.960572390147667,1.5563719050691307,0.8454159806655899,0.7633534992358885,0.6964634934959884,0.6450250329589752,0.8970436081540576,0.5694578302415859,1.4131125583004067,1.6217699131335934,0.2572295374031669
scenario_1,run_8,6.90713032489533,6.215405934767756,6.322593793223331,4.160935370220025,4.876773780561519,4.359368002849491,4.10790844873561,4.501995116304903,4.096250868724136,5.442956689604218,3.2337378480175767,3.2744104153114924,3.166424479671067,1.9802375449996903,1.2732563105052548,1.4097653517055804,3.163591705349237,1.7949904221845814,1.8180105472564747,2.580489491223943,1.3975676140024988,2.2331436347920044,2.879460604358312,0.544157651761474,4.329087060412882,2.4014045661217134,0.8501742029789833,1.1421452017724163,1.010037703726869,1.0354506599684858,0.6767172502532149,1.052466735454053,1.1596612380559033,2.103452826102272,1.3541670262238177,1.7949813943681043,0.4799697018645634,0.788837152761278,1.355001068896286,1.1723897426480885,1.584337098017184,1.1005789117318805,1.0442575539633847,1.0191574115166586,1.7997044239078392,1.6761299992522871,2.7777089413004354,1.5423176339393676,3.271374376333772,1.3207821454022028
scenario_1,run_9,7.026597182585688,6.389472135130165,4.663392811236228,4.216985734802213,3.508757713165012,1.3127431327320165,0.517881339979555,0.0,0.3160421462070714,0.7575430999169923,0.4327380572306348,0.8214708930045622,0.3697986202069997,1.098082443521298,0.5555113659637453,1.3590304630949988,0.2039260578739078,0.0,1.323782475195416,0.789472610468423,1.2350709675515872,1.4385926793202417,1.4295197902335697,0.9519292068403752,1.872145675180024,0.0,0.0,0.7942979224696604,1.29969256830252,0.3558416973551603,0.6237513861263253,0.9691641701471708,0.3644980983916083,1.204209586016562,0.0,0.8707718966127356,0.0,0.0,0.7969613675136115,1.2470985308044022,0.4288643721400853,1.4554570717912962,0.0,0.6092581591184056,0.3747269295303791,0.0,0.0,0.7017879203937041,0.835389769220592,0.2976256685983739
scenario_1,run_10,6.528492801302039,6.246347055161928,6.080812653270785,6.041128822468472,4.786164839355588,4.738304662174386,2.8713479898976058,3.3339227575729566,1.8674335633510013,1.9047557479168613,1.3035566656975657,0.0,1.152979678983351,0.0,0.6304137457344497,1.307684862846809,1.3144089951718343,2.3308872370210665,0.383079389283152,1.051399505754306,0.5793347707025885,0.4459814342315387,0.0,0.7747232912919652,0.3679654282009682,1.5362210172728286,1.4000469802887756,0.0,0.0,1.4610563967155414,1.4428188897118877,0.725823038953612,0.6032779960867712,0.661866859465152,0.4429627051848238,0.3258831988966377,0.1933230748810192,0.0,1.0922598291978507,1.8877318653428552,2.291862268249552,0.0,0.9840374818052632,0.2020081216450463,0.6668620751804751,1.6361200005319825,0.8905474453724956,0.5336412894229361,1.8528962987156608,1.158340232322009
scenario_2,run_1,11.33111196070192,6.441377191255381,6.766754362837713,2.7452454320667323,1.0322509480718425,2.597969843813456,1.600278030678981,1.6001715595312165,0.0,2.399793861507585,1.6000037735708876,2.600267476308072,0.6002642549388687,0.6000790819375482,0.7757265797190697,3.600201612721186,0.4001866965919155,2.9979634622393645,2.3512273593975213,3.000894600962225,0.8001332096054238,1.6000752078659282,1.400160404427462,1.4001118496194216,0.3994083755134143,1.1946680209905125,0.6000721606266782,3.0004454463626606,1.588225858482982,2.800273569955397,1.599842910551306,1.5980668961463371,0.2000835596745873,1.8002066643085164,2.400175413133321,3.400177978806477,0.7981121547607869,0.4843358789142288,1.187422169570271,1.6895133717418669,1.4001893306481483,1.0004534459440555,3.757651894691835,2.977996135212309,0.6760750456509267,3.0004663611268376,1.4791043662702323,1.155257139851824,2.200535896745391,1.3999916300553683
scenario_2,run_2,13.439504612189898,7.722156891603653,7.413370923949874,5.483016425173155,4.112526598932648,3.980694561441699,2.9965459638424496,3.806098673576413,3.704732165830524,4.473102272575855,2.7035446441730886,3.510022479413254,2.523621922655507,3.379139267901356,3.3865143865672,2.45416002069087,3.2964350509338067,2.4130323408349126,2.316604628126121,3.943730138560872,2.0083227196998967,2.1219592215179484,2.984583307424278,1.957055482941645,1.9478694687974385,2.0249809847824696,3.745068050398866,2.9341392179686605,2.8480267290305283,2.8774405898338533,2.860756398197908,1.9331661709615289,2.8752924657874326,2.748686431164394,2.732241418893319,3.637511126057188,2.92141619650606,2.7007770887861247,2.131954720007209,4.584402587437798,5.384220525150103,4.73077698175822,1.9213459691044723,3.534026325119831,3.5020731458559986,2.652651477847233,1.712756858599961,3.3985195606391114,4.325791603149982,3.322475348637302
scenario_2,run_3,9.840883185373745,5.618090224983221,5.24037438058936,6.703544385679038,3.9703231922541287,3.9703219661783513,3.969315372861226,3.97032070913277,4.5943476398316205,4.184087482116025,2.881867166922216,4.592134498220694,6.091259191213843,4.2103079719405,2.5944223595563933,3.262455144430427,3.894651377847544,3.529618742486929,2.7319373558894275,3.526462345476177,4.206605721446211,3.0290021579561657,4.991151405485886,3.109848829514798,3.2264206751828874,4.829317826872262,3.161270104291701,3.326110198836878,2.881030661803373,4.670067300893363,3.260347741904998,3.2209599953364645,4.812561898049436,4.87995171667539,3.886611408514459,3.9225192438922543,4.938773079762307,3.9519198050337976,4.6014709216346805,4.024099551541476,2.9278380224216267,7.277976598564182,5.521631523657159,4.7041485971829085,5.908526534813583,4.775531038344676,6.675401418746972,7.378581480767896,4.831795911942416,5.062382358198308
scenario_2,run_4,11.251337043624924,7.656874542752488,9.270869661870154,3.912532234998349,3.726446208609184,3.6335524302383697,4.403649177447365,2.4855807269805177,3.1894695181508697,3.01800757367872,4.77063626788272,3.816471116132816,2.155896869558336,2.7995981891226647,3.0417506713811013,4.901685856368559,3.853917434241461,2.546737177414752,2.615486058841636,1.473665072226836,3.2028824331483845,2.3778364872173485,2.2112594487333515,4.305181874016389,3.995246357981126,3.156256159278929,1.695109131350237,2.003466519877609,2.20361851557288,4.500145565991447,2.786545997081781,5.631112575729292,5.538390494901149,2.960742066157887,0.6200063265827369,0.7302360619555637,3.9424447716426783,0.8770540745839167,3.0150720202355723,2.1165898372533416,0.8581436737336947,1.8258578076159524,4.355098314830662,1.691466981183363,1.1208047984998335,1.0786330367653851,4.185773220640057,2.9619782048925205,2.9951399567414763,2.861986281717856
scenario_2,run_5,10.742638788390922,6.416565533248878,3.8604996007307895,2.726632083335992,2.2365497962413885,2.322700645979324,2.2724774196072848,2.291290479529214,3.273652966510634,3.750291986013037,2.8463654157008813,2.508989486894717,2.28354813198366,2.899828245657287,3.3921804510033384,4.177538018543435,3.734382880010573,2.5872661959977004,3.0523761522295034,3.045288404309763,3.2950676831192034,2.809085060893483,3.051288428242529,3.732502233231768,3.496563398901209,3.1638657682059046,3.160353791151923,2.582530259851737,2.700889025687754,2.706350983091059,2.933734371168359,2.8070081052866933,2.944350642050183,3.629495238410735,3.847528080166034,2.803149924438558,3.729181946579175,3.059190293824072,2.926543096773244,2.8545633775479,3.991787540071335,4.318998100044999,2.9021993277494165,2.704700997974876,3.282350276798945,2.6774335182895537,3.633077524278588,3.1707688350469154,2.810743574269916,2.699840665198529
scenario_2,run_6,9.048550664158611,6.635953782346124,5.136703904762759,4.027919327762214,4.820901054490326,4.843347981200758,3.941656117356621,4.777348971455435,3.0262736256192406,2.9091243875477018,2.61507444338528,5.124185287847704,4.237393663086816,3.10683289224509,2.9043841106644788,1.9625837294852733,3.684371705892104,3.777587518852744,2.0623695101339625,4.7837486521807175,2.683106014589617,3.5667443445573865,4.475393699764451,1.8182231375964992,1.688812046559503,2.5561203588593,2.6624468595598074,2.656825573077998,2.6094311661323046,4.495141474366778,5.969107696915488,4.706121963145708,5.189250931451472,4.8415025433917664,5.505071084797683,6.890830080382012,3.850281581913914,4.518110480513305,3.968000127070332,5.048988283010426,3.2172200450166444,4.91479683368378,4.57868976629242,2.0229045200226348,3.063164321512981,2.4082786681172665,3.307851283405069,2.051308667776682,3.597295106948869,4.092555124387159
scenario_2,run_7,10.954620806346895,8.115822802791028,5.822941372926821,3.5669774525853413,3.5575484744758006,3.070138654396248,2.996261073755431,3.9799063014697857,1.8761366267875808,2.65113201228204,2.0641031284656,2.352417159078718,1.8278333053967413,3.4356599383960225,2.5894956449189666,3.0348027039112324,2.443775525200843,2.3251900379602626,1.9940169721220564,2.356155075909256,1.9328292014677928,2.8541037874863635,2.355876877943668,3.125625064975789,2.6621100410760907,1.781184263794239,1.8846174922790784,1.679178628343334,2.2995555345179755,2.078737940726224,2.918562962686941,2.285515536818616,3.025177693643471,1.3010084229326786,2.33014125766016,4.534381888351343,1.895339314265345,2.9836892377581505,2.1578902516972267,2.1335755315708207,4.36822170465633,2.052040179821029,2.525002724165589,2.0092086509234064,2.8196490002241084,2.524225378938288,2.2347035115230263,2.908765181361884,2.686962251708178,4.505813576753463
scenario_2,run_8,10.41216981707937,7.425128360787285,8.974741886618684,4.201982479588255,6.583149536390335,6.276654355958221,6.181936162553965,6.1031340357004815,5.462890930574834,4.8801888749245865,3.72912113070466,3.82833652650104,4.663326656864363,4.268251296575719,4.034187520341562,3.5624322766635905,3.704346401525776,3.759500217228765,3.468107138333571,3.787768894597666,3.538655013692215,3.843535751340644,3.3211759826793106,3.2896485407355534,3.611486551107773,3.70760311725343,4.876902589605779,2.9612660007349385,4.413606832785055,4.580244898139474,3.206253583277703,3.18768508038876,4.229803016105445,3.355585001974356,2.990599420225991,3.791367639833015,3.512489474655016,3.200471673098772,3.6267123473115497,3.327435349530237,3.622362268224903,3.826390439013124,3.5605031455999514,4.4082081847118335,3.5442362715884577,3.878773340545559,3.303668760403602,3.5119704050525344,4.508979831206374,3.7267063301501215
scenario_2,run_9,9.443694583867345,6.525271324890812,3.3324862532947845,3.6237690119168953,2.6892956377004595,3.3023092911571146,1.851791841248983,2.565577293145258,1.8562944671892576,1.4857859281749417,1.6595941512448529,1.6942859634795178,1.441654184557948,1.5199245783064186,1.8363839062003309,1.7455201572037833,0.7564606704318606,0.99045819501242,1.1370087724992803,1.6337184546302808,1.0604282872138775,1.600863144524638,0.7966884627956334,1.4597167733011958,1.230825706918804,1.5741838901345908,1.3092703853702106,1.5175006020322015,1.7636729417013786,2.005041814855807,1.2757677476510898,2.4028580646826763,2.034575130010307,1.3810000066041437,2.160971997894516,1.429976441245725,1.3039610497965777,2.4091323645870704,1.31708425659553,1.7310747530742483,1.7014889207257569,1.2196599516552706,1.333530517272214,1.3868503492032542,2.02053160961479,0.7763980733560367,1.8974359756189128,1.2228262890872834,1.3211842424224316,1.2768135358850763
scenario_2,run_10,11.775294458952846,4.009918825124275,3.10530213699114,2.914914199241587,5.794115853516403,1.7869143475056553,0.8917034473653661,0.7424766947542258,1.5833279984338642,1.6623139865625347,2.467088946665626,1.680658773151972,1.3849457698808922,1.073364779688882,0.7191245119081394,1.384865107579271,1.3748387104098831,1.3554623226397504,1.5168370559541842,1.676976753593771,1.9856908560900903,2.061832397305327,1.298086048265351,1.859886653081444,3.410453548126269,1.0220513018292476,1.8395757574398728,0.6351749677755096,1.6839766639405105,1.4933602382448257,1.240869919945327,2.306088394597434,1.2377050534357554,1.1878547687975014,1.2528749204677188,0.5894781247537331,2.0578233911243458,1.6447158750582258,1.8250779927845868,0.9108155977289318,1.518745029317082,1.508433563827548,1.5262019835500549,2.0215203132698925,1.4071486820325705,0.7889475306667884,1.5583671251523434,5.3712537532509455,1.3204191990142051,0.9072643770347856
scenario_3,run_1,9.245959835857745,7.364292644771562,6.621141362187393,5.571181662240869,6.041105611273533,5.782056889308764,5.191126245437242,5.905014902860815,7.694961503900768,6.758578294912461,4.2609497155061415,8.234002140958115,7.28092853254454,9.03961776956204,5.3275806523168425,5.770046792891085,5.868817304587344,5.456477736903683,4.976855847679564,3.8043848991534106,6.598267973299262,3.347330752569661,5.644753078103422,4.447475268370099,3.77746861225257,5.660387552158214,5.222355411654308,2.076313364151152,1.748061643678195,1.3247280193237585,0.7892978084768761,2.0145977329968567,1.572683673285033,1.571373279196236,2.886751805598468,2.4000187361166163,2.1202436636152773,1.0031128186915852,0.8721628408840412,1.2582416004842254,1.1276513516720494,1.7410258738667774,1.539986233005001,2.87044433013706,1.5726335046304822,2.815464969652532,3.457502106838033,2.47666134030556,2.089814247800546,3.32341788619947
scenario_3,run_2,9.783955630669553,6.354432525987692,6.864361637620611,8.406477075043991,7.274255045830765,7.08482116181718,6.886809940342479,5.301349204050483,3.7443615397339705,3.312192081187496,2.1515392501877355,6.386614902275098,3.037110678211758,2.889282821696934,4.619394372354595,5.700822473060034,5.841600999374017,6.8984431179058205,4.640475589774933,5.155101796701667,5.040321953690412,4.589058780775803,2.455668348852845,2.8772532460915308,0.7874962852158209,0.6399989574996507,0.945732704612346,5.767592164756331,4.089701758462756,5.840098311925496,4.08914220941864,4.224841672682421,3.2532377654334788,5.841015961559895,4.150980576136009,3.250779352610836,5.836217587444618,5.764814149983927,4.965540802106936,4.926582702228362,4.925701960206353,8.273794294692559,3.328215061598006,5.839114430484243,6.601805243935213,4.929641240001248,4.092599235476958,4.92363039068437,4.923339871811772,6.601885632961514
scenario_3,run_3,8.921021020167577,10.237746899795429,8.027020672588382,6.836035094285393,6.891290763106317,5.89341941737353,5.800185879126744,6.780346118782757,6.172531911097882,6.085585854169668,5.295332789998932,5.085016820719803,5.632761228141833,6.484516756538523,5.276201889709669,5.175164943279786,5.2823467187591415,6.257047827785012,5.988097738647463,3.6984605753432818,4.633409479843074,4.1869119203386,4.06413371124075,4.366047346731551,3.777635834459764,2.757698601765582,3.650166435641566,2.6700921616452447,2.56158941704134,2.576599088011109,2.682122424688837,2.578444213574685,2.46968175533769,2.481143985264844,2.243111248016405,2.5039450435011097,2.1834405369479666,2.077460560816636,1.8693237075731608,1.9131745211673543,1.0144699980789662,0.7362780545157798,0.9114025740125292,1.484981722534526,0.5944693827539124,1.5944278966788852,1.5253675837082885,0.2617106859447583,0.8979441775914829,1.3685588120511365
scenario_3,run_4,9.048919917443625,8.869351676459697,6.928036286814742,6.654674997420143,6.174211037944066,4.710301840564726,4.646258620922798,5.372964954425639,5.39972305394789,5.465493185393376,4.128061516181892,5.445955399841421,5.7488191087800535,3.532664757947484,4.15083545188224,2.9343799743928978,2.155810605202791,3.0052004844085145,2.463302157452228,2.5370102155518794,0.9482905565623436,1.1859319520324645,2.683568534001405,3.242756251690412,1.970736662902829,1.5179637639368315,1.038298484736913,2.236355777500306,1.187259809467251,3.5979560057573403,5.282707771892846,3.0,5.2104380608683085,3.3293977222510485,2.2515718742569373,2.0754454322712226,2.160094570232631,2.2740282386385964,4.864988153558941,3.5859905507624164,3.2008304633215507,5.07549201513995,3.247914975708185,3.267339064444053,2.0,6.322526837412822,3.41346856956404,3.499824229657294,2.0,2.514359106215542
scenario_3,run_5,10.735783131084384,9.759456733035387,7.546319926465449,9.234093194372075,6.255758824814556,8.220464405960398,7.178749977834075,5.87537104533795,5.423728895633582,6.222597719585187,5.270745925725381,5.501162348119035,4.331676293911384,3.971897491794208,3.8560017952015606,6.119467299729351,6.202073863964178,3.3795722199107594,3.628638058269448,4.492746111728364,6.055790314302045,6.093993303107331,5.877955640682191,7.7302423539865455,3.3672866484901136,4.426119650738562,5.905797666734693,2.6750344379138085,3.475907436924412,3.746009038344468,3.6032154307193225,2.5970575286953874,2.391180653413368,2.183230008583721,3.009501733213493,1.9797706287526973,2.8477483778131534,2.750394122143053,1.2395570188890288,1.9929490847211848,2.217385974827907,0.4536031877802323,1.128649189509509,1.2913876607210155,1.1869398977517376,1.915229788972068,0.6664936368133632,3.261440406874963,0.5317471837335903,1.371826181026892
scenario_3,run_6,10.51468791429777,8.039580283885233,7.4470254815402654,6.078520320172288,7.254133645241611,6.482836019495345,6.580716394065862,5.925670669466239,5.56896559859226,7.774289686681963,8.74585313612771,5.187824038865903,6.53604399968709,4.624182779439062,4.52852994079083,7.009818316229851,6.513063560300347,6.229337501047605,4.1390965229391705,4.66516584681673,4.997799596788352,4.920039952956073,5.797782221609599,4.560896868564032,5.729128243052023,7.596868346609723,5.74997005562996,3.491177012471767,1.34222251915508,5.2922961313039485,3.606049141767285,3.154839971224236,5.097262705156754,2.832736157071569,3.398818487456265,4.075919706940952,3.4041910950827963,1.9430742636198264,3.943867469193633,4.4789795476029095,6.157183274164169,4.0,4.151113792419923,3.078499063680359,3.166587712964616,5.4774696470417705,7.371826783611501,6.113814201095771,2.8287894949663146,4.69410385870467
scenario_3,run_7,8.283725715043882,9.03672786214143,9.170710518591957,11.670816183046943,7.746906601095435,7.617948225772954,7.518876161591716,6.451303585708662,5.231271214164629,4.17235704067464,6.100669639052585,6.460352653928149,5.687362436950426,3.939440006427367,4.63773516310774,3.974027439091041,3.788060744616338,5.081724876434243,4.086402450903086,3.703620633586758,5.465939044603127,5.43302964291083,5.945105973553995,3.943212391231961,3.7860058082844814,5.314473115036719,4.226221567211815,4.143835099406482,6.601610598065378,4.144723540180267,4.09149516181976,5.815197844701426,4.169795257060494,4.931153882798325,3.355790886974422,4.171645109002653,4.090068056195859,5.846825063341387,4.996632791506984,4.936029833519916,3.3025662100730826,4.088027243825355,3.259954030672165,4.952307102021581,3.2647129898160445,4.266686714411516,4.124439359696778,4.151723635876588,4.185187332536165,4.983405506324374
scenario_3,run_8,8.94275353307984,8.45184686172712,6.329102838379129,7.209087344991126,5.080486120968736,4.78843380338581,5.3018487631023135,4.747160826285748,4.408531203517112,3.93221776776728,8.440127963225844,5.137602507149399,3.65812958678831,5.3498685233148375,5.709580632889046,4.547608878480134,5.606238920958563,6.605801159371749,5.719007636716947,3.313106953692878,5.888673191177356,5.887370237644872,5.346297185387742,3.6839204092231648,3.5590656945430355,3.189017832857965,4.7535660439763365,3.7915379074964486,2.634201976229209,6.6480741601740805,3.876430346909375,3.669093636518136,1.2629931058855983,4.163290544098448,5.418117500139695,2.0510437041566205,4.790886063411887,2.765034515100224,0.8218167867490804,3.243083083266268,4.336157287488957,4.567089905456142,4.478962330760458,3.801236832587442,2.4746006288929188,4.226006396199238,5.101276325732827,1.938390905454795,3.934237221609944,2.669803140626862
scenario_3,run_9,8.048574995065742,7.258846888476626,6.297831456351815,7.09316225661099,4.335252410115916,5.633061030212351,5.438539687864666,6.58900344799782,4.705174063304238,5.624513140314964,6.682436627907194,5.229603343300308,5.760190379011116,3.379817060107962,4.475342454376373,5.13525683010997,4.193295961465807,3.573191040521229,6.108025862950228,2.8778286623621363,3.8896254407336186,2.5186173414317854,1.0869727139958243,1.4400421934762957,1.0038298399057657,2.161361401753069,1.73788277031507,3.071046563588573,3.2093619883064006,3.574461498474464,3.7916846336725976,3.2298136585914863,3.000208718559464,2.536547182381749,5.094292805029517,3.185055131455188,2.711017052580018,3.1052091569048765,3.687856831349333,3.274791310459977,3.691664108057077,2.785854594483312,3.1447697816732125,2.700423137673305,2.587208202099358,2.9917971430118406,2.94111879353241,3.169274995383452,2.68131688889128,2.589071327104926
scenario_3,run_10,11.12182279243137,8.52280442719317,6.824952358404777,7.767522917070408,5.68847691980643,5.628188021590473,4.348337568813745,6.524251309326731,5.321743861901801,6.100271955405998,6.328295529909273,4.091773997099743,7.178430119391851,4.478430994011739,5.628477998681476,4.004299028492565,4.839308860282752,6.874456275480474,3.614079080920592,4.915076455651563,3.697141392611512,3.03156117970911,3.4913153126453778,3.7406338931302,2.713637783658581,6.625050804442344,3.1259377107634507,4.198754173327911,4.151490051517594,4.134057738231075,4.047156665165103,4.08755125793505,4.109095902225809,3.928993733884949,4.074836974701713,4.415090215595005,4.288326409951953,4.556129992989045,4.396046310146885,4.12112260230043,4.223290610089902,3.707610729279742,4.372359168379946,4.090984330669847,4.428380528511225,4.158801494521306,4.117332063939476,4.771663697120177,4.155428669301377,4.1687443537751525
scenario_4,run_1,8.392859778561908,7.078827966151498,6.606535244534031,6.283106542060886,8.034538889497705,5.8042020862702,7.071173767911918,5.341682612998136,3.744308968312749,2.9939171677653524,4.581805295488131,3.284439209351003,1.899730617760322,4.055640564215421,3.403576844142743,1.900310846372927,3.5269905517201203,3.227934671256066,3.178112257914036,2.410714355412535,1.7599275874830067,1.711810320701548,1.429875578087496,3.78740631785806,3.0495083466663795,2.9040366158733173,1.885866836813012,1.5887436683127767,2.7194664808071285,2.7857211639266657,1.351867681982609,3.0866054429120213,2.039271534575268,1.133814631157059,2.746563688993156,1.530996442071816,3.723775817939832,3.3473711956032184,1.3366644626837378,1.6497175402626116,1.5734804041336026,3.0478532614299323,1.6870617760757738,1.4653517913936829,0.6172523637118874,0.2267228962271467,0.1616466056056298,0.5514740788577501,1.2520970739586443,2.92364235313758
scenario_4,run_2,8.329736520765936,7.205509402329319,5.588555916644391,7.054718978682641,6.462740158257345,5.8017882551831566,6.104391159553936,4.87586312208636,4.778199893694533,4.898776468497198,3.1836514227625914,4.688747149844448,3.6108677597879697,3.7011111723372303,1.5308295987360503,6.136899845019156,4.407243678660714,1.5906484295726062,1.201958776974675,1.2641078464606983,2.058545191674656,1.4660334052674409,3.4518264065976703,2.285036347627029,1.554429334395916,0.4882362408337494,1.8672152889673108,2.573294484959122,2.685785939863309,2.3515034678502014,3.618763953515463,1.1421660772785454,2.0095243259272304,3.659815360375045,0.7174098112549115,2.4171245149436227,4.52568584957965,3.648970320601987,3.4270779139945966,1.0831262602917584,1.3504754268299937,2.538013094123204,2.337658479802493,0.2838101556630451,0.4454635865667863,1.4602505402709365,1.078912540847418,1.201055904909429,0.4783694114126972,0.0
scenario_4,run_3,9.433341124354667,7.204733642908932,5.944344577255068,5.985897003772317,4.128295424099842,5.850505269384599,4.266909264663822,4.979125085820021,3.343301750284806,5.017067436748382,5.217603563288853,3.252291240165183,4.45595147578627,2.5522847850339607,3.803913496112768,4.976572626084736,4.441214358455784,4.373481304828895,3.5998596334826174,3.57793774417834,3.22239492178831,2.950004955524163,2.154291792676444,3.898383815738496,3.4495540155173536,3.4678166905166146,2.5746677935634645,1.1480351673917384,5.495241869381756,1.577193188311511,1.463290111131801,2.6625211701425635,1.9294610289192664,2.334893343792648,3.227849547536686,2.1623651122917864,3.385403555018529,0.2266860362642783,2.127889270335073,2.967373908504264,2.456119166984515,1.2534224824189368,0.7348587946170708,0.3813891338917911,1.5144744763905702,1.2934223516695398,0.8036652483152318,2.9474557554755814,0.6212718795939891,3.316123937304272
scenario_4,run_4,8.556770962986638,6.946674212269035,5.737168013717311,7.182655916749835,4.933786116206019,4.577966312156573,6.1245945807728575,4.427387818057732,4.241577056908328,3.604633438472656,5.128883848150239,4.440983987828357,3.40676754947496,2.830227768038463,3.279312729418405,5.445202903330151,5.813173457098847,3.816913082517392,4.708438497394989,4.4179949441594495,4.137194377805624,2.7756749044126625,8.784091038953548,2.326218789010164,3.4850970927175347,3.0349660466735457,3.234277741060125,4.13673251757959,6.271678983398933,3.561599303506463,4.855011398555481,3.4187918184521777,3.249895807399512,2.8636302185277245,6.439609267428881,3.695038409678083,2.377693386421889,1.4457491665222504,2.216800833509315,2.435917852364244,1.949991614626804,3.850785924157389,3.4777318348245627,2.8536541507123045,1.8113224694227363,4.05344700731501,3.1211205244744784,4.17674205313836,3.0769873574346933,1.1511019662177606
scenario_4,run_5,9.84601641840143,7.609281292347012,6.446698854488711,8.089948598174065,6.202732861449904,4.902432830843066,4.602092956913713,3.765535297876659,6.361774022277454,5.711267848037146,3.818842362360789,3.999536883936275,2.325802434510405,4.880319030356358,3.494142474603793,4.224810963384291,3.794206612878281,3.068078346431458,4.542174034127958,5.040347683423581,2.7950763665343805,6.119189271571081,4.655928392362253,4.143890233925909,3.399159815808024,5.651063851417225,6.098846747903431,5.37087385614344,4.75828487714397,4.735189396054668,5.523633301765772,4.715169319236008,4.015623088006346,5.172396261771447,5.393420532953869,5.029860736067637,5.385849266793164,3.1027003047680224,5.124125997931991,4.716787752054741,3.6469189533650193,3.971782907239061,5.502380618076611,3.921068351246197,2.984274552043621,2.476940754066353,2.884567996491216,3.767193183023272,3.056684727307962,3.17703910801774
scenario_4,run_6,8.180314485761738,6.112036179195222,5.367344503350822,4.740352196401574,4.296016518208122,4.148575678349735,6.244533649720458,4.306598954007951,5.806275706402749,4.044483138575925,4.192873343759723,3.5117708911555043,3.863873248924948,3.618394469094421,2.6898342418041614,2.186572034082396,3.700440725341193,3.751850652176595,4.246606520429358,2.232790381559619,0.5621656235751574,0.6793149693417886,3.58162186710752,2.2361055013434474,2.80049258713807,4.874044469062385,1.749198493157312,1.727523106078781,1.9171157429835404,2.6640339596766847,2.9660944909303097,0.8476000845043782,1.3205366791672122,1.2624366479092433,2.0217483136976044,1.528548447689135,1.6341596871401258,2.4672397369373464,3.5839706565654845,3.371600873212331,1.858341979912187,1.9959732459892097,1.6854856680760122,1.605801147594049,2.516586324774837,2.4448377203482994,1.6457795493670582,0.527905525625225,1.5034635776354766,0.6568009497472204
scenario_4,run_7,8.998956217083327,8.936191342943665,6.276731531931503,5.416851993688268,4.391812914708578,5.952894742228731,5.805492691360203,4.711823317491152,5.012628716037398,3.819044681856121,4.552963331959147,4.602539630318587,5.399242604289975,3.710431873660085,5.473219104767769,5.967297103560574,6.265298514322742,3.0059877114266844,5.131837744124231,5.201058634588877,4.017977120999921,2.6003952308843656,2.8397369003292505,3.1240901159427734,6.363198068520846,3.1605275774590664,2.3274850810364933,2.749240644134588,4.398395546182612,4.055862737781807,3.0986385999451658,1.9050449682606765,6.357130426390702,3.630128534130124,3.8308840294708313,1.845758044271604,1.0478151530213635,4.169162780483571,2.89612812121862,5.906950048339338,2.579800127887383,5.281351713030104,1.2820346279240875,3.72906542697201,3.795608062254236,2.144436650225553,2.797232767893552,3.4408550365753627,0.8840814624250799,0.2748881226652538
scenario_4,run_8,8.367201098232416,6.515129185174857,8.640602588252868,5.70546297622847,7.201024824869158,4.866048677661329,4.594653238516179,3.991526988369409,4.448542054732114,4.365776194386184,4.180230708798357,3.75731505532043,6.089483578641274,3.645535644297799,3.768581038910484,4.437804137648901,4.829559677885209,5.16356613027021,4.748927203204301,3.968438063441211,4.880900620866996,6.090881753242274,6.367519773599076,2.212731496894208,5.9321991894273705,3.839048038865592,5.774375241694906,2.8582648124525702,2.902996224142108,4.0399499843587865,4.332311889281742,2.8329948260898403,2.3499036092851986,1.9797325609349783,4.941600176064559,4.392123008383962,4.771130155547644,4.236853932508533,1.981378043640153,5.452719081445911,3.291302690820433,3.9965103888246567,3.207635425953685,2.119058596376681,4.536038278600445,3.052344174107631,3.380840485225145,3.564060317300632,2.61486393267208,4.034992726851538
scenario_4,run_9,8.483325411214341,6.648791815297092,6.556869067081541,5.537795812865233,4.920720856952366,4.962474823176023,3.830165974902254,5.034927448464972,4.124114994459716,4.957881275278535,4.404111339210367,3.635664920570621,7.518649930126055,6.274662438322823,3.303467857402874,3.4452753263617524,6.777405280280357,3.740334507632092,1.5044540061106455,4.296553008468657,2.75384190307708,3.770771527572002,2.4618062503766622,2.0741144160777862,2.7805065841719943,1.845617788777176,1.7425350917877585,3.77149904182422,4.611475095703884,0.8682952684820012,1.300576792616298,0.7059565215453192,1.519552136537801,1.8361242399483704,2.040245643836108,0.7526255514420923,0.6931546558979458,1.655452448062778,2.750328448981351,1.447198583542012,0.3553910649109613,4.628230096321332,1.6702040426350209,2.83221307376672,1.911397326846383,1.5239853267885468,0.4966483310329794,1.8302454785044813,0.3642932962186181,1.165697269505745
scenario_4,run_10,9.768169559075067,9.15413517171151,6.677938065943647,7.118005492643474,5.547943718269736,5.4049869565000375,4.722630230213606,5.1089702492065925,6.221116233317432,3.683745413195197,3.542681090959236,5.109954786281199,4.073438670831584,4.1880143022902185,4.102317005974691,4.39639770960633,3.278488129510613,5.191288615517373,5.864912736326705,4.934061991953941,5.887478397075047,4.625206969348036,5.41522327110645,4.862664754996968,5.119459197775411,4.051655996081907,4.6850534226381,4.299652700641034,3.489546116282211,3.570215560168885,6.516181662158376,4.808457964902368,5.02902901646613,5.281562044253248,3.804791230323296,4.369319112463955,5.072704194858509,5.221958293292261,5.185372598585593,3.4365105510607266,3.345517041632222,3.2265599831976592,3.798855655242732,3.479756925848169,4.478611197346718,3.821731414154436,3.812925651922847,5.498581278973914,3.783631899058356,2.727623168523485
scenario_5,run_1,9.454019563410288,6.530284824851473,9.31224380064895,6.017918495321597,6.720092933588935,7.181058311695978,7.72169665765731,6.731317949234312,5.00243269074464,7.136462951956659,7.295473447566368,5.361684000967046,6.885939892302635,4.977036171067137,3.86899003266353,3.0658714928151203,3.789459666861176,6.572828154716149,4.950868176791583,3.4926802006051325,4.887327022376762,5.519180881919594,2.838075452726458,4.47140037690351,5.057691191133921,4.836606300578669,5.027700028406109,2.4476267237893348,5.413182440537751,3.62142518531797,4.783063357942497,2.8928823596824222,1.9953827844794425,2.421929409112139,4.165420489106056,2.3632695188744743,2.161173089181327,1.6032222047021876,2.22171960218796,4.284252874081611,5.47672333684324,3.00236993057665,2.6487525736441104,2.1759113858897834,4.209703247447349,3.180216951187558,2.2692079508165977,2.316995693402484,2.0253102585991263,2.2627372501949883
scenario_5,run_2,10.94771250481225,10.432905497787852,8.102995843290483,8.246194715565519,8.153871455138264,5.957186323454848,5.977127956036465,5.6739954943172295,6.578236158849213,6.554617253496929,5.555631467276859,5.59500563676188,7.314670481052774,5.994754786199082,6.170537286533313,5.411434498071506,8.20913103431317,5.440675862508159,7.508285871515303,6.564381394059654,6.287096129963047,6.880398293049888,5.070610211739231,4.80987201099991,5.077919959516786,4.454231703358176,7.730130678424445,4.935365183279248,5.959015409314951,6.1535208529962935,4.079063225696772,4.751963874061365,5.410670039671741,3.9815898625161714,3.804690596024203,4.744897876792419,3.0360107190985377,2.8640299703120355,3.336821936792536,2.8344000651999752,2.8407080404303544,2.144737210079621,2.542328811925348,2.858203804506348,2.651107429893908,5.626634906919153,4.978189204067492,3.2915451613670283,2.353478964201759,2.6331058389146094
scenario_5,run_3,11.81219634492458,9.583660469097293,6.254157872497151,6.791389745769659,4.904061390831858,7.601414592166691,7.75286048873635,5.87494604369184,5.619821225957358,5.149147349467461,6.8326406405890365,5.583354378853058,3.9297646919118128,6.195869595475365,5.583002824455649,5.0993497587418375,5.5529244464428,5.072997114986772,4.244716812244137,4.385693984815461,6.569827260085935,4.793256493571873,5.292358742421155,5.589489692733059,4.335568682596523,4.08407464828422,3.7823162982805982,3.7111862806976,4.94453612309203,3.0270519400504066,5.386344011941652,4.672733709274665,4.079675063984407,4.034295413318308,2.95358190184056,5.420635275878819,3.1802108420203394,4.6157903872899695,4.689996086793644,3.848580784509693,5.567696733452726,2.975114272399517,3.519023256446733,4.994745260583884,4.676031576933324,3.771341277832204,4.245665090171335,3.786528018449385,4.714658852775473,4.366791850185057
scenario_5,run_4,9.34932857786313,7.306881917795475,7.339918107988099,6.829078968160045,5.457886275728809,6.419316173742056,6.386213413966905,4.751698425301261,4.662755547887637,5.136603886418828,4.4071700564621565,6.168725644152832,6.187489368645887,6.788823834671708,4.135648575522088,6.077298620172647,4.836775388597758,5.142303235609472,5.088753738851237,5.4577984784919655,6.171567481039903,5.309728241891605,6.085742733371294,6.638980468622196,5.488832433996012,4.411360178442486,4.503846882459284,7.278991481517091,5.0517311708470665,5.044149486965092,4.038123976969697,7.358779561991912,6.831941064660829,6.060035543475836,3.942526555901994,4.742212098617708,5.341484644989127,4.89923044227327,5.228050078006786,5.1901834277000205,4.994480907147834,3.86092683189938,4.467758527160945,4.630322218667639,4.622151400174874,5.615430202072519,6.985803193177508,4.281782602143297,4.430951221565571,3.832261984651116
scenario_5,run_5,9.297843143847285,6.717597194971708,5.821634462556252,4.286908774393902,4.458243820776927,4.6620557904456055,3.2073510410696464,3.313211853407457,6.0674371475095565,4.297531138609836,4.278775460061461,5.509087333428828,3.356447876096343,3.7967485435497736,6.500400779460288,4.709921111615172,6.164666778078276,5.352137539883129,3.3243904558759043,5.014630761634356,6.036264175806748,5.8705135212983866,5.09472674948204,3.8344035177694615,3.485825812721296,5.529269371000035,6.248031728272209,4.729009215155897,5.207241868547952,5.598111326659868,5.331335294891371,5.200419894713667,5.441753372410962,5.002466205165492,4.908280832023038,4.759622331287774,4.802897891130032,5.324527181589045,4.555973705634111,4.803844322283813,5.414116973529135,4.478400169827688,4.275441191457775,5.325246152815058,3.2002580114561683,7.132675184508429,4.707195906174593,5.139804929826671,4.576652312043402,7.891402365801547
scenario_5,run_6,6.189533147863028,7.235729541750639,5.1252211496324245,4.360952262684871,6.535689403531559,5.303586302840268,5.354194932699611,4.232078818548713,4.061953038834756,5.616809776986576,5.734693295326901,4.6781776348113535,4.5301756289261705,7.325298904518523,4.982864244119075,5.066751518882912,4.731527127880731,4.097655322504583,5.350620782005656,5.299257658851973,3.833040930651564,2.9014390662225806,4.267651452608858,4.340314802153175,5.006953801155473,2.0846092668254803,3.527350775108009,4.090489816872887,3.489953238725016,3.3223802276878773,5.027091772130804,5.595073558908675,4.710051116793748,3.1005237348048675,4.1180916229495885,4.826998245247951,3.574914075112551,2.9944640150722344,3.960995929680807,3.262133307097342,5.749287892150943,2.5852520097946625,3.217671234815439,3.2255167382218373,3.216938393556817,2.8275357579053835,4.06046789624596,2.521579863951004,3.85360873345994,3.600822078714188
scenario_5,run_7,8.590764649371602,7.30784450940674,5.731155157512406,6.441595204051376,5.815552538184764,6.217796933155677,5.471395733866075,6.320247761583667,5.1112873887943575,6.198498407379988,5.272344187598999,4.640195563060117,6.483357335271373,6.4015446964758045,2.809979539001134,5.423915242069053,3.558787917113429,3.751332547039367,1.6175835492678572,1.4045478586937463,0.9452726815379284,1.6583774172983454,0.0,1.50798081520568,1.2302766334558617,2.1442690581551607,1.3107186028162143,0.7074139618579574,2.2533911248688128,0.8580420681580783,5.886554089976651,1.718131901085386,2.7183606013435844,2.000365801961728,1.3793181137383097,0.5364095407713831,0.1351723247571367,0.6530134714878656,1.0429848810916016,0.8840902727113807,0.9793180529110104,1.9776301903226048,0.4845298063054141,0.955416949645032,2.451284291520204,1.2692277159039147,1.4662517800363797,2.345882385146901,1.607128488139572,0.881101512225906
scenario_5,run_8,8.726809959888724,5.695002198858974,5.152995978807832,3.845364536671173,4.066432833872019,4.463775262745598,5.3405651056819545,3.05088478906552,1.2374082193194913,0.8660462255359868,0.9838839269719007,0.3521386083455455,2.3166770536816457,0.183569139412923,0.0,1.5534118440476528,2.0566456432439546,2.0942546915306908,2.0476255369168284,0.0,2.854659238290233,0.1608151177506123,1.444248988206167,1.2237989812891368,3.1986440977577333,2.1465656292541,1.6616470667865315,1.0091587557131174,0.7351518872923121,0.3139769312912942,1.1605374222480835,1.7998203027130848,2.342459911009445,1.5345255676193994,1.0,2.175580673871324,2.1694812964406944,1.2926935697056008,1.0379261424555066,2.493404535782235,0.84410024163444,1.2614478382246064,0.5888710201821776,2.437534715420284,1.708509439539253,0.1329772881919695,1.1633716593994718,2.2223589671188555,1.0814129383345297,4.187925967034568
scenario_5,run_9,9.274034429410786,7.651917208296536,6.8791530613808565,5.8179690456280175,5.347998367943626,5.722045956033577,5.527366923275897,5.210235738923718,5.19424795312655,4.330027974363654,5.795497824592374,4.421512698437802,5.371077967129386,5.023044017967144,4.292712965614831,7.98556588151858,6.904124846585278,5.358559341662084,5.571660207548662,7.874032566601914,4.713201004553018,4.978903305887721,6.296055867546922,5.72717807730008,5.262406736908351,6.941562939262401,6.05301133074811,6.856182722179605,5.991963692238373,3.71463235891339,6.205102720014507,6.439770683566858,5.446002004199512,6.740065304020741,7.130015438204647,3.710871891118246,7.575011204785402,5.38723253323447,6.309296389480541,5.792708970686827,6.440031321982184,6.953328854579878,6.328002306333213,7.266572357254228,6.533316891926027,5.638113410152385,5.976908141048948,7.19684474059614,5.344220876671705,9.430777107501251
scenario_5,run_10,9.31132774309412,8.816673696627138,6.626233440035203,6.6892887493440485,6.550912552055865,4.684974081464665,4.964038471975846,3.679746297839827,3.7306231809155697,5.335324415724393,3.5293856990096204,5.290664888151014,4.054313929968759,4.056605223359501,4.776356736736515,4.359947900003345,3.813177521438341,3.501000910248076,3.753428691048992,4.184023648717212,4.663034895895098,4.918491850748594,5.873486033482017,4.900051261863466,4.811058085697527,5.037485829441121,4.429172948789253,4.515137770399081,3.487628774321249,4.146935713176321,9.696238423849644,7.174133992813944,3.4286902690540395,4.24024196019145,3.504876825439331,3.848165571160094,3.2790073677610727,4.175881340654066,3.385511605229113,3.413958266006342,3.182458586469976,2.966045252311029,4.1030555544483605,4.345160080925599,3.486601597496412,3.2488001548138143,3.5334144220659547,3.490430767133481,3.210716579499619,3.1313212088443563
scenario_6,run_1,8.57201448763057,8.824349801277142,6.520501519119688,7.661938051976906,6.622472242508687,5.317928507742496,5.160303240492744,5.153872472286234,5.48147072896828,2.9871493881036093,5.428932098888808,5.037436368672585,4.672516640815513,3.9209289270419534,3.381464668714468,5.269964890065168,3.690037330433351,5.956984041112311,3.8813637857210095,2.246483326002103,2.748570006951827,4.0272190916039765,3.241000683344549,2.998604825889892,2.098877395204492,5.184370061047993,1.4461570760166158,1.12996876368334,3.2224153092033547,2.5853272204022297,2.4513167865934933,2.145601180375994,3.627610847907528,1.892067518497543,3.778612137804149,1.2406865965234726,3.520208666458352,1.5742821591389464,0.5690923776195413,1.1008317661854825,2.324222099896356,2.3560108226959366,0.5798567838304278,0.3801212755087025,0.8887457597721969,1.131218007395972,1.504111020466882,1.0637063910843936,1.4824714845749876,0.8200653512789543
scenario_6,run_2,11.832520673955148,10.343986071753658,7.663769187087335,7.408172188131587,6.565246186329844,7.44285712018502,6.592633534422906,4.710332672641521,4.773291766819659,6.995706920412054,4.752486856604849,7.756259824418564,4.844599639731818,4.243713057517191,4.06971257527227,3.415357569135079,6.346851140577937,3.8415854681292174,3.5616053151341363,3.9973378758063873,3.0713405187411817,4.320021380311994,2.6834622493858182,5.505272566515447,5.706609808236427,4.572508282991604,3.5884530520226514,4.261184901672199,3.891037034050913,3.123319578961091,4.193906477806005,4.267584750314468,3.795754209937562,4.630334989747846,3.804960722614916,4.4216864219144,3.0698679632388752,3.553354391352324,4.097604944609014,4.9688951670640416,3.778832774634109,5.135082599915057,3.138681375674373,3.74110053680776,2.882937734065017,4.319792194095059,3.692091964722101,4.060199974976506,3.799091869349844,5.1030914033794925
scenario_6,run_3,8.090140141536398,8.0115587513346,6.987599325355943,5.247322871511666,6.781616716063323,7.457695905135138,5.790627777395338,6.340217947336791,6.581423063093432,4.877179047729039,5.157945941122133,4.763487588678545,6.268225685943251,7.23238585690751,6.711462096422794,4.109728219786687,4.47813329658172,7.051994653071182,5.767041489791966,3.494336256613218,3.887992399424383,3.504281215352964,4.5182792340229465,4.233600423472711,1.756512257967395,2.6767078383559952,0.4114895533955817,0.7122046859788131,0.500015414327839,2.401156400105582,0.8000593419845294,0.0,0.1792942828561574,1.0,2.0562586798906453,1.9173445604203008,0.6262386231793441,0.2460781583294898,1.8643596107479223,2.2689966439342744,1.4460013007187535,3.172648619598814,2.9277808248452173,0.0,2.474506502492223,1.076491105006578,0.4105789128808963,0.7579906263744354,1.0,0.4986495656243078
scenario_6,run_4,9.866250909440913,6.45890964920243,7.850770762630347,6.275942156821912,5.815198268438396,6.504519461704203,4.88542332460081,6.461482167071614,6.38445919245962,6.605550353191125,7.66844319606064,6.16064096197683,5.714364255817077,4.844792036770286,3.5475406185719303,4.204788797251395,4.332757811536348,4.242906513485002,2.819330204240714,1.8497229200041103,0.5115075431255072,0.7623516604698357,1.175371873123077,0.8071279185592296,2.7495861307742686,3.656316243843389,3.4846442706997527,2.6114157448388604,2.0202573995561592,1.071018612875014,2.0,0.372977929152975,2.4177422986730708,1.3255191170463472,2.024006706015648,1.4844332345142413,0.7149733251708669,0.0,2.286799503270373,1.6583292494624424,1.0754328027603812,0.4004984658716739,2.4035715852016226,0.796620564561543,0.9515279830443908,3.760029227313937,2.0,0.6243649854309659,1.2934871521982092,3.850646169246545
scenario_6,run_5,9.192821748819949,9.473952647769597,7.098263419827552,5.512565532808084,5.74649716691024,4.145919712406501,6.2432620407263695,5.5508806430011095,5.344069774917675,5.4583604876947,6.825521857640203,6.113559650471577,4.9606258975482005,6.281704018545612,7.860613926545994,5.4923241319344696,4.1010762665569445,4.275127329040889,4.917411628270736,7.242495063857713,5.8972979397199286,3.054543752336536,4.577688943535721,4.626645682665717,4.296428754813319,6.981998682539069,3.556770752695172,4.348113503555768,4.631157047733322,5.799657258789155,3.616472669825911,4.176382765900587,4.92281565245659,3.687361698485337,5.098779743289844,3.13009828693003,5.196000592492409,2.5901186041761184,2.7023703800134995,5.026341319738137,1.5600816241253128,1.4703615769793548,3.0861321687100824,0.8836838648153463,1.115166773322978,1.3436208082518557,3.192791583896528,0.8607340326749018,1.9245859002544097,0.9419865658712496
scenario_6,run_6,10.387650323641312,8.277678913046834,6.574370039378918,5.644499926467956,4.951368169351516,5.397881859238876,6.135507132056387,4.830434910634599,6.02661659579256,5.327190213007414,6.85854050688626,5.160141194536566,5.088867948441903,4.199682431663663,4.540367814293741,5.705101324872031,4.807809759137287,5.453126134253967,5.232542600407216,4.750629951734576,5.822463001663174,4.607350721980102,5.67808429348437,5.366178741456797,5.851894886022547,5.049875611536084,6.236562708418268,5.633496160753903,4.1996557130864165,4.982052669087886,4.099051043003323,5.493001461927135,4.831561092933901,4.15441849756907,5.96712881232112,4.2768313630214445,4.260926033033708,5.8128067524533495,4.378157781748372,4.146522420689224,4.235103668768735,4.53613919514982,4.079109612466186,4.3144019614635685,4.988429501294227,4.129297432906397,4.074168905366893,4.276615365627962,4.200210087393481,4.139976142655559
scenario_6,run_7,10.514045619276008,8.702175973925383,8.237787508913758,6.488440587814066,8.020104151870065,8.137234925778106,6.204512134953304,6.563362481309516,6.031661388122333,7.0978813979768205,7.472250872996841,6.6867517179720295,5.682516275994226,7.3602439566867215,7.182468297735952,7.174289153690012,5.811536640804402,5.635375275895257,6.435536525702932,7.241501044046669,6.914054054699514,7.624660248938565,6.318931615121058,7.111934100339854,7.204743571155406,4.515078334488091,6.269882058513287,5.782279539914704,4.618452921505184,4.185938690831836,6.181811455047627,4.700442912932538,4.725824087145242,4.575168902398286,5.520843456743349,4.510828730203867,5.069855906631777,5.535419610332417,4.896016552757961,5.963236735318404,4.619515324132348,3.66827550052819,4.448770172263201,4.53326125100739,4.613076944550439,3.722137234995313,4.527939550218628,4.783030424156583,4.689935066313874,3.828525906150459
scenario_6,run_8,11.924302475840788,8.399748924934963,7.514389504960638,8.991259734557593,8.84890585229586,8.283441446893658,7.447161522179212,7.932349478533297,7.7488949168962336,8.414490785797872,4.726313255294528,4.021193016538477,4.517416772200735,4.882229407416629,4.742557620477886,2.688701310114132,2.5621362380770494,3.0650372382893147,3.094027553570707,2.740628709061896,2.764473160258424,3.01724554236158,3.910051056332031,4.982701592126333,2.3612051278271613,6.268620930963889,5.5905190786962775,5.209493700119161,3.285680385151634,2.75444384794097,0.4634718763493886,0.715393530573528,1.74389312779221,2.272554005017612,3.5900006390127324,2.2115682396068883,0.7508893418904217,1.837698929003185,1.3463481433200282,2.076657043280324,1.267552313378557,1.888770007564819,2.980570413617321,3.18477360139624,1.691217631137286,2.506788200176322,1.558649090550357,2.229862040818148,0.8866914464083797,2.888177145990722
scenario_6,run_9,8.872296189359172,7.0505661458052415,6.8831281386267,6.661991336423756,5.521546874105876,4.722347432676347,4.52417546614892,4.597879255835415,4.780234886935848,5.521779295411343,3.248266927635062,4.533322165501156,6.813001915979297,4.432246051194582,3.481447592508064,4.634152039100838,4.426510378435406,3.820701835886577,2.716889760498172,1.9339131517663684,1.559636836459166,5.26817353617841,2.576827546793487,2.3257288513623404,2.8817151132717527,3.2194602101933087,1.38645295820767,2.7954340850028907,2.3599985639130225,3.576279145864945,1.1026842490860274,2.3854187316944406,1.5732963526725312,1.9118291767850983,0.9830020131535192,2.348603775921644,1.5293450961132629,2.5688415866541647,0.0,1.818461218576548,2.589563902545025,1.464504217623088,1.158079045597241,2.038387894752645,1.0205651585182247,1.0,1.3038444746221511,0.0822694791075639,1.0,1.0
scenario_6,run_10,11.31188592894082,10.255874162115106,7.134412620782525,5.917263204623076,9.186315016472522,5.904534358530649,6.447625947925244,4.8737965039119,4.073116940550882,5.146290689452835,5.5568087280665885,5.612294884870321,4.541320958329543,7.191972094714847,5.531258812048199,5.408732957235428,6.153560558741062,4.877366684325937,5.006182300222278,4.43111623227544,3.222027828638557,3.640021322478649,5.707933012115573,4.12526608428489,4.860632171127557,3.450118464381203,5.766562092966962,6.969174735538472,3.660717821436668,4.632427650126307,3.964834508497823,5.617866260438582,4.826653475534959,4.654154290672423,3.694416946894416,6.163843737728504,3.551963684881393,5.086402303875361,3.509110983623463,6.02625612476173,4.1358766896614565,4.300794299900547,3.410853580379778,3.837849058230592,4.198876824289487,3.5982963640828585,4.086824980827058,3.7582789674018207,4.277026294708682,3.6711942792584473
