scenario_1,run_1,3.829441829649577,3.829445644324237,4.34311852919813,3.5841831616960618,3.1168150610402923,3.120425898221312,3.175612261946306,0.0,3.82871047344374,0.0.1,0.0.2,0.0.3,0.0.4,0.0.5,0.0.6,0.0.7,0.0.8,0.0.9,0.0.10,0.0.11,0.0.12,0.0.13,0.0.14,0.0.15,0.0.16,0.0.17,0.0.18,0.0.19,0.0.20,0.0.21,0.0.22,0.0.23,0.0.24,0.0.25,0.0.26,0.0.27,0.0.28,0.0.29,0.0.30,0.0.31,0.0.32,0.0.33,0.0.34,0.0.35,0.0.36,0.0.37,0.0.38,0.0.39,0.0.40,0.0.41
scenario_1,run_2,0.0,0.0,0.0,0.0,0.0,0.0,0.0,0.0,0.0,0.0,0.0,0.0,0.0,0.0,0.0,0.0,0.0,0.0,0.0,0.0,0.0,0.0,0.0,0.0,0.0,0.0,0.0,0.0,0.0,0.0,0.0,0.0,0.0,0.0,0.0,0.0,0.0,0.0,0.0,0.0,0.0,0.0,0.0,0.0,0.0,0.0,0.0,0.0,0.0,0.0
scenario_1,run_3,1.839850146704081,4.1264193656994985,0.0,0.0,0.0,3.6274155938967616,0.0,0.0,0.0,0.0,0.0,0.0,0.0,0.0,0.0,0.0,0.0,0.0,0.0,0.0,0.0,0.0,0.0,0.0,0.0,0.0,0.0,0.0,0.0,0.0,0.0,0.0,0.0,0.0,0.0,0.0,0.0,0.0,0.0,0.0,0.0,0.0,0.0,0.0,0.0,0.0,0.0,0.0,0.0,0.0
scenario_1,run_4,0.0,0.0,0.0,0.0,0.0,0.0,0.0,0.0,0.0,0.0,0.0,0.0,0.0,0.0,0.0,0.0,0.0,0.0,0.0,0.0,0.0,0.0,0.0,0.0,0.0,0.0,0.0,0.0,0.0,0.0,0.0,0.0,0.0,0.0,0.0,0.0,0.0,0.0,0.0,0.0,0.0,0.0,0.0,0.0,0.0,0.0,0.0,0.0,0.0,0.0
scenario_1,run_5,0.0,0.0,0.0,0.0,0.0,0.0,0.0,0.0,0.0,0.0,0.0,0.0,0.0,0.0,0.0,0.0,0.0,0.0,0.0,0.0,0.0,0.0,0.0,0.0,0.0,0.0,0.0,0.0,0.0,0.0,0.0,0.0,0.0,0.0,0.0,0.0,0.0,0.0,0.0,0.0,0.0,0.0,0.0,0.0,0.0,0.0,0.0,0.0,0.0,0.0
scenario_1,run_6,3.7153756975297663,0.0,0.0,0.0,0.0,0.0,0.0,0.0,0.0,0.0,0.0,0.0,0.0,0.0,0.0,0.0,0.0,0.0,0.0,0.0,0.0,0.0,0.0,0.0,0.0,0.0,0.0,0.0,0.0,0.0,0.0,0.0,0.0,0.0,0.0,0.0,0.0,0.0,0.0,0.0,0.0,0.0,0.0,0.0,0.0,0.0,0.0,0.0,0.0,0.0
scenario_1,run_7,4.42100729536767,1.7323655297199798,1.7440538483736705,1.754062267064015,0.0,1.7040378537344705,0.0,0.0,0.0,0.0,0.0,0.0,0.0,0.0,0.0,0.0,0.0,0.0,0.0,0.0,0.0,0.0,0.0,0.0,0.0,0.0,0.0,0.0,0.0,0.0,0.0,0.0,0.0,0.0,0.0,0.0,0.0,0.0,0.0,0.0,0.0,0.0,0.0,0.0,0.0,0.0,0.0,0.0,0.0,0.0
scenario_1,run_8,0.0,0.0,0.0,0.0,0.0,0.0,0.0,0.0,0.0,0.0,0.0,0.0,0.0,0.0,0.0,0.0,0.0,0.0,0.0,0.0,0.0,0.0,0.0,0.0,0.0,0.0,0.0,0.0,0.0,0.0,0.0,0.0,0.0,0.0,0.0,0.0,0.0,0.0,0.0,0.0,0.0,0.0,0.0,0.0,0.0,0.0,0.0,0.0,0.0,0.0
scenario_1,run_9,0.0,0.0,0.0,0.0,0.0,0.0,0.0,0.0,0.0,0.0,0.0,0.0,0.0,0.0,0.0,0.0,0.0,0.0,0.0,0.0,0.0,0.0,0.0,0.0,0.0,0.0,0.0,0.0,0.0,0.0,0.0,0.0,0.0,0.0,0.0,0.0,0.0,0.0,0.0,0.0,0.0,0.0,0.0,0.0,0.0,0.0,0.0,0.0,0.0,0.0
scenario_1,run_10,2.2726103755516185,0.0,0.0,0.0,0.0,0.0,0.0,0.0,0.0,0.0,0.0,0.0,0.0,0.0,0.0,0.0,0.0,0.0,0.0,0.0,0.0,0.0,0.0,0.0,0.0,0.0,0.0,0.0,0.0,0.0,0.0,0.0,0.0,0.0,0.0,0.0,0.0,0.0,0.0,0.0,0.0,0.0,0.0,0.0,0.0,0.0,0.0,0.0,0.0,0.0
scenario_2,run_1,3.829451379026207,3.964011566747901,1.8156552833318176,3.956463941374562,3.3990508007506666,2.9011967647303285,2.930505487947424,1.561246758271804,1.7417122649664554,1.560454878673558,1.5599945981297487,1.5373090481373677,1.5396388375715406,1.5397187401511232,0.0,0.0,0.0,0.0,0.0,0.0,0.0,0.0,0.0,0.0,0.0,0.0,0.0,0.0,0.0,0.0,0.0,0.0,0.0,0.0,0.0,0.0,0.0,0.0,0.0,0.0,0.0,0.0,0.0,0.0,0.0,0.0,0.0,0.0,0.0,0.0
scenario_2,run_2,2.548556762727258,2.6853533304545105,2.434459756702885,2.689398530854932,2.687062790401081,2.63830667022335,2.0235989699187265,2.5183732887219383,2.023454071087761,1.9634037162264613,1.963205211758572,1.919579257986867,1.963435264990233,1.963564824405285,1.6575463647053446,1.658485065998397,1.6536002544041633,1.6249360828089678,1.620687702073219,1.6147972825683,1.6149886255443688,1.408566921459178,0.0,0.0,0.0,0.0,0.0,0.0,0.0,0.0,0.0,0.0,0.0,0.0,0.0,0.0,0.0,0.0,0.0,0.0,0.0,0.0,0.0,0.0,0.0,0.0,0.0,0.0,0.0,0.0
scenario_2,run_3,2.076595381976776,2.073827866388914,2.5013732962514386,2.02237338003667,1.9603785811188807,1.8819062893690413,1.883276052562356,1.542319190357622,1.793593602604442,1.8834839555270664,1.8361663283410965,1.8744840007705368,1.4812586631773377,1.853276723137684,1.4804306028897305,1.4798068953718646,1.4782051083533525,1.4866952875168582,1.822464805362728,1.4782140222937277,1.4641847059351492,1.4640751405718466,1.4781605124657446,1.4634081184195713,1.4652443601256415,1.464710962316886,1.4658130367045743,0.0,1.4656919019710812,0.0,0.0,0.0,0.0,0.0,0.0,0.0,0.0,0.0,0.0,0.0,0.0,0.0,0.0,0.0,0.0,0.0,0.0,0.0,0.0,0.0
scenario_2,run_4,3.9109387460122185,3.4222831042229056,3.451082405084306,3.9827793774714335,3.970572428319088,3.963453738840943,3.9631714113884486,3.9302233873225294,3.920853474422735,3.905330252043344,3.828596908759399,3.828586422988148,3.815816463633911,2.751478590884388,1.7295456119570085,2.605302872946556,1.8502644327856617,2.947923526493365,2.948264843268735,3.09964045887296,2.9252248774658365,2.947732057477802,2.003325461905249,2.119199825731143,1.7297792552697293,1.7894620105257215,1.8777121087054167,1.828973184626379,1.892786269228202,1.7982195789503408,1.7679731398707117,1.911975479603905,1.9411293405622363,1.823020047282008,1.7955506725026409,1.8318635772890308,1.8024640635720943,1.7597011406725007,1.827086843806229,1.7975342482731151,1.879926085531398,1.7866804542497168,1.73179703551995,1.6879180888815724,1.577801863434687,1.762885954515563,1.7768106547463651,1.8785090374971147,1.7702500667563477,1.8117863086653136
scenario_2,run_5,3.98155314052058,2.782591585266569,3.982011070482979,2.797478939794277,2.796214545115764,3.3395433170958064,2.2533799488801005,3.328313775961982,3.324955800612948,2.156795873519663,2.155814163611232,2.1587796831303634,2.1172772151452057,1.9947562754415755,1.995671560310412,2.077008796091271,1.601463833410426,1.994382867527354,1.7323702304846171,1.914447342202993,1.819049349313156,1.907780599659976,1.778022850199029,1.9114369646120744,1.9093274862369145,1.8174227179320577,1.7323945484739804,1.6867804224672585,1.520918300121784,1.533718124477697,1.6035009342027684,1.9136956211801155,1.646699020950146,1.9100950870523008,1.5634951757917093,1.5219881625765437,1.6050247714350605,1.7741847337683485,1.500951659748169,1.689487722850871,1.7754064439792987,1.9926489653327668,1.7732106816820343,1.730837235942599,1.688667726440621,1.7770593069741685,1.7326522614857802,1.6640168093343344,1.6483394306695256,1.6922964133619836
scenario_2,run_6,2.617331796876617,2.125723317932287,2.6655177238443275,2.1378465002166247,2.126582395285913,2.135851658299776,1.8813140259352408,1.789192198015319,2.03321517874402,1.871537574085296,1.783006337502179,1.878197913314189,1.7690596043561064,1.784638362918144,1.7879875543974322,1.7843339569648096,1.9631509053934657,1.7855232593225283,1.759651054147359,1.7562421354763047,1.947292989915912,1.7555292301844614,1.7553516549014292,1.758562314859596,1.876746324099735,1.7109548560394692,1.886963002970768,1.59198176183836,1.5968735837628307,1.5890410436013438,1.5875575718099055,1.5706730585522055,1.7320354399359676,1.5659212629114383,1.5643605587782,1.562327559760691,1.5646332200209077,1.5590109479265473,1.5616975969025615,1.561351033476016,1.5586879565701366,1.5605693100009168,1.5638043784371984,1.5634521433176007,1.5642004019710334,1.5365127572295718,1.5377174254817572,1.5387205763189644,1.5623782895972458,1.5597863029285428
scenario_2,run_7,3.9666142795104986,3.983419818756788,3.969266404878668,3.970983709778759,3.951383637660072,3.961685831724796,3.9669027807757606,3.960792787580452,3.9626681998178266,3.960897321283891,2.8754729901863034,2.017512623812709,2.101273601592595,2.017474086535708,2.019255264475849,1.9705185346817864,1.844882969974332,1.8840213832173027,1.8049181286134368,1.7628948713741357,1.7651869787319487,1.8037521799089933,1.8041543793042485,1.7637284032250091,1.7638894328255954,0.0,1.6850240519948043,0.0,0.0,0.0,0.0,0.0,0.0,0.0,0.0,0.0,0.0,0.0,0.0,0.0,0.0,0.0,0.0,0.0,0.0,0.0,0.0,0.0,0.0,0.0
scenario_2,run_8,1.844719520256152,3.976265504529024,3.975919839188633,3.981927807614855,3.961142004972692,3.396450148128467,3.3962632742021364,3.9710987246582303,3.396314482372276,3.363479822169528,3.373324213518924,3.377831898935234,3.3622436487168548,1.941511883002012,2.98087462991646,3.282308005676973,3.284681911280843,3.2803631454337525,3.256848204595349,3.2396809955260903,3.2456360905792265,3.242018404511184,2.6975276926509024,3.10959350789214,3.009444834446444,3.091556631846977,2.98370282070824,2.9823158193154136,2.981555728421036,2.9780167672832927,2.9521696829500628,2.9068321311980774,2.910815759878826,2.890207347870464,2.952650919603787,2.9331350613691693,1.6765257987159736,1.656455693118513,1.6698327895608014,1.65547283001659,1.6244611245113083,1.6338149362332035,1.6256562052340662,1.510226744363758,1.6093614864707917,1.6344697971875113,1.630712300974206,1.6164528570965084,1.5101399534602575,1.6208870443585393
scenario_2,run_9,0.0,4.553674816871705,2.6212633554364704,2.4356073966346603,2.722065335763787,3.97887460931349,3.972893599301206,3.9733305894397737,3.809770503399088,0.0,1.55278652005387,0.0,0.0,1.5233146073256385,0.0,0.0,0.0,0.0,0.0,0.0,0.0,0.0,0.0,0.0,0.0,0.0,0.0,0.0,0.0,0.0,0.0,0.0,0.0,0.0,0.0,0.0,0.0,0.0,0.0,0.0,0.0,0.0,0.0,0.0,0.0,0.0,0.0,0.0,0.0,0.0
scenario_2,run_10,3.194866191194256,3.8110552210221567,3.801240500790699,3.289028179447008,1.6063848601868898,3.156341213005113,0.0,0.0,0.0,0.0,0.0,0.0,0.0,0.0,0.0,0.0,0.0,0.0,0.0,0.0,0.0,0.0,0.0,0.0,0.0,0.0,0.0,0.0,0.0,0.0,0.0,0.0,0.0,0.0,0.0,0.0,0.0,0.0,0.0,0.0,0.0,0.0,0.0,0.0,0.0,0.0,0.0,0.0,0.0,0.0
scenario_3,run_1,3.7427034470590224,3.371033234920513,3.337435770794522,4.242936511207087,3.891483815908652,3.3234270837546926,3.361024521748888,3.867132612496488,3.8615290548293495,3.8814028054117458,3.618759091935098,3.384789379908569,3.597459154655203,3.2510815644698896,3.2921379285124512,3.368289822035984,3.33897163576846,3.33861491220981,1.960533691490349,1.922097361412186,3.3809603220648983,1.919672417064662,1.916506392169306,1.9195558143667788,1.9189231373062543,1.9396014721595287,1.919389194590415,1.917157577564316,1.9608494837616084,1.9617808033762263,1.573179807656102,1.6362063460525462,1.9611855739172348,1.9614294854272027,1.960983518429592,1.9613341443510424,1.8003737252969596,1.960704298613468,1.961056852847148,1.7874323969528825,1.7979182267104978,1.7790088643863895,1.800908615971404,1.7645357926272294,1.7782260406066028,1.7800757968603214,1.7257085705321888,1.75917655910675,1.7246896008145585,1.7355337477926525
scenario_3,run_2,2.1773433909200235,0.0,0.0,0.0,0.0,0.0,0.0,0.0,0.0,0.0,0.0,0.0,0.0,0.0,0.0,0.0,0.0,0.0,0.0,0.0,0.0,0.0,0.0,0.0,0.0,0.0,0.0,0.0,0.0,0.0,0.0,0.0,0.0,0.0,0.0,0.0,0.0,0.0,0.0,0.0,0.0,0.0,0.0,0.0,0.0,0.0,0.0,0.0,0.0,0.0
scenario_3,run_3,2.4207318443145533,4.532046761519347,4.929915446207491,2.765478353927493,2.765383361371934,3.2986801588041548,3.5357349871595973,4.440371284119391,2.724364988156312,2.725089341178116,2.040559854541052,2.40525789711575,2.0443218130226724,3.294436054436148,3.224590662313628,3.22264119010177,2.4043730208470686,2.0453452134313563,2.0424421273975906,2.0396805961215536,2.0421920128118334,2.0409101758323835,2.037514656550844,2.036557958406476,2.03773064228951,2.0352014696820664,2.03684591286234,2.040860744835612,2.039750096084243,2.028226105394469,2.036870480972404,2.0344162223438955,2.036158730934418,2.0360215002498,2.035446536178183,2.036993849078668,2.037297125794556,2.0346463195693234,2.038776578170809,2.0337982819558698,2.036937105995445,2.0352332703482747,2.0383532855421502,2.032616535572102,2.037652439984444,2.0366048006624364,2.028088295674634,2.037463496809238,2.037443913510239,2.028459580395587
scenario_3,run_4,3.157195736874012,3.3943021917714664,3.1592133551732737,3.149918095120967,3.246765127504968,0.0,3.2350670622269395,0.0,0.0,3.094964248214916,2.025372116412001,0.0,0.0,0.0,0.0,0.0,0.0,0.0,0.0,0.0,0.0,0.0,0.0,0.0,0.0,0.0,0.0,0.0,0.0,0.0,0.0,0.0,0.0,0.0,0.0,0.0,0.0,0.0,0.0,0.0,0.0,0.0,0.0,0.0,0.0,0.0,0.0,0.0,0.0,0.0
scenario_3,run_5,4.511302936039258,4.800858021449385,4.51126528760046,4.512285452163947,3.2400834351400016,3.3339089465610927,3.2534195256607457,3.246815242233168,3.252675112776328,3.2716771988266657,3.244298633353856,3.2434890729655974,2.4343546660323057,2.1935163671476805,3.2440878368397668,3.242828669811445,3.24165977857397,3.207401794407303,3.075513320849486,3.20713430301805,3.0765246814567253,2.1642176674006053,2.1671522676690707,2.6961139070836286,2.225295472299885,2.159375626284765,2.153755058935196,2.1548806002718943,2.2227060403728616,2.1694244474359112,2.1574172159410967,2.158178227574445,2.151709128213136,2.156110226194756,0.0,2.09052408516101,2.1050214574626915,2.1523877995740937,0.0,0.0,0.0,0.0,0.0,0.0,0.0,0.0,0.0,0.0,0.0,0.0
scenario_3,run_6,3.576617931511643,4.743523495401059,4.859504115077748,4.828889333427147,4.221120350453007,3.320281657003607,4.4902913768349615,3.3704640659859697,2.3417860385190803,2.335536016683156,2.329429867113987,3.317370138156421,3.279978813499792,2.372803149443367,2.3243724438514057,2.347406272932102,2.3383648993087736,2.3405416516568334,2.081091246615301,2.0866362803207523,2.086023887763059,2.081237827946209,2.0855691813795247,2.088733904188194,2.090730977406194,2.082542213337343,2.029702957163715,2.019811854615839,1.7148102275150685,2.016933501650011,1.9042128078548013,2.014023111041682,2.0267305661798685,1.8974668948664344,1.8672322016119665,1.972387246836562,1.90965371879474,1.8238480963189136,1.83110306216957,1.8419768662903804,1.9084810914646293,1.966184003933267,1.915148781266974,1.8256505616792733,1.8897343495147507,1.828514830931251,1.868478308551284,0.0,0.0,1.904205816561081
scenario_3,run_7,3.1902937853192554,4.70267566746284,3.2054737262697617,5.354678603328352,3.533907532024776,3.672722115924722,3.291962476992273,1.570369353995577,1.609947228606446,1.5712223657955993,1.6112958267781483,1.5998953955760298,1.609415993346456,0.0,1.6090101607069638,0.0,1.5683630404614606,1.421291179522438,0.0,0.0,1.567141177912912,0.0,1.5823313333173292,0.0,0.0,1.855167579631112,0.0,0.0,0.0,0.0,0.0,0.0,0.0,0.0,0.0,0.0,0.0,0.0,0.0,0.0,0.0,0.0,0.0,0.0,0.0,0.0,0.0,0.0,0.0,0.0
scenario_3,run_8,2.369950542502329,4.500421895314328,2.283445251449258,2.3317211239348654,2.336630451429824,2.2826437750954534,2.265129814658125,2.3231330375179127,2.258948562068551,2.275077902731368,2.2680671429503474,2.272320003066486,2.275551677938481,2.265593844608972,2.263950228259239,2.2613022630463724,2.257415001347417,2.2653255485217985,2.254934145713377,2.257507522675481,2.263746982420769,2.255884412805055,2.263877838775247,2.223928455789671,2.2641347338811704,2.255269920919688,2.253951627809184,2.253369687882857,2.2548892973095764,2.252914835156682,2.26389534031652,2.2606387064646025,2.2561355592636048,2.262846006643993,2.2540422390153294,2.2523265279529734,2.255116332613942,2.2868389541049736,2.267186421440608,2.252141205577343,2.248284814646892,2.2607994960571025,2.266862378332128,2.2493171015318194,2.254408236909644,1.602988084798593,2.2737720328434774,2.258113666613565,2.258694220640739,2.2284006512338177
scenario_3,run_9,2.067645396855155,4.189652373503624,3.452905383421556,1.58497060268444,2.511774750382678,3.366466138704125,3.350587463590176,3.3701647390926137,3.358645419466922,3.366000893046204,0.0,0.0,2.364008797859117,0.0,0.0,0.0,0.0,0.0,0.0,0.0,0.0,0.0,0.0,0.0,0.0,0.0,0.0,0.0,0.0,0.0,0.0,0.0,0.0,0.0,0.0,0.0,0.0,0.0,0.0,0.0,0.0,0.0,0.0,0.0,0.0,0.0,0.0,0.0,0.0,0.0
scenario_3,run_10,4.292544111835489,3.964882983591154,4.297363835726215,4.036477472564785,4.010816464956518,4.050951719451376,3.932421035702893,4.05407703771056,4.001725701858481,4.044099458569597,1.6755757782351988,1.7219479927363504,3.2454892479832176,3.2452777172978013,3.243318585616227,3.24404364100072,2.169442239140628,1.7371455162554164,3.243077207655325,3.2416607135057003,0.0,0.0,0.0,0.0,0.0,0.0,0.0,0.0,0.0,0.0,0.0,0.0,0.0,0.0,0.0,0.0,0.0,0.0,0.0,0.0,0.0,0.0,0.0,0.0,0.0,0.0,0.0,0.0,0.0,0.0
scenario_4,run_1,2.659235577628379,4.926637862895243,4.278570032136946,3.728471255451841,3.5587729771625964,2.348638458968383,0.0,1.63000074363114,1.6300109171065131,0.0,0.0,0.0,0.0,0.0,0.0,0.0,0.0,0.0,0.0,0.0,0.0,0.0,0.0,0.0,0.0,0.0,0.0,3.454717583588223,3.461609954385274,1.984535309274248,1.9082343232094945,1.6960006047878788,1.6573853104378349,0.0,0.0,0.0,0.0,0.0,0.0,0.0,0.0,0.0,0.0,0.0,0.0,0.0,0.0,0.0,0.0,0.0
scenario_4,run_2,2.02726890514255,1.9343613798454065,1.9335912627387184,1.941692214247157,1.933939415687072,0.0,1.934339012485341,2.6251609625997454,2.877706872303892,0.0,0.0,0.0,0.0,0.0,0.0,0.0,0.0,0.0,0.0,0.0,0.0,0.0,0.0,0.0,0.0,0.0,0.0,0.0,0.0,0.0,0.0,0.0,0.0,0.0,0.0,0.0,0.0,0.0,0.0,0.0,0.0,0.0,0.0,0.0,0.0,0.0,0.0,0.0,0.0,0.0
scenario_4,run_3,2.5799860989789964,3.527034407281534,1.519492145560304,1.5370661998612611,1.5664625064287212,3.010626877090508,1.8536576143476664,1.565667658618512,1.566619895158706,2.056423146083157,2.022067033777846,1.5656285688649811,1.5622713686065932,1.5654040874118018,1.5641723653718804,1.562819077958674,1.5622509855082154,1.564981707937,1.563499487038963,0.0,1.566060480233765,1.564622864761216,1.5635750011256355,0.0,1.5630662196325822,0.0,0.0,1.757369593165787,1.7571653253621409,1.758761277485182,1.7584937323095475,1.756842973883181,1.7581236397957505,1.7570887541457767,1.7591626288704223,1.7568686620502976,1.758450605758052,1.7570860233076446,1.7570167974456106,1.7571239387945992,1.7580030954904533,1.7562273531540484,1.757790425649594,1.7578450532761585,1.7584774168596404,1.7575579554482623,1.7572463256451325,1.7575712491929627,1.7558348821777576,1.7576952678536888
scenario_4,run_4,3.6004521014559185,2.8170414941680555,2.863429531826122,3.424743645989292,3.3696101820738105,2.702064555964947,3.3667867934799296,3.3696101820738105,3.328369504209816,2.285083199904678,1.7013217929042994,2.288462875169872,2.2817760882949765,1.6983472152037082,1.7021473719010014,1.7012260466161293,1.7018723741072015,1.7017611291761652,1.7022819703657976,1.7003612983006384,1.7005909544950706,0.0,1.701041542878745,0.0,0.0,0.0,0.0,0.0,0.0,0.0,0.0,0.0,0.0,0.0,0.0,0.0,0.0,0.0,0.0,0.0,0.0,0.0,0.0,0.0,0.0,0.0,0.0,0.0,0.0,0.0
scenario_4,run_5,2.6093672821044684,2.6090730742440966,3.549730583305704,3.549628893546456,1.9090065248307715,1.9455674919610133,1.783567490327122,1.788775270979063,2.72794946813589,1.7964419079888927,1.7608952989530116,1.733924740717836,1.721490877017269,1.7138165232711386,1.6993129904668138,1.6893273691026922,1.6992214798220269,1.7013357290068285,1.7013883256595368,1.7001663914891654,1.702346367648525,1.7029042360120223,1.700873308021425,1.7009239686193995,1.7011377801556935,1.7019898256425885,1.7004409609731537,0.0,0.0,0.0,0.0,0.0,0.0,0.0,0.0,0.0,0.0,0.0,0.0,0.0,0.0,0.0,0.0,0.0,0.0,0.0,0.0,0.0,0.0,0.0
scenario_4,run_6,2.9967875045896144,3.971701680235852,2.208563655366363,2.2987477114205284,2.4230435553827427,1.720559229988068,2.077649529038294,2.4953379983579302,3.5853396184523816,1.7692661995532302,3.4901666389172723,1.7690467483393333,0.0,0.0,0.0,0.0,0.0,0.0,0.0,0.0,0.0,0.0,0.0,0.0,0.0,0.0,0.0,0.0,0.0,0.0,0.0,0.0,0.0,0.0,0.0,0.0,0.0,0.0,0.0,0.0,0.0,0.0,0.0,0.0,0.0,0.0,0.0,0.0,0.0,0.0
scenario_4,run_7,3.140350076027559,3.5612043114366467,2.477560783511607,2.04834093152471,2.5392692071995007,3.2743779464213225,2.56634529079158,2.5817756505080904,1.9250420753528985,1.9260405653617128,2.49029484829757,1.5760096445411518,2.238440188828067,2.2102263155873394,2.050411372968149,2.069665961947087,2.2093181801119086,2.04080586714485,1.79371131401432,2.209159334733452,1.7649157091939425,1.793146073332112,1.7952282137178912,1.7903334336281458,1.7769817957562537,0.0,0.0,0.0,1.595983438477972,0.0,1.477303916476392,0.0,0.0,0.0,0.0,0.0,0.0,0.0,0.0,0.0,0.0,0.0,0.0,0.0,0.0,0.0,0.0,0.0,0.0,0.0
scenario_4,run_8,2.434456036118185,2.7745303313016625,3.47878990843628,3.25429303037582,3.50324156865562,2.814850792746303,3.4477245183299403,3.3972961787649023,3.4551785053916264,3.4468599344676387,2.5867385250309693,1.9888788816243057,1.985621020903082,2.36075456420179,1.99046401593268,2.361770791159349,1.5898851225220063,1.989773594265441,1.548613074720452,2.361830532647196,2.3607123740137896,1.57416214487399,1.5818950226678146,1.4968107411290037,1.5682015154410314,0.0,1.5805633079286612,1.976954849428435,1.9703817386097808,1.975842865309894,2.0096762693119232,2.00731768068633,1.976623428024329,1.969483176645361,1.9679277357182887,1.960129562114826,1.9649532402226195,1.968347808272468,1.9302837497382448,1.964172810603121,1.963259300146808,1.972312560430155,1.9216023192232787,1.97203777608882,1.9716004921061483,1.9690741679565504,1.6211376819821102,1.972176593802889,1.9712639672022751,1.970359404727277
scenario_4,run_9,3.474734798918111,3.473103644406448,3.485173308122156,2.76161127037489,3.4712395249583343,1.6713956904188374,1.6731306371367456,1.5356857514982578,3.471797847070461,1.6721533999701774,1.6721169381192251,1.651045621782392,1.6702635000417807,1.6490559024464335,0.0,0.0,0.0,0.0,0.0,0.0,0.0,0.0,0.0,0.0,0.0,0.0,0.0,1.760222628390332,1.6856164464739332,0.0,2.17025263639734,0.0,0.0,0.0,1.916931268584855,0.0,0.0,0.0,0.0,0.0,0.0,0.0,0.0,0.0,0.0,0.0,0.0,0.0,0.0,0.0
scenario_4,run_10,3.534076970619167,4.022845551417653,4.730584645236202,2.869417555612112,2.800216185534357,2.48550639485266,2.7134752966744307,2.6449463643654028,2.723480544684355,2.349926632898555,2.332892617034049,2.6874451680623084,2.739885524919204,2.2206714478443224,2.7179828520968483,2.046648798580903,2.4341888449524687,2.047363835734465,2.153478555422548,2.377428763856541,2.748715067501532,2.704968957083929,1.6230347397251037,0.0,1.6209606177790834,1.5625308871243178,1.6781975006469034,2.0576662073127423,2.0715779421657285,2.069803884298464,2.070951577520546,2.0699079688264828,2.071853273815511,2.0709991344656378,2.071604227041003,2.070779663361437,2.071443514436208,2.070614197010556,2.0148375205378324,2.070504357618266,2.0160349228498884,2.0165206104108004,2.0294191474950303,2.016279849448241,2.0289266460470547,2.018711525594062,2.0164415844497903,2.016611487904524,2.014974866358697,2.015199146279081
scenario_5,run_1,3.6920386036341855,4.5980206527724246,5.011493018285258,3.682302329250662,4.1727646301590005,4.4657736200595615,4.3050904279654665,1.5512711860662776,1.535969638643031,0.0,4.227420454278721,0.0,1.555341865048415,1.5222725525336938,0.0,1.3859382898125567,0.0,1.4341898747198971,0.0,0.0,0.0,1.432336026624592,0.0,0.0,0.0,1.398418144210117,0.0,0.0,1.39425077134361,0.0,0.0,0.0,0.0,0.0,0.0,1.4648414841525117,0.0,0.0,0.0,0.0,0.0,0.0,1.4528203357977536,0.0,0.0,1.4928734633525802,0.0,0.0,0.0,0.0
scenario_5,run_2,3.7148101305797256,2.064500114627021,4.958402944999268,5.365543344233583,5.0462387396900485,4.828507379928944,4.879544274548915,1.746508048775438,4.793391430563248,4.527018533098514,1.7639880488611497,4.857212405227534,4.853615914296912,1.7617126237876553,1.614052154383198,1.7646027608175772,0.0,4.616687084389896,1.7653986108862263,1.384565406053406,1.485833754767364,1.518478453052119,1.740921190629427,1.464729552352539,1.417565505504479,0.0,1.502734600416166,1.5614552892242075,1.407698095947222,0.0,1.4660543968737598,1.5260350630976116,1.5005117002983628,0.0,1.467375605556429,1.4135147603582223,1.4590661024894018,1.403418378598247,1.3872919312842191,1.4549533698934023,1.4176831004306685,1.4683735232327733,0.0,1.3925486748162876,0.0,0.0,0.0,0.0,1.414222768939727,0.0
scenario_5,run_3,4.873210047398771,3.8109986634212647,4.04397754894171,3.862257538420794,2.950941314362349,3.570729451934842,3.7087522439352174,3.457745752578612,3.629295436157871,3.640421629187423,3.529154247431272,3.5906767055612967,3.5271152798276253,3.504128909240282,2.5820753565697907,2.615105346767028,2.534330615334872,2.503310959392084,2.4655791041747515,2.404849859083694,2.447071871291345,2.477481206662407,2.475819716858379,2.460065405437511,2.4806472839387506,2.346443763470405,2.468079797311197,2.327474407701996,2.332405598977203,2.3027980153324616,2.3344078018966066,2.2893527729269065,2.324357229288748,2.351883148049669,2.28941882296183,2.4047488562947,2.3234419727491527,2.355378223667611,2.2967430965739686,2.302719748329551,2.3781028330451,2.3341071791102133,2.3102105394999133,2.2970058793533905,2.312175861008186,2.3379123239389936,2.3138938836978973,2.279754862122509,2.352200697042706,2.264806886532613
scenario_5,run_4,2.3609732088737485,4.888599531386975,3.8118928643116337,3.3926063743147257,3.4989924817676648,3.514494140828784,3.738793469495228,3.432239123869084,2.570304972723592,1.929615439097596,3.6224336847830063,3.6224336847830063,2.7570854355551733,3.6224336847830063,3.6224336847830063,3.6224336847830063,2.806965624442481,3.6224336847830063,3.6224336847830063,2.433504511668944,2.398066462699344,3.3747210283351805,3.433928662921712,3.3190645666630263,3.6224336847830063,3.6224336847830063,2.4238566304805764,3.6224336847830063,3.095517055154076,3.6224336847830063,3.6224336847830063,3.6224336847830063,3.6224336847830063,3.6224336847830063,3.6224336847830063,3.28875713518268,3.6224336847830063,3.6224336847830063,2.804397206019898,2.9681978250458907,3.487270586550089,3.2830811997987386,3.655065439641937,3.2460380634755857,2.737272488278967,3.5692414199484235,3.575462357228289,3.61959104714887,3.5536848537881776,3.5924092471374145
scenario_5,run_5,2.4588973680987274,2.557268470877037,2.4381146178435453,2.45089062666872,2.488617226001753,2.4203390561384506,1.673312382789374,1.6363490470847548,2.413921070361846,1.5192936000368484,1.5364259028704823,1.4772537491715472,1.5113427099091037,1.582538489569805,1.6602787105717405,1.644832376244573,2.641723236476424,2.7207619634537465,2.602011929531026,1.659245899817504,2.830921942090284,2.58415365789382,2.600359707884949,2.515711811084836,2.590441526657944,2.613956217088872,2.474944032039199,2.457496030461736,2.4391707982248465,2.469449421706449,2.477491012770686,2.448937862669613,2.413465883894021,2.4191704598430097,2.4387179836190973,2.423007644450001,2.4642867173655456,2.408954532291255,2.430222416810999,2.384542419321869,2.398367297268008,2.450820604909309,2.487819109406989,2.349394898144596,2.40935704903272,2.412054959207309,2.4055897771975703,2.394999186515744,2.357057939649115,2.297575903555487
scenario_5,run_6,2.9941444683235514,3.161922904455353,2.989205546398022,2.962350428369136,2.895494658681314,3.0334424607494133,2.9182254736207422,2.8737837606883696,2.2706397686391666,2.65726241954765,2.944113924147686,2.698674763364645,2.87378640261551,2.639356080853733,2.7989760762164018,2.097308496839372,2.0638789325339126,2.037262798244992,1.9905675490408208,2.094916931088545,2.0453310586191,2.0072905231867613,1.975835921643868,2.0316081294944897,2.060253542012247,2.0038174222858536,1.984007551747729,2.008615671818869,1.976196002670979,2.020101668452973,1.962710944918847,1.9918199866812247,1.965005496397328,1.9656088270758096,2.011741995628559,2.0009355955968338,2.0199268540453086,1.945700422721604,1.9615703584557187,1.9388238768688943,1.98247766629118,1.9677832035731748,2.0276089158339663,1.9128726075365323,1.9653537643200287,1.920245416049681,1.8794298966814773,1.9008297383583697,1.909005641199455,1.8772761488670835
scenario_5,run_7,3.188160882497612,4.974143467447636,1.508726798010411,4.482803006767696,4.980237145742512,1.6874706699180202,1.6191796199730564,4.9820617825596685,0.0,2.668424168185953,3.2367126167956526,0.0,0.0,0.0,0.0,0.0,0.0,0.0,0.0,0.0,0.0,0.0,0.0,0.0,0.0,0.0,0.0,0.0,0.0,0.0,0.0,0.0,0.0,0.0,0.0,0.0,0.0,0.0,0.0,0.0,0.0,0.0,0.0,0.0,0.0,0.0,0.0,0.0,0.0,0.0
scenario_5,run_8,3.1059491707464857,3.020460273818653,3.1705551258361138,0.0,0.0,0.0,0.0,0.0,0.0,0.0,0.0,0.0,0.0,0.0,0.0,0.0,0.0,0.0,0.0,0.0,0.0,0.0,0.0,0.0,0.0,0.0,0.0,0.0,0.0,0.0,0.0,0.0,0.0,0.0,0.0,0.0,0.0,0.0,0.0,0.0,0.0,0.0,0.0,0.0,0.0,0.0,0.0,0.0,0.0,0.0
scenario_5,run_9,3.710289372764693,1.8388333829396613,4.45426265549532,4.698921971412366,4.402310313703902,3.7652501208366655,3.6580808982921846,3.611838648190669,2.824063202226142,3.634999119424804,3.5477498895594968,3.5477498895594968,3.5477498895594968,3.546862085917656,3.546862085917656,3.546862085917656,3.546862085917656,3.5477498895594968,3.546862085917656,3.546862085917656,2.611337279092334,2.7059422529406545,3.387321632009176,3.546862085917656,3.546862085917656,3.546862085917656,3.546862085917656,3.546862085917656,3.546862085917656,3.546862085917656,1.961334991856319,3.546862085917656,3.546862085917656,3.546862085917656,3.546862085917656,3.546862085917656,2.010437581466076,3.481943784934596,2.175016620459405,3.546862085917656,3.546862085917656,3.529116516677962,3.53436884346856,3.537229514516008,3.546862085917656,3.537248425560688,3.537248425560688,3.537611610967628,3.546862085917656,3.546862085917656
scenario_5,run_10,3.2162640061449057,3.35392633401866,2.9459871149481094,3.318209259499866,3.310421858568675,3.077315367286184,3.0683731235527545,3.097544172132282,3.031402920210968,3.0257146486417312,2.9680203536497527,2.9583108607405944,2.99154800859254,2.9790123061469496,2.989282610863746,2.973562004568932,2.973380669095222,2.965238860306588,2.905208546082988,2.9724387894338804,2.9398553363633293,2.978814320743742,2.89692403627964,2.934557440439785,2.919895665164066,2.9398127196339665,2.944407406916961,2.908815246422072,2.871015022560944,2.8596509460068087,2.793238358655292,2.9046106132772627,2.9036902541618166,2.9104631541755954,2.8557546236254185,2.87824150057838,2.8884949611570314,2.9085228353038843,2.9188907753184057,2.8730956239823424,2.8764442796288567,2.8889235561240687,2.893529677852419,2.8878352596683468,2.872260011314951,2.919822590414809,2.9053044925566875,2.8840390627015724,2.8579817037879454,2.838413152789155
scenario_6,run_1,2.232833753091496,3.373490251647276,3.285817096573485,2.315696554544393,2.379947867416784,2.2170961224732544,2.2335724145775693,2.198094170331069,2.2130925922713605,2.215472900611671,2.179674385620266,1.971029142216847,2.195801267966033,2.1528632516877773,1.5727365835318716,1.5547507829716736,1.5353465232415602,1.551550103765883,0.0,1.5365192039776665,0.0,0.0,0.0,0.0,0.0,0.0,0.0,0.0,0.0,0.0,0.0,0.0,0.0,0.0,0.0,0.0,0.0,0.0,0.0,0.0,0.0,0.0,0.0,0.0,0.0,0.0,0.0,0.0,0.0,0.0
scenario_6,run_2,4.924238952683687,4.560818129179187,3.4882133205389123,2.126969470171664,2.0537099335949427,2.10160854936696,2.071834587845457,2.056532531079787,2.176121625435015,1.7279849707118455,2.0182324507196943,1.7546357896860358,1.939140895546924,2.0522816765744394,1.7290467807692262,1.7277796430861774,1.869501401434899,1.7272278048778913,1.7302389662350983,1.7287461205193424,1.7273798263415057,1.725718851851724,1.7031439142143885,1.7043954310825455,1.7734163006270338,1.7302234037913713,1.7293321764133565,1.7056522215260534,1.7828477449539346,1.729330343431459,1.735753550196143,1.693840425512963,1.7040265180692182,1.736635901663412,1.721880462191851,1.7151448729732286,1.7044712225384582,1.7302839099898686,1.7157683155851986,1.7089757499330824,1.7068534195259188,1.726416016174596,1.68374817700946,1.727040624351541,1.6114917002024345,1.6818432379967794,1.6572055716975111,1.6619389596037564,1.6785433232975278,1.6323973790923811
scenario_6,run_3,4.906322845420345,4.918054461864446,3.799790099706125,3.6803508374669134,3.2541765127264743,4.026986874101807,3.125443136925101,3.813931936321284,3.750681163306466,3.450539429411527,3.058006979776644,0.0,0.0,0.0,3.257245895949813,0.0,0.0,3.4375417041159304,0.0,0.0,0.0,0.0,0.0,0.0,0.0,0.0,0.0,0.0,0.0,0.0,0.0,0.0,0.0,0.0,0.0,0.0,0.0,0.0,0.0,0.0,0.0,0.0,0.0,0.0,0.0,0.0,0.0,0.0,0.0,0.0
scenario_6,run_4,0.0,2.244803568467354,0.0,2.5657820647038982,0.0,2.1306548828261263,2.307073962926528,2.3242960324957296,2.8984242238702183,0.0,4.52900318005075,4.767835042971093,0.0,0.0,0.0,0.0,0.0,0.0,0.0,0.0,0.0,0.0,0.0,0.0,0.0,0.0,0.0,0.0,0.0,0.0,0.0,0.0,0.0,0.0,0.0,0.0,0.0,0.0,0.0,0.0,0.0,0.0,0.0,0.0,0.0,0.0,0.0,0.0,0.0,0.0
scenario_6,run_5,1.6027734539978713,3.041530041308828,3.991134001201357,2.8195787801186425,3.967257248565544,3.0583943870277057,3.796271609522113,3.0799629598132463,3.150300838497259,3.164287030940856,2.505470719813845,2.537958686344098,3.038147376363436,2.569551852203194,2.509012859175847,2.3436400674630544,2.148004989630216,2.129009332353384,2.613985261406691,2.259547455639716,2.1456352119538544,2.0980229146499894,2.2571920793537745,2.255835990244533,2.168294498611908,2.1765618521691383,2.343991992477525,2.342943921234702,2.338862310273284,2.314747936790307,2.305773635645753,2.30624434869199,0.0,1.9849968550870207,0.0,0.0,0.0,0.0,0.0,0.0,0.0,0.0,0.0,0.0,0.0,0.0,0.0,0.0,0.0,0.0
scenario_6,run_6,2.765435420404075,3.838174397551493,3.6280662779918265,3.883233546301758,3.834539625720765,2.20593810386362,3.8671148251878944,3.949585289514769,3.922574580506732,3.964848246685384,3.0112594160320616,3.831218216883568,3.913584173216648,3.892196519429815,3.1222304345521854,3.956313982533808,3.525462396782961,3.960629756183767,3.6034302573845705,3.958843344276248,3.963837724201232,3.926427197999937,2.056946082833285,3.9590757697226624,3.956332958396577,3.6489036189251776,3.9603822536993536,3.960880346554851,3.307127423765163,3.9326451985902606,3.9285630488365375,3.964226474901781,3.8754232511067146,3.971565762521175,3.9460946897128015,3.876821350020937,3.9500976792101214,2.2237728365963325,3.9361466906282,3.961824091102445,3.8393703808951343,3.956782983470822,2.3360705655676752,3.909225122967558,3.9657271623529167,3.9465528514429895,3.96724869345096,3.964485237767469,3.953211821246091,3.961686432549834
scenario_6,run_7,4.925893081756972,4.814711574578931,4.899277915023403,4.8969535102146,4.907907103088915,4.895438227966627,4.8928408141749005,4.264675064324895,4.894070421577541,3.283569867083092,2.737136504441685,4.894208970397928,4.891103510993859,3.364367642089697,4.852684767703728,4.893068633530345,4.535287465799717,1.977640639836104,1.950557669763009,3.414402104719695,3.1666561519359027,3.168210347551557,3.165676386096857,3.4044431270174016,3.167164742954045,3.365207367810515,3.3840425499396622,3.400401695494133,3.3641804412649368,3.37065062172697,3.3720803126961822,3.366752302350867,3.396340101578342,3.3644706603203947,3.41321251460157,3.3770755681964064,3.413615160558686,3.361324035094569,3.36988676923882,3.3977240503138937,3.3619860631280947,3.386349369445091,3.3821765018260006,3.399465556689692,3.420144287743144,3.398036866515789,3.3770284761432308,3.391576166791641,3.3799578694177064,3.375507756594167
scenario_6,run_8,5.913003707035911,2.180638587980134,2.269630996968575,5.359416640368581,4.921642495756692,2.0930997969346,1.965322779406368,1.478309309964031,1.7884336157156973,2.234207604563174,1.7723495795399105,1.744010260031882,1.6395786271212849,1.7118781002539811,1.7318078777181725,1.63550524066155,1.7258275738101525,1.6681289167844493,0.0,0.0,0.0,0.0,0.0,0.0,0.0,0.0,0.0,0.0,0.0,0.0,0.0,0.0,0.0,0.0,0.0,0.0,0.0,0.0,0.0,0.0,0.0,0.0,0.0,0.0,0.0,0.0,0.0,0.0,0.0,0.0
scenario_6,run_9,3.6107739617352834,3.3079418890806,3.0985584923583707,1.729419705145552,2.030058678258618,1.7782938862517932,2.0302095570077165,1.708280407470724,1.7296081212880516,1.7470498528176668,2.005339061803692,1.997783949843034,1.4411901243605658,1.843550953324789,1.618849028665489,0.0,1.6089836729972238,0.0,0.0,0.0,0.0,0.0,0.0,0.0,0.0,0.0,0.0,0.0,0.0,0.0,0.0,0.0,0.0,0.0,0.0,0.0,0.0,0.0,0.0,0.0,0.0,0.0,0.0,0.0,0.0,0.0,0.0,0.0,0.0,0.0
scenario_6,run_10,3.5365865989885488,1.9045124086963143,1.8964728940162523,3.230112212678171,3.270291149821316,3.5528186237010715,3.187973738924708,3.257365710773151,3.2521075120157645,3.23791323183499,3.222207487745828,3.1858933885092595,3.159483201028757,1.955174091719616,2.9104854260205486,3.1674158518999445,3.202525623313276,3.2112307769506,3.2395223973084484,2.826266375734775,2.4627918646048093,3.150565566816211,3.1897584962787944,3.139735768477391,3.2266306444012405,3.191056214093787,2.457315144975085,3.2450870352394343,3.179032643934298,3.242399070730788,2.340398021009705,3.1298062411731378,3.1014245856999167,3.0904741526618738,3.165767680065617,3.0868532521458047,3.1366258546079364,3.097375100288521,2.875161652030684,3.147749329518248,2.4625518023442368,3.13402236350865,2.4881908966776374,2.48194995421254,2.473483187402157,2.341736275093083,2.4725993110237643,2.469999451562752,2.255693722362204,2.451641729856324
